TransactionID,Date,ProductName,Category,Region,SalesChannel,Quantity,UnitPrice,TotalAmount,PaymentMode,CustomerID
T000001,13-04-2025,Smartphone,Electronics,North,Offline,4,"? 68,655.00","? 2,74,620.00",Net Banking,C01057
T000002,15-12-2025,Gaming Chair,Furniture,East,Online,4,"? 11,949.00","? 47,796.00",Credit Card,C00011
T000003,28-09-2025,Power Bank,Accessories,East,Online,4,"? 3,267.00","? 13,068.00",Cash,C01468
T000004,17-04-2025,Smartwatch,Accessories,East,Offline,1,"? 10,010.00","? 10,010.00",Credit Card,C01778
T000005,13-03-2025,Webcam,Accessories,North,Offline,2,"? 8,939.00","? 17,878.00",Cash,C01782
T000006,08-07-2025,Headphones,Accessories,East,Offline,3,"? 1,016.00","? 3,048.00",Cash,C02238
T000007,21-01-2025,Printer,Electronics,West,Offline,3,"? 13,959.00","? 41,877.00",Net Banking,C01839
T000008,13-04-2025,Power Bank,Accessories,South,Online,1,"? 3,822.00","? 3,822.00",Net Banking,C01425
T000009,02-05-2025,Smartwatch,Accessories,West,Online,1,"? 15,185.00","? 15,185.00",Cash,C00842
T000010,03-08-2025,Printer,Electronics,North,Offline,2,"? 19,303.00","? 38,606.00",Credit Card,C01608
T000011,27-11-2025,Speaker,Accessories,East,Offline,4,"? 2,766.00","? 11,064.00",UPI,C02293
T000012,29-03-2025,Printer,Electronics,South,Offline,1,"? 6,478.00","? 6,478.00",Cash,C02441
T000013,10-04-2025,Gaming Chair,Furniture,East,Offline,5,"? 28,680.00","? 1,43,400.00",Net Banking,C01107
T000014,26-12-2025,Smartphone,Electronics,East,Online,4,"? 18,977.00","? 75,908.00",Credit Card,C01138
T000015,01-06-2025,Gaming Chair,Furniture,South,Online,1,"? 14,068.00","? 14,068.00",Credit Card,C01093
T000016,11-05-2025,Webcam,Accessories,South,Online,5,"? 5,774.00","? 28,870.00",UPI,C00813
T000017,30-05-2025,Printer,Electronics,West,Offline,2,"? 18,740.00","? 37,480.00",UPI,C00107
T000018,05-11-2025,Tablet,Electronics,West,Online,5,"? 32,797.00","? 1,63,985.00",Cash,C00360
T000019,15-09-2025,Headphones,Accessories,West,Offline,1,"? 8,791.00","? 8,791.00",Credit Card,C02198
T000020,10-12-2025,Laptop,Electronics,West,Online,3,"? 50,485.00","? 1,51,455.00",Cash,C00930
T000021,21-10-2025,Gaming Chair,Furniture,West,Online,1,"? 20,280.00","? 20,280.00",Cash,C01862
T000022,11-07-2025,Laptop,Electronics,North,Online,3,"? 80,695.00","? 2,42,085.00",Credit Card,C00099
T000023,04-10-2025,Laptop,Electronics,North,Offline,2,"? 87,441.00","? 1,74,882.00",Net Banking,C01969
T000024,10-06-2025,Printer,Electronics,East,Online,2,"? 6,337.00","? 12,674.00",Credit Card,C00812
T000025,10-11-2025,Speaker,Accessories,East,Offline,4,"? 10,552.00","? 42,208.00",Cash,C01838
T000026,22-01-2025,Monitor,Electronics,West,Online,4,"? 23,092.00","? 92,368.00",UPI,C01921
T000027,10-09-2025,Smartwatch,Accessories,East,Online,3,"? 4,003.00","? 12,009.00",Credit Card,C01876
T000028,24-08-2025,Smartwatch,Accessories,North,Online,3,"? 3,471.00","? 10,413.00",Net Banking,C00599
T000029,11-12-2025,Printer,Electronics,North,Offline,2,"? 29,111.00","? 58,222.00",UPI,C02350
T000030,18-02-2025,Tablet,Electronics,East,Online,5,"? 37,696.00","? 1,88,480.00",Credit Card,C01241
T000031,28-02-2025,Tablet,Electronics,West,Offline,3,"? 16,489.00","? 49,467.00",Net Banking,C01608
T000032,19-06-2025,Mouse,Accessories,North,Online,3,"? 1,101.00","? 3,303.00",Cash,C02229
T000033,07-07-2025,Printer,Electronics,South,Online,5,"? 26,772.00","? 1,33,860.00",UPI,C01441
T000034,28-09-2025,Keyboard,Accessories,South,Online,4,"? 4,735.00","? 18,940.00",Net Banking,C00685
T000035,09-07-2025,Gaming Chair,Furniture,East,Online,4,"? 17,365.00","? 69,460.00",Net Banking,C02240
T000036,24-06-2025,Smartphone,Electronics,West,Offline,3,"? 49,373.00","? 1,48,119.00",Cash,C02142
T000037,20-02-2025,Laptop,Electronics,East,Offline,4,"? 55,664.00","? 2,22,656.00",Credit Card,C00899
T000038,30-12-2025,Smartphone,Electronics,West,Offline,4,"? 38,323.00","? 1,53,292.00",Credit Card,C01688
T000039,24-02-2025,Gaming Chair,Furniture,West,Online,4,"? 29,501.00","? 1,18,004.00",UPI,C00972
T000040,01-09-2025,Gaming Chair,Furniture,South,Online,2,"? 13,379.00","? 26,758.00",Net Banking,C01351
T000041,16-11-2025,Laptop,Electronics,North,Online,1,"? 94,353.00","? 94,353.00",Credit Card,C01832
T000042,11-05-2025,Camera,Electronics,North,Online,3,"? 87,660.00","? 2,62,980.00",Credit Card,C01489
T000043,03-11-2025,Camera,Electronics,East,Online,3,"? 51,536.00","? 1,54,608.00",UPI,C02482
T000044,15-05-2025,Printer,Electronics,East,Offline,2,"? 10,991.00","? 21,982.00",Cash,C00330
T000045,21-01-2025,Webcam,Accessories,West,Offline,1,"? 8,294.00","? 8,294.00",Credit Card,C01143
T000046,25-11-2025,Camera,Electronics,North,Offline,1,"? 48,359.00","? 48,359.00",Credit Card,C00021
T000047,16-06-2025,Webcam,Accessories,West,Online,2,"? 3,872.00","? 7,744.00",Cash,C02069
T000048,01-10-2025,Power Bank,Accessories,South,Online,5,? 950.00,"? 4,750.00",Net Banking,C00316
T000049,30-03-2025,Gaming Chair,Furniture,South,Online,5,"? 23,905.00","? 1,19,525.00",Net Banking,C00618
T000050,12-11-2025,Router,Networking,West,Online,1,"? 3,159.00","? 3,159.00",Cash,C00745
T000051,14-01-2025,Monitor,Electronics,West,Offline,5,"? 30,523.00","? 1,52,615.00",Net Banking,C01089
T000052,30-08-2025,Webcam,Accessories,West,Online,5,"? 8,699.00","? 43,495.00",Credit Card,C00149
T000053,22-09-2025,Mouse,Accessories,West,Offline,5,"? 2,719.00","? 13,595.00",Net Banking,C01207
T000054,12-12-2025,Webcam,Accessories,West,Offline,1,"? 4,383.00","? 4,383.00",Credit Card,C00282
T000055,22-02-2025,Tablet,Electronics,South,Online,5,"? 24,133.00","? 1,20,665.00",UPI,C00113
T000056,06-12-2025,Monitor,Electronics,South,Offline,3,"? 32,187.00","? 96,561.00",Cash,C01237
T000057,02-04-2025,Smartphone,Electronics,South,Offline,1,"? 43,571.00","? 43,571.00",Credit Card,C01070
T000058,21-09-2025,Smartphone,Electronics,East,Online,2,"? 41,991.00","? 83,982.00",Net Banking,C02494
T000059,04-02-2025,Speaker,Accessories,South,Offline,5,"? 3,015.00","? 15,075.00",Credit Card,C01094
T000060,25-07-2025,Camera,Electronics,North,Online,4,"? 69,741.00","? 2,78,964.00",Net Banking,C02230
T000061,22-03-2025,Tablet,Electronics,North,Offline,1,"? 43,355.00","? 43,355.00",Credit Card,C01197
T000062,19-02-2025,Mouse,Accessories,West,Online,2,"? 1,791.00","? 3,582.00",Credit Card,C00981
T000063,26-12-2025,Laptop,Electronics,South,Online,3,"? 56,223.00","? 1,68,669.00",Net Banking,C02358
T000064,02-01-2025,Monitor,Electronics,West,Online,2,"? 22,197.00","? 44,394.00",UPI,C01247
T000065,23-02-2025,Power Bank,Accessories,West,Offline,5,"? 1,995.00","? 9,975.00",Cash,C01964
T000066,16-04-2025,Mouse,Accessories,North,Online,4,? 657.00,"? 2,628.00",Credit Card,C00343
T000067,17-09-2025,Headphones,Accessories,North,Online,5,"? 11,518.00","? 57,590.00",UPI,C01144
T000068,06-11-2025,Gaming Chair,Furniture,West,Online,2,"? 22,839.00","? 45,678.00",Cash,C02082
T000069,10-07-2025,Webcam,Accessories,North,Online,1,"? 4,105.00","? 4,105.00",Cash,C01972
T000070,06-08-2025,Smartwatch,Accessories,West,Offline,4,"? 4,538.00","? 18,152.00",UPI,C00390
T000071,13-02-2025,Camera,Electronics,West,Offline,4,"? 61,525.00","? 2,46,100.00",UPI,C00289
T000072,11-06-2025,Router,Networking,West,Offline,2,"? 3,256.00","? 6,512.00",Net Banking,C00971
T000073,21-07-2025,Laptop,Electronics,East,Offline,5,"? 78,651.00","? 3,93,255.00",UPI,C00567
T000074,27-09-2025,Headphones,Accessories,North,Offline,2,"? 2,360.00","? 4,720.00",Cash,C00765
T000075,17-12-2025,Webcam,Accessories,North,Offline,4,"? 3,873.00","? 15,492.00",Cash,C00556
T000076,31-10-2025,Laptop,Electronics,South,Offline,2,"? 83,963.00","? 1,67,926.00",Cash,C01124
T000077,28-09-2025,Laptop,Electronics,North,Online,4,"? 68,515.00","? 2,74,060.00",Credit Card,C01052
T000078,03-08-2025,Camera,Electronics,South,Online,5,"? 42,027.00","? 2,10,135.00",Cash,C00576
T000079,09-09-2025,Laptop,Electronics,West,Offline,1,"? 63,792.00","? 63,792.00",UPI,C00816
T000080,09-07-2025,Mouse,Accessories,East,Offline,1,"? 1,967.00","? 1,967.00",Net Banking,C02363
T000081,23-10-2025,Mouse,Accessories,West,Offline,2,"? 2,767.00","? 5,534.00",UPI,C00979
T000082,01-08-2025,Headphones,Accessories,West,Online,4,"? 4,343.00","? 17,372.00",UPI,C01851
T000083,27-07-2025,Webcam,Accessories,West,Offline,1,"? 8,781.00","? 8,781.00",Cash,C00683
T000084,25-08-2025,Router,Networking,South,Offline,4,"? 4,597.00","? 18,388.00",UPI,C01264
T000085,04-12-2025,Power Bank,Accessories,East,Online,5,"? 2,060.00","? 10,300.00",UPI,C00781
T000086,22-02-2025,Smartphone,Electronics,West,Online,2,"? 49,101.00","? 98,202.00",UPI,C00504
T000087,07-10-2025,Power Bank,Accessories,South,Online,4,"? 4,136.00","? 16,544.00",Credit Card,C01443
T000088,05-08-2025,Tablet,Electronics,West,Offline,2,"? 18,157.00","? 36,314.00",UPI,C00405
T000089,09-09-2025,Monitor,Electronics,East,Offline,4,"? 27,468.00","? 1,09,872.00",UPI,C01898
T000090,07-07-2025,Router,Networking,West,Offline,4,"? 4,887.00","? 19,548.00",Credit Card,C02202
T000091,10-02-2025,Monitor,Electronics,West,Online,5,"? 12,713.00","? 63,565.00",Credit Card,C02262
T000092,06-06-2025,Speaker,Accessories,North,Offline,2,"? 9,305.00","? 18,610.00",UPI,C01383
T000093,15-01-2025,Speaker,Accessories,South,Online,3,"? 6,601.00","? 19,803.00",UPI,C01780
T000094,28-10-2025,Keyboard,Accessories,East,Online,4,"? 3,131.00","? 12,524.00",UPI,C01371
T000095,06-03-2025,Webcam,Accessories,South,Online,4,"? 2,516.00","? 10,064.00",Credit Card,C02390
T000096,11-12-2025,Camera,Electronics,North,Offline,1,"? 40,446.00","? 40,446.00",Credit Card,C02471
T000097,23-11-2025,Printer,Electronics,West,Online,2,"? 14,507.00","? 29,014.00",Credit Card,C01463
T000098,09-01-2025,Speaker,Accessories,East,Online,3,"? 11,995.00","? 35,985.00",Cash,C02292
T000099,10-12-2025,Power Bank,Accessories,East,Online,5,"? 1,240.00","? 6,200.00",Cash,C01707
T000100,09-05-2025,Printer,Electronics,South,Online,3,"? 23,522.00","? 70,566.00",Net Banking,C00554
T000101,16-05-2025,Headphones,Accessories,West,Offline,5,"? 10,106.00","? 50,530.00",UPI,C01978
T000102,04-03-2025,Power Bank,Accessories,North,Online,3,"? 3,103.00","? 9,309.00",Net Banking,C01804
T000103,19-05-2025,Laptop,Electronics,West,Offline,3,"? 97,754.00","? 2,93,262.00",Credit Card,C00716
T000104,22-03-2025,Laptop,Electronics,South,Offline,2,"? 80,413.00","? 1,60,826.00",Credit Card,C00200
T000105,12-06-2025,Webcam,Accessories,East,Online,1,"? 7,450.00","? 7,450.00",Credit Card,C01009
T000106,16-10-2025,Power Bank,Accessories,East,Offline,3,"? 4,221.00","? 12,663.00",Cash,C01224
T000107,18-09-2025,Camera,Electronics,West,Online,4,"? 54,968.00","? 2,19,872.00",Credit Card,C01317
T000108,19-08-2025,Webcam,Accessories,West,Offline,4,"? 6,051.00","? 24,204.00",UPI,C02328
T000109,10-02-2025,Smartwatch,Accessories,West,Online,4,"? 10,227.00","? 40,908.00",Credit Card,C01168
T000110,28-01-2025,Gaming Chair,Furniture,West,Offline,1,"? 17,009.00","? 17,009.00",Credit Card,C01604
T000111,15-05-2025,Router,Networking,North,Offline,3,"? 7,529.00","? 22,587.00",Cash,C01338
T000112,20-07-2025,Smartphone,Electronics,North,Online,5,"? 61,876.00","? 3,09,380.00",Cash,C00993
T000113,24-11-2025,Webcam,Accessories,North,Online,5,"? 3,446.00","? 17,230.00",UPI,C02101
T000114,25-09-2025,Keyboard,Accessories,North,Online,2,"? 4,656.00","? 9,312.00",UPI,C02422
T000115,02-02-2025,Mouse,Accessories,South,Online,1,? 655.00,? 655.00,Credit Card,C00036
T000116,17-02-2025,Laptop,Electronics,East,Offline,3,"? 90,483.00","? 2,71,449.00",UPI,C01165
T000117,03-03-2025,Keyboard,Accessories,East,Offline,4,"? 4,025.00","? 16,100.00",UPI,C00947
T000118,04-08-2025,Monitor,Electronics,South,Online,1,"? 16,699.00","? 16,699.00",Cash,C01212
T000119,20-10-2025,Power Bank,Accessories,South,Online,1,"? 4,545.00","? 4,545.00",Credit Card,C00718
T000120,09-04-2025,Smartwatch,Accessories,North,Online,3,"? 14,308.00","? 42,924.00",UPI,C00618
T000121,21-06-2025,Gaming Chair,Furniture,West,Online,2,"? 20,069.00","? 40,138.00",Credit Card,C00623
T000122,26-12-2025,Power Bank,Accessories,East,Online,2,"? 1,259.00","? 2,518.00",Credit Card,C00179
T000123,02-08-2025,Mouse,Accessories,South,Offline,2,"? 2,407.00","? 4,814.00",Credit Card,C01038
T000124,04-02-2025,Camera,Electronics,West,Offline,4,"? 33,489.00","? 1,33,956.00",Cash,C00683
T000125,15-08-2025,Keyboard,Accessories,North,Online,4,"? 2,105.00","? 8,420.00",UPI,C01689
T000126,11-04-2025,Headphones,Accessories,South,Online,3,"? 7,090.00","? 21,270.00",Net Banking,C02082
T000127,11-05-2025,Webcam,Accessories,East,Online,2,"? 8,787.00","? 17,574.00",UPI,C00710
T000128,14-09-2025,Webcam,Accessories,East,Offline,3,"? 3,536.00","? 10,608.00",Net Banking,C01976
T000129,05-01-2025,Mouse,Accessories,East,Offline,2,"? 2,338.00","? 4,676.00",UPI,C02236
T000130,06-08-2025,Camera,Electronics,South,Offline,1,"? 88,213.00","? 88,213.00",Credit Card,C01840
T000131,12-09-2025,Printer,Electronics,East,Online,5,"? 28,528.00","? 1,42,640.00",Cash,C00328
T000132,25-12-2025,Camera,Electronics,North,Offline,5,"? 54,512.00","? 2,72,560.00",Cash,C00717
T000133,10-10-2025,Camera,Electronics,East,Online,2,"? 21,177.00","? 42,354.00",UPI,C02339
T000134,26-07-2025,Router,Networking,North,Online,3,"? 2,261.00","? 6,783.00",UPI,C02145
T000135,15-01-2025,Mouse,Accessories,East,Offline,4,"? 1,082.00","? 4,328.00",UPI,C01901
T000136,12-12-2025,Power Bank,Accessories,North,Online,2,"? 3,154.00","? 6,308.00",Credit Card,C00492
T000137,11-02-2025,Gaming Chair,Furniture,South,Online,2,"? 29,098.00","? 58,196.00",UPI,C00801
T000138,28-06-2025,Smartwatch,Accessories,North,Online,4,"? 11,735.00","? 46,940.00",Credit Card,C00115
T000139,04-03-2025,Mouse,Accessories,South,Online,2,"? 2,333.00","? 4,666.00",Credit Card,C00310
T000140,18-12-2025,Tablet,Electronics,West,Online,1,"? 38,433.00","? 38,433.00",Cash,C01216
T000141,19-08-2025,Smartphone,Electronics,North,Online,4,"? 22,179.00","? 88,716.00",UPI,C01702
T000142,29-08-2025,Speaker,Accessories,South,Online,1,"? 13,709.00","? 13,709.00",Credit Card,C00806
T000143,21-02-2025,Webcam,Accessories,West,Offline,5,"? 5,944.00","? 29,720.00",Cash,C00112
T000144,06-04-2025,Smartwatch,Accessories,East,Online,4,"? 4,964.00","? 19,856.00",Cash,C01893
T000145,10-08-2025,Headphones,Accessories,West,Offline,4,"? 10,222.00","? 40,888.00",Credit Card,C01327
T000146,19-08-2025,Smartwatch,Accessories,North,Online,3,"? 14,811.00","? 44,433.00",UPI,C01918
T000147,25-08-2025,Monitor,Electronics,West,Offline,3,"? 18,067.00","? 54,201.00",Credit Card,C02404
T000148,23-05-2025,Power Bank,Accessories,East,Online,4,"? 1,389.00","? 5,556.00",UPI,C01834
T000149,20-06-2025,Headphones,Accessories,West,Offline,5,"? 11,472.00","? 57,360.00",Cash,C01126
T000150,29-01-2025,Webcam,Accessories,North,Offline,2,"? 4,601.00","? 9,202.00",Cash,C01591
T000151,05-02-2025,Printer,Electronics,North,Online,3,"? 9,897.00","? 29,691.00",Net Banking,C00315
T000152,13-01-2025,Mouse,Accessories,South,Offline,5,"? 2,243.00","? 11,215.00",UPI,C02242
T000153,09-06-2025,Camera,Electronics,East,Offline,5,"? 81,495.00","? 4,07,475.00",UPI,C01974
T000154,23-11-2025,Router,Networking,East,Online,3,"? 7,653.00","? 22,959.00",Credit Card,C01843
T000155,06-07-2025,Power Bank,Accessories,West,Offline,2,"? 2,738.00","? 5,476.00",Credit Card,C01431
T000156,31-08-2025,Mouse,Accessories,East,Offline,3,"? 2,594.00","? 7,782.00",UPI,C01316
T000157,27-03-2025,Webcam,Accessories,North,Online,5,"? 9,944.00","? 49,720.00",Cash,C01208
T000158,11-10-2025,Router,Networking,West,Online,1,"? 6,872.00","? 6,872.00",Net Banking,C01664
T000159,07-03-2025,Router,Networking,South,Offline,3,"? 2,966.00","? 8,898.00",Cash,C00979
T000160,19-06-2025,Monitor,Electronics,West,Online,5,"? 25,119.00","? 1,25,595.00",Cash,C00611
T000161,14-02-2025,Power Bank,Accessories,West,Offline,3,"? 1,139.00","? 3,417.00",Cash,C01490
T000162,03-03-2025,Keyboard,Accessories,South,Offline,5,"? 4,287.00","? 21,435.00",UPI,C00204
T000163,14-05-2025,Monitor,Electronics,West,Online,2,"? 25,760.00","? 51,520.00",Credit Card,C02453
T000164,11-10-2025,Tablet,Electronics,East,Online,5,"? 31,103.00","? 1,55,515.00",Net Banking,C01400
T000165,28-01-2025,Camera,Electronics,West,Offline,4,"? 89,260.00","? 3,57,040.00",Cash,C02268
T000166,18-04-2025,Camera,Electronics,West,Online,1,"? 73,570.00","? 73,570.00",UPI,C01373
T000167,13-02-2025,Gaming Chair,Furniture,West,Online,5,"? 29,643.00","? 1,48,215.00",Cash,C01447
T000168,06-12-2025,Laptop,Electronics,North,Offline,3,"? 76,044.00","? 2,28,132.00",UPI,C01257
T000169,13-10-2025,Keyboard,Accessories,North,Offline,3,"? 2,842.00","? 8,526.00",Credit Card,C02348
T000170,27-11-2025,Laptop,Electronics,East,Offline,5,"? 83,320.00","? 4,16,600.00",UPI,C01011
T000171,08-05-2025,Printer,Electronics,South,Online,4,"? 9,491.00","? 37,964.00",Cash,C01695
T000172,14-12-2025,Gaming Chair,Furniture,North,Online,5,"? 8,789.00","? 43,945.00",Cash,C00920
T000173,19-08-2025,Smartphone,Electronics,North,Offline,2,"? 48,941.00","? 97,882.00",Credit Card,C02474
T000174,09-07-2025,Speaker,Accessories,East,Offline,4,"? 2,052.00","? 8,208.00",UPI,C00978
T000175,13-08-2025,Smartphone,Electronics,East,Online,5,"? 34,806.00","? 1,74,030.00",Credit Card,C00234
T000176,10-10-2025,Mouse,Accessories,South,Offline,1,? 515.00,? 515.00,Credit Card,C02138
T000177,01-05-2025,Smartphone,Electronics,West,Online,4,"? 23,823.00","? 95,292.00",Credit Card,C01928
T000178,26-04-2025,Camera,Electronics,West,Online,5,"? 51,980.00","? 2,59,900.00",Credit Card,C00755
T000179,21-08-2025,Monitor,Electronics,South,Online,1,"? 24,653.00","? 24,653.00",UPI,C01441
T000180,16-09-2025,Keyboard,Accessories,South,Online,5,"? 1,560.00","? 7,800.00",Credit Card,C02500
T000181,25-12-2025,Gaming Chair,Furniture,South,Offline,2,"? 8,290.00","? 16,580.00",Credit Card,C01958
T000182,17-07-2025,Mouse,Accessories,East,Online,3,"? 1,857.00","? 5,571.00",Cash,C01494
T000183,17-05-2025,Mouse,Accessories,West,Online,5,"? 2,456.00","? 12,280.00",Cash,C00932
T000184,14-11-2025,Keyboard,Accessories,South,Offline,4,"? 1,329.00","? 5,316.00",Cash,C00048
T000185,14-06-2025,Camera,Electronics,South,Offline,5,"? 36,186.00","? 1,80,930.00",Cash,C02271
T000186,13-08-2025,Speaker,Accessories,West,Online,5,"? 7,443.00","? 37,215.00",Cash,C01672
T000187,03-11-2025,Printer,Electronics,West,Offline,5,"? 22,858.00","? 1,14,290.00",Cash,C00466
T000188,22-08-2025,Router,Networking,East,Offline,5,"? 6,132.00","? 30,660.00",UPI,C02019
T000189,21-06-2025,Printer,Electronics,North,Offline,4,"? 10,080.00","? 40,320.00",Credit Card,C01084
T000190,01-06-2025,Webcam,Accessories,North,Offline,4,"? 3,260.00","? 13,040.00",Net Banking,C01304
T000191,11-11-2025,Mouse,Accessories,East,Online,5,"? 1,012.00","? 5,060.00",Credit Card,C02065
T000192,09-06-2025,Printer,Electronics,East,Online,3,"? 29,304.00","? 87,912.00",UPI,C00679
T000193,06-04-2025,Router,Networking,West,Offline,5,"? 5,474.00","? 27,370.00",Cash,C01999
T000194,21-08-2025,Camera,Electronics,East,Offline,4,"? 88,934.00","? 3,55,736.00",Credit Card,C01591
T000195,29-06-2025,Tablet,Electronics,East,Online,2,"? 40,625.00","? 81,250.00",UPI,C00829
T000196,23-04-2025,Tablet,Electronics,South,Online,5,"? 20,515.00","? 1,02,575.00",UPI,C01567
T000197,14-11-2025,Laptop,Electronics,East,Offline,5,"? 64,705.00","? 3,23,525.00",Cash,C01125
T000198,21-02-2025,Smartwatch,Accessories,East,Online,5,"? 5,561.00","? 27,805.00",Cash,C01568
T000199,25-09-2025,Webcam,Accessories,South,Online,5,"? 5,344.00","? 26,720.00",Credit Card,C00206
T000200,22-10-2025,Headphones,Accessories,West,Online,1,"? 11,607.00","? 11,607.00",Net Banking,C01806
T000201,23-04-2025,Smartphone,Electronics,West,Online,5,"? 67,956.00","? 3,39,780.00",UPI,C00480
T000202,11-04-2025,Printer,Electronics,East,Online,4,"? 19,018.00","? 76,072.00",Cash,C02121
T000203,23-04-2025,Tablet,Electronics,East,Online,4,"? 19,816.00","? 79,264.00",UPI,C01462
T000204,22-03-2025,Webcam,Accessories,North,Online,1,"? 3,008.00","? 3,008.00",Cash,C01715
T000205,06-07-2025,Monitor,Electronics,South,Offline,5,"? 28,494.00","? 1,42,470.00",UPI,C01438
T000206,23-04-2025,Keyboard,Accessories,North,Offline,3,? 703.00,"? 2,109.00",Cash,C01943
T000207,02-01-2025,Gaming Chair,Furniture,East,Offline,5,"? 11,447.00","? 57,235.00",Cash,C00771
T000208,10-05-2025,Router,Networking,North,Offline,4,"? 6,988.00","? 27,952.00",Credit Card,C00067
T000209,08-08-2025,Smartwatch,Accessories,North,Offline,2,"? 7,584.00","? 15,168.00",Net Banking,C01446
T000210,23-02-2025,Laptop,Electronics,West,Online,2,"? 77,156.00","? 1,54,312.00",UPI,C02419
T000211,09-12-2025,Headphones,Accessories,South,Online,3,"? 4,791.00","? 14,373.00",UPI,C00364
T000212,12-08-2025,Tablet,Electronics,West,Online,5,"? 31,465.00","? 1,57,325.00",Cash,C00400
T000213,13-08-2025,Laptop,Electronics,West,Online,1,"? 92,120.00","? 92,120.00",Credit Card,C00260
T000214,06-05-2025,Power Bank,Accessories,North,Online,5,"? 1,633.00","? 8,165.00",UPI,C01069
T000215,10-05-2025,Webcam,Accessories,South,Offline,3,"? 6,835.00","? 20,505.00",UPI,C01933
T000216,22-02-2025,Smartwatch,Accessories,East,Online,3,"? 8,260.00","? 24,780.00",Net Banking,C00898
T000217,21-06-2025,Keyboard,Accessories,South,Online,3,"? 1,902.00","? 5,706.00",Credit Card,C01311
T000218,06-08-2025,Smartphone,Electronics,West,Offline,2,"? 30,605.00","? 61,210.00",UPI,C02363
T000219,09-06-2025,Webcam,Accessories,North,Online,5,"? 3,675.00","? 18,375.00",UPI,C01443
T000220,17-07-2025,Gaming Chair,Furniture,East,Offline,5,"? 17,573.00","? 87,865.00",Credit Card,C01329
T000221,04-09-2025,Tablet,Electronics,West,Online,1,"? 30,557.00","? 30,557.00",Cash,C00229
T000222,20-11-2025,Speaker,Accessories,North,Online,3,"? 4,288.00","? 12,864.00",Credit Card,C00750
T000223,22-07-2025,Gaming Chair,Furniture,West,Offline,3,"? 19,013.00","? 57,039.00",UPI,C01210
T000224,03-07-2025,Webcam,Accessories,North,Offline,4,"? 8,221.00","? 32,884.00",Net Banking,C01971
T000225,03-05-2025,Keyboard,Accessories,South,Online,4,"? 4,891.00","? 19,564.00",Net Banking,C02166
T000226,12-09-2025,Headphones,Accessories,West,Offline,2,"? 8,312.00","? 16,624.00",UPI,C00126
T000227,21-10-2025,Printer,Electronics,South,Offline,5,"? 20,912.00","? 1,04,560.00",Cash,C00132
T000228,07-10-2025,Smartwatch,Accessories,South,Online,1,"? 6,616.00","? 6,616.00",UPI,C01726
T000229,21-11-2025,Headphones,Accessories,North,Offline,1,"? 1,995.00","? 1,995.00",Net Banking,C01617
T000230,08-04-2025,Smartphone,Electronics,East,Offline,3,"? 48,124.00","? 1,44,372.00",UPI,C01898
T000231,17-07-2025,Keyboard,Accessories,South,Online,1,? 885.00,? 885.00,Cash,C00346
T000232,28-08-2025,Camera,Electronics,West,Offline,3,"? 87,229.00","? 2,61,687.00",Net Banking,C01963
T000233,24-05-2025,Smartphone,Electronics,West,Offline,5,"? 17,590.00","? 87,950.00",UPI,C02132
T000234,07-04-2025,Power Bank,Accessories,North,Online,1,"? 2,142.00","? 2,142.00",Net Banking,C02090
T000235,20-07-2025,Router,Networking,South,Offline,3,"? 3,191.00","? 9,573.00",Net Banking,C02483
T000236,04-05-2025,Mouse,Accessories,East,Offline,5,"? 1,482.00","? 7,410.00",Cash,C01190
T000237,06-07-2025,Tablet,Electronics,East,Online,5,"? 12,904.00","? 64,520.00",Net Banking,C01451
T000238,22-11-2025,Printer,Electronics,West,Offline,3,"? 17,387.00","? 52,161.00",UPI,C02096
T000239,15-12-2025,Speaker,Accessories,North,Online,3,"? 5,951.00","? 17,853.00",Credit Card,C01066
T000240,16-09-2025,Smartwatch,Accessories,South,Online,2,"? 13,609.00","? 27,218.00",UPI,C00185
T000241,28-05-2025,Monitor,Electronics,West,Offline,5,"? 14,937.00","? 74,685.00",Cash,C01846
T000242,09-09-2025,Speaker,Accessories,North,Online,3,"? 3,880.00","? 11,640.00",Credit Card,C01256
T000243,12-12-2025,Keyboard,Accessories,East,Offline,5,? 716.00,"? 3,580.00",Net Banking,C00401
T000244,27-05-2025,Gaming Chair,Furniture,West,Online,1,"? 23,783.00","? 23,783.00",Credit Card,C01715
T000245,28-05-2025,Power Bank,Accessories,North,Online,4,"? 1,123.00","? 4,492.00",Net Banking,C01161
T000246,18-12-2025,Camera,Electronics,East,Offline,4,"? 22,070.00","? 88,280.00",Credit Card,C01748
T000247,18-07-2025,Monitor,Electronics,North,Offline,3,"? 25,314.00","? 75,942.00",Cash,C01544
T000248,04-11-2025,Router,Networking,West,Offline,3,"? 6,054.00","? 18,162.00",Cash,C01257
T000249,08-05-2025,Router,Networking,South,Offline,5,"? 7,079.00","? 35,395.00",UPI,C01983
T000250,08-02-2025,Speaker,Accessories,North,Online,3,"? 14,344.00","? 43,032.00",Credit Card,C01392
T000251,04-12-2025,Power Bank,Accessories,South,Offline,5,"? 2,244.00","? 11,220.00",Net Banking,C01976
T000252,26-12-2025,Tablet,Electronics,West,Online,3,"? 34,978.00","? 1,04,934.00",UPI,C00971
T000253,09-05-2025,Tablet,Electronics,East,Online,5,"? 30,936.00","? 1,54,680.00",UPI,C02415
T000254,24-09-2025,Smartwatch,Accessories,North,Online,3,"? 19,905.00","? 59,715.00",Credit Card,C02309
T000255,31-05-2025,Speaker,Accessories,East,Offline,2,"? 4,598.00","? 9,196.00",Cash,C01088
T000256,25-10-2025,Camera,Electronics,South,Online,5,"? 47,020.00","? 2,35,100.00",Net Banking,C02404
T000257,09-04-2025,Tablet,Electronics,South,Online,2,"? 28,952.00","? 57,904.00",Credit Card,C01575
T000258,20-09-2025,Monitor,Electronics,East,Online,2,"? 18,985.00","? 37,970.00",Credit Card,C01393
T000259,09-09-2025,Camera,Electronics,West,Online,2,"? 28,283.00","? 56,566.00",Cash,C01516
T000260,24-05-2025,Router,Networking,South,Offline,2,"? 7,720.00","? 15,440.00",Net Banking,C00405
T000261,12-12-2025,Power Bank,Accessories,West,Online,1,"? 2,553.00","? 2,553.00",Cash,C01956
T000262,22-04-2025,Gaming Chair,Furniture,East,Online,4,"? 13,054.00","? 52,216.00",Cash,C02066
T000263,01-03-2025,Monitor,Electronics,West,Online,1,"? 21,276.00","? 21,276.00",UPI,C00368
T000264,02-01-2025,Smartphone,Electronics,South,Online,3,"? 69,044.00","? 2,07,132.00",Net Banking,C01281
T000265,31-10-2025,Power Bank,Accessories,East,Online,3,? 887.00,"? 2,661.00",Credit Card,C00221
T000266,11-09-2025,Headphones,Accessories,West,Online,4,"? 2,641.00","? 10,564.00",Credit Card,C02321
T000267,20-05-2025,Camera,Electronics,West,Offline,4,"? 59,678.00","? 2,38,712.00",Credit Card,C01271
T000268,06-02-2025,Router,Networking,North,Online,4,"? 6,673.00","? 26,692.00",Credit Card,C01594
T000269,09-06-2025,Laptop,Electronics,South,Offline,2,"? 76,527.00","? 1,53,054.00",Cash,C01271
T000270,09-01-2025,Headphones,Accessories,North,Offline,1,"? 11,482.00","? 11,482.00",Credit Card,C00173
T000271,21-08-2025,Power Bank,Accessories,West,Online,3,"? 4,637.00","? 13,911.00",Cash,C01352
T000272,09-04-2025,Router,Networking,South,Online,1,"? 2,123.00","? 2,123.00",Cash,C00123
T000273,27-05-2025,Router,Networking,East,Offline,1,"? 5,257.00","? 5,257.00",Cash,C01753
T000274,31-10-2025,Speaker,Accessories,East,Online,1,"? 6,296.00","? 6,296.00",Net Banking,C00636
T000275,27-07-2025,Router,Networking,East,Online,4,"? 4,792.00","? 19,168.00",Credit Card,C01255
T000276,11-05-2025,Headphones,Accessories,West,Online,4,"? 4,832.00","? 19,328.00",Cash,C01336
T000277,01-06-2025,Camera,Electronics,West,Offline,3,"? 88,147.00","? 2,64,441.00",Credit Card,C01500
T000278,23-02-2025,Printer,Electronics,East,Offline,3,"? 14,353.00","? 43,059.00",Cash,C00501
T000279,30-04-2025,Webcam,Accessories,North,Online,3,"? 9,728.00","? 29,184.00",UPI,C01657
T000280,10-06-2025,Tablet,Electronics,North,Online,1,"? 35,421.00","? 35,421.00",UPI,C02369
T000281,26-04-2025,Webcam,Accessories,South,Online,4,"? 8,266.00","? 33,064.00",Cash,C01897
T000282,16-03-2025,Smartphone,Electronics,South,Online,2,"? 69,448.00","? 1,38,896.00",Net Banking,C02109
T000283,23-04-2025,Printer,Electronics,East,Online,1,"? 9,346.00","? 9,346.00",UPI,C01162
T000284,14-04-2025,Printer,Electronics,West,Offline,5,"? 10,054.00","? 50,270.00",Credit Card,C00126
T000285,06-12-2025,Laptop,Electronics,West,Online,1,"? 98,760.00","? 98,760.00",Credit Card,C00192
T000286,11-09-2025,Keyboard,Accessories,South,Online,4,"? 4,900.00","? 19,600.00",UPI,C01970
T000287,15-08-2025,Camera,Electronics,East,Online,5,"? 67,259.00","? 3,36,295.00",Net Banking,C02241
T000288,22-04-2025,Monitor,Electronics,South,Online,1,"? 16,527.00","? 16,527.00",Cash,C00589
T000289,09-04-2025,Tablet,Electronics,North,Offline,4,"? 20,535.00","? 82,140.00",Credit Card,C00743
T000290,02-06-2025,Speaker,Accessories,East,Online,4,"? 3,060.00","? 12,240.00",Net Banking,C02431
T000291,15-12-2025,Printer,Electronics,East,Online,2,"? 13,522.00","? 27,044.00",Credit Card,C01117
T000292,04-12-2025,Smartphone,Electronics,East,Online,1,"? 60,941.00","? 60,941.00",UPI,C00826
T000293,13-07-2025,Keyboard,Accessories,North,Online,4,"? 4,864.00","? 19,456.00",Credit Card,C01704
T000294,06-11-2025,Laptop,Electronics,East,Offline,3,"? 80,022.00","? 2,40,066.00",Credit Card,C01154
T000295,12-06-2025,Router,Networking,South,Online,4,"? 5,746.00","? 22,984.00",Cash,C02273
T000296,27-07-2025,Mouse,Accessories,North,Online,2,"? 1,061.00","? 2,122.00",UPI,C01752
T000297,18-06-2025,Tablet,Electronics,West,Online,4,"? 14,852.00","? 59,408.00",Credit Card,C02060
T000298,10-06-2025,Mouse,Accessories,South,Offline,1,"? 2,899.00","? 2,899.00",UPI,C02396
T000299,09-03-2025,Headphones,Accessories,South,Offline,1,"? 7,713.00","? 7,713.00",Credit Card,C02122
T000300,16-10-2025,Printer,Electronics,South,Offline,5,"? 9,183.00","? 45,915.00",Cash,C01135
T000301,04-10-2025,Smartwatch,Accessories,North,Online,1,"? 10,032.00","? 10,032.00",Cash,C01506
T000302,31-10-2025,Tablet,Electronics,South,Offline,5,"? 24,275.00","? 1,21,375.00",UPI,C02245
T000303,15-05-2025,Webcam,Accessories,North,Online,3,"? 3,909.00","? 11,727.00",UPI,C02239
T000304,14-07-2025,Monitor,Electronics,East,Online,2,"? 12,298.00","? 24,596.00",Credit Card,C01810
T000305,08-05-2025,Keyboard,Accessories,West,Offline,3,"? 3,234.00","? 9,702.00",Credit Card,C01990
T000306,02-02-2025,Smartphone,Electronics,East,Online,5,"? 20,599.00","? 1,02,995.00",Net Banking,C00494
T000307,25-06-2025,Tablet,Electronics,South,Online,4,"? 42,771.00","? 1,71,084.00",Cash,C02308
T000308,22-01-2025,Monitor,Electronics,North,Online,4,"? 21,440.00","? 85,760.00",Cash,C00169
T000309,26-08-2025,Webcam,Accessories,North,Online,3,"? 1,526.00","? 4,578.00",Credit Card,C00177
T000310,07-06-2025,Camera,Electronics,East,Online,4,"? 86,500.00","? 3,46,000.00",Net Banking,C01169
T000311,07-02-2025,Mouse,Accessories,South,Offline,5,"? 2,511.00","? 12,555.00",Net Banking,C00587
T000312,18-08-2025,Camera,Electronics,West,Online,2,"? 69,223.00","? 1,38,446.00",Credit Card,C00055
T000313,31-12-2025,Keyboard,Accessories,North,Offline,1,"? 3,647.00","? 3,647.00",UPI,C00136
T000314,20-02-2025,Gaming Chair,Furniture,North,Offline,5,"? 18,507.00","? 92,535.00",Net Banking,C01047
T000315,21-09-2025,Laptop,Electronics,South,Online,5,"? 94,857.00","? 4,74,285.00",Cash,C00538
T000316,10-10-2025,Printer,Electronics,North,Online,1,"? 12,238.00","? 12,238.00",Cash,C02210
T000317,27-01-2025,Tablet,Electronics,South,Offline,1,"? 23,156.00","? 23,156.00",Cash,C02208
T000318,14-08-2025,Gaming Chair,Furniture,South,Offline,2,"? 10,411.00","? 20,822.00",Credit Card,C01729
T000319,04-10-2025,Smartwatch,Accessories,West,Online,2,"? 17,674.00","? 35,348.00",UPI,C01401
T000320,13-10-2025,Mouse,Accessories,South,Online,2,? 516.00,"? 1,032.00",Cash,C00315
T000321,07-04-2025,Webcam,Accessories,East,Offline,4,"? 4,424.00","? 17,696.00",Cash,C00708
T000322,11-10-2025,Mouse,Accessories,West,Online,5,? 976.00,"? 4,880.00",Credit Card,C01241
T000323,13-11-2025,Tablet,Electronics,South,Offline,1,"? 24,641.00","? 24,641.00",UPI,C00264
T000324,31-10-2025,Webcam,Accessories,South,Online,5,"? 9,407.00","? 47,035.00",UPI,C01576
T000325,27-05-2025,Headphones,Accessories,West,Offline,5,"? 9,391.00","? 46,955.00",UPI,C02388
T000326,04-01-2025,Camera,Electronics,North,Online,2,"? 70,907.00","? 1,41,814.00",Net Banking,C00462
T000327,04-02-2025,Mouse,Accessories,West,Offline,2,? 579.00,"? 1,158.00",Credit Card,C02048
T000328,11-07-2025,Monitor,Electronics,North,Offline,5,"? 26,789.00","? 1,33,945.00",UPI,C01185
T000329,18-02-2025,Smartphone,Electronics,West,Online,2,"? 54,651.00","? 1,09,302.00",UPI,C00314
T000330,17-01-2025,Printer,Electronics,West,Offline,4,"? 21,658.00","? 86,632.00",Credit Card,C00884
T000331,21-06-2025,Mouse,Accessories,East,Online,1,"? 2,443.00","? 2,443.00",Credit Card,C00131
T000332,08-08-2025,Router,Networking,West,Online,5,"? 7,492.00","? 37,460.00",Cash,C02127
T000333,07-06-2025,Monitor,Electronics,East,Offline,1,"? 20,965.00","? 20,965.00",Net Banking,C00667
T000334,15-02-2025,Keyboard,Accessories,South,Online,4,"? 3,001.00","? 12,004.00",UPI,C01491
T000335,06-01-2025,Keyboard,Accessories,North,Online,2,"? 3,688.00","? 7,376.00",UPI,C00065
T000336,09-04-2025,Printer,Electronics,North,Online,3,"? 28,168.00","? 84,504.00",Credit Card,C00569
T000337,21-08-2025,Headphones,Accessories,East,Online,4,"? 10,794.00","? 43,176.00",Net Banking,C01443
T000338,06-02-2025,Speaker,Accessories,North,Offline,3,"? 2,619.00","? 7,857.00",Cash,C02017
T000339,07-10-2025,Speaker,Accessories,North,Online,1,"? 3,714.00","? 3,714.00",UPI,C00947
T000340,15-12-2025,Smartwatch,Accessories,West,Online,5,"? 10,000.00","? 50,000.00",UPI,C00052
T000341,29-10-2025,Printer,Electronics,East,Online,2,"? 14,065.00","? 28,130.00",Credit Card,C00944
T000342,30-06-2025,Laptop,Electronics,North,Online,4,"? 92,871.00","? 3,71,484.00",UPI,C01528
T000343,05-04-2025,Headphones,Accessories,South,Online,2,"? 3,901.00","? 7,802.00",Credit Card,C02385
T000344,09-04-2025,Mouse,Accessories,East,Offline,3,"? 1,485.00","? 4,455.00",Credit Card,C00139
T000345,07-07-2025,Speaker,Accessories,West,Online,3,"? 1,673.00","? 5,019.00",UPI,C00392
T000346,26-04-2025,Webcam,Accessories,South,Online,5,"? 5,032.00","? 25,160.00",Credit Card,C00234
T000347,10-07-2025,Printer,Electronics,North,Offline,3,"? 23,622.00","? 70,866.00",Cash,C00432
T000348,10-09-2025,Webcam,Accessories,North,Online,5,"? 6,334.00","? 31,670.00",Credit Card,C00288
T000349,10-06-2025,Gaming Chair,Furniture,East,Online,4,"? 28,197.00","? 1,12,788.00",Cash,C02077
T000350,13-09-2025,Router,Networking,North,Offline,5,"? 5,316.00","? 26,580.00",Credit Card,C01130
T000351,19-11-2025,Speaker,Accessories,East,Online,3,"? 14,462.00","? 43,386.00",UPI,C00608
T000352,08-05-2025,Power Bank,Accessories,North,Online,1,"? 2,773.00","? 2,773.00",Credit Card,C00633
T000353,18-01-2025,Router,Networking,South,Online,5,"? 5,282.00","? 26,410.00",UPI,C00616
T000354,08-10-2025,Camera,Electronics,West,Online,2,"? 29,849.00","? 59,698.00",UPI,C01925
T000355,11-08-2025,Keyboard,Accessories,South,Online,1,"? 1,112.00","? 1,112.00",Cash,C02346
T000356,23-02-2025,Power Bank,Accessories,West,Offline,5,"? 4,210.00","? 21,050.00",Net Banking,C01290
T000357,27-02-2025,Monitor,Electronics,East,Online,2,"? 20,284.00","? 40,568.00",Credit Card,C01178
T000358,19-11-2025,Router,Networking,North,Offline,1,"? 2,882.00","? 2,882.00",Credit Card,C00794
T000359,26-12-2025,Printer,Electronics,South,Offline,5,"? 21,510.00","? 1,07,550.00",Credit Card,C00919
T000360,23-06-2025,Camera,Electronics,North,Offline,4,"? 65,289.00","? 2,61,156.00",Cash,C01100
T000361,07-10-2025,Headphones,Accessories,East,Online,2,"? 6,181.00","? 12,362.00",Net Banking,C00760
T000362,24-04-2025,Laptop,Electronics,West,Online,4,"? 85,011.00","? 3,40,044.00",Credit Card,C00826
T000363,15-10-2025,Gaming Chair,Furniture,South,Online,3,"? 10,589.00","? 31,767.00",UPI,C02148
T000364,08-12-2025,Monitor,Electronics,West,Offline,5,"? 17,970.00","? 89,850.00",UPI,C01952
T000365,31-05-2025,Smartphone,Electronics,West,Online,5,"? 65,281.00","? 3,26,405.00",Credit Card,C00274
T000366,07-05-2025,Speaker,Accessories,East,Offline,2,"? 10,336.00","? 20,672.00",Net Banking,C02346
T000367,04-06-2025,Laptop,Electronics,West,Offline,5,"? 94,482.00","? 4,72,410.00",Net Banking,C00212
T000368,30-09-2025,Router,Networking,East,Offline,3,"? 3,057.00","? 9,171.00",Net Banking,C00956
T000369,14-04-2025,Mouse,Accessories,West,Online,5,"? 2,603.00","? 13,015.00",Cash,C02337
T000370,26-10-2025,Power Bank,Accessories,West,Offline,1,"? 3,573.00","? 3,573.00",Credit Card,C02257
T000371,03-09-2025,Camera,Electronics,South,Online,4,"? 21,706.00","? 86,824.00",Cash,C01595
T000372,25-06-2025,Printer,Electronics,East,Offline,3,"? 24,985.00","? 74,955.00",UPI,C00697
T000373,08-02-2025,Speaker,Accessories,North,Online,3,"? 13,335.00","? 40,005.00",Cash,C02494
T000374,19-06-2025,Webcam,Accessories,North,Offline,4,"? 3,112.00","? 12,448.00",UPI,C02239
T000375,04-09-2025,Power Bank,Accessories,North,Offline,4,"? 1,254.00","? 5,016.00",UPI,C01703
T000376,26-01-2025,Power Bank,Accessories,South,Online,3,"? 2,275.00","? 6,825.00",Credit Card,C00597
T000377,21-12-2025,Printer,Electronics,South,Online,4,"? 21,546.00","? 86,184.00",Cash,C02321
T000378,02-11-2025,Tablet,Electronics,West,Online,2,"? 19,045.00","? 38,090.00",Net Banking,C00289
T000379,13-01-2025,Keyboard,Accessories,West,Online,4,"? 1,423.00","? 5,692.00",Credit Card,C02240
T000380,12-11-2025,Mouse,Accessories,North,Offline,1,"? 1,791.00","? 1,791.00",Cash,C00266
T000381,09-11-2025,Gaming Chair,Furniture,West,Online,1,"? 18,579.00","? 18,579.00",Credit Card,C00836
T000382,05-02-2025,Camera,Electronics,West,Online,2,"? 61,221.00","? 1,22,442.00",Cash,C02291
T000383,22-06-2025,Printer,Electronics,South,Offline,4,"? 14,008.00","? 56,032.00",Cash,C00678
T000384,20-01-2025,Webcam,Accessories,North,Online,1,"? 6,925.00","? 6,925.00",Credit Card,C00992
T000385,17-11-2025,Smartphone,Electronics,East,Offline,5,"? 29,157.00","? 1,45,785.00",Credit Card,C00681
T000386,21-09-2025,Monitor,Electronics,North,Online,4,"? 25,021.00","? 1,00,084.00",UPI,C02260
T000387,22-05-2025,Gaming Chair,Furniture,South,Online,2,"? 16,356.00","? 32,712.00",Cash,C00701
T000388,23-05-2025,Mouse,Accessories,North,Online,4,"? 1,020.00","? 4,080.00",Credit Card,C00911
T000389,02-04-2025,Headphones,Accessories,East,Online,3,"? 2,223.00","? 6,669.00",Net Banking,C00820
T000390,20-12-2025,Smartphone,Electronics,West,Online,3,"? 51,110.00","? 1,53,330.00",UPI,C02056
T000391,18-11-2025,Monitor,Electronics,North,Online,1,"? 32,626.00","? 32,626.00",Credit Card,C01464
T000392,15-10-2025,Speaker,Accessories,South,Online,3,"? 1,988.00","? 5,964.00",Net Banking,C01634
T000393,03-08-2025,Smartwatch,Accessories,South,Online,2,"? 10,856.00","? 21,712.00",Credit Card,C00586
T000394,08-12-2025,Keyboard,Accessories,North,Offline,1,"? 1,946.00","? 1,946.00",Credit Card,C00078
T000395,20-02-2025,Gaming Chair,Furniture,West,Online,2,"? 14,061.00","? 28,122.00",Net Banking,C00892
T000396,02-06-2025,Speaker,Accessories,West,Offline,2,"? 4,210.00","? 8,420.00",Credit Card,C01933
T000397,05-07-2025,Mouse,Accessories,South,Offline,3,? 665.00,"? 1,995.00",Net Banking,C02044
T000398,04-03-2025,Webcam,Accessories,South,Offline,3,"? 5,452.00","? 16,356.00",UPI,C02110
T000399,09-07-2025,Webcam,Accessories,East,Offline,2,"? 2,380.00","? 4,760.00",Cash,C01159
T000400,05-05-2025,Camera,Electronics,West,Offline,3,"? 36,818.00","? 1,10,454.00",Credit Card,C02476
T000401,30-05-2025,Laptop,Electronics,North,Online,3,"? 88,892.00","? 2,66,676.00",Credit Card,C00830
T000402,10-11-2025,Monitor,Electronics,South,Online,3,"? 32,488.00","? 97,464.00",Credit Card,C01765
T000403,27-02-2025,Headphones,Accessories,South,Online,4,"? 6,184.00","? 24,736.00",Net Banking,C01092
T000404,08-12-2025,Router,Networking,South,Offline,2,"? 3,484.00","? 6,968.00",Cash,C01486
T000405,01-11-2025,Printer,Electronics,South,Offline,5,"? 19,223.00","? 96,115.00",Credit Card,C00765
T000406,29-06-2025,Laptop,Electronics,West,Online,2,"? 81,395.00","? 1,62,790.00",UPI,C00017
T000407,19-06-2025,Speaker,Accessories,South,Online,1,"? 13,562.00","? 13,562.00",Credit Card,C00152
T000408,22-11-2025,Smartphone,Electronics,West,Offline,3,"? 45,261.00","? 1,35,783.00",Credit Card,C00461
T000409,28-09-2025,Gaming Chair,Furniture,East,Online,3,"? 17,984.00","? 53,952.00",Credit Card,C00248
T000410,23-02-2025,Keyboard,Accessories,East,Online,5,"? 3,498.00","? 17,490.00",UPI,C02205
T000411,11-04-2025,Speaker,Accessories,North,Online,1,"? 9,103.00","? 9,103.00",Credit Card,C00600
T000412,21-09-2025,Camera,Electronics,South,Offline,4,"? 54,261.00","? 2,17,044.00",Cash,C00098
T000413,22-02-2025,Speaker,Accessories,North,Online,2,"? 4,179.00","? 8,358.00",Credit Card,C01102
T000414,01-03-2025,Gaming Chair,Furniture,West,Online,4,"? 23,707.00","? 94,828.00",UPI,C00539
T000415,18-04-2025,Laptop,Electronics,North,Online,1,"? 68,009.00","? 68,009.00",Cash,C00296
T000416,05-01-2025,Headphones,Accessories,North,Online,5,"? 11,611.00","? 58,055.00",Credit Card,C01929
T000417,13-04-2025,Monitor,Electronics,South,Online,1,"? 27,401.00","? 27,401.00",Cash,C02448
T000418,15-07-2025,Webcam,Accessories,West,Online,5,"? 3,347.00","? 16,735.00",UPI,C02061
T000419,19-09-2025,Camera,Electronics,West,Online,4,"? 23,246.00","? 92,984.00",Credit Card,C00438
T000420,31-12-2025,Smartwatch,Accessories,South,Online,4,"? 17,925.00","? 71,700.00",UPI,C01423
T000421,16-12-2025,Router,Networking,West,Online,1,"? 2,816.00","? 2,816.00",Cash,C02020
T000422,16-02-2025,Printer,Electronics,East,Online,1,"? 24,334.00","? 24,334.00",UPI,C00665
T000423,21-12-2025,Speaker,Accessories,South,Offline,3,"? 1,723.00","? 5,169.00",UPI,C02448
T000424,07-11-2025,Speaker,Accessories,South,Online,5,"? 3,526.00","? 17,630.00",Net Banking,C02422
T000425,04-11-2025,Keyboard,Accessories,South,Online,3,"? 2,247.00","? 6,741.00",Cash,C01004
T000426,24-05-2025,Laptop,Electronics,East,Offline,2,"? 65,289.00","? 1,30,578.00",Credit Card,C00559
T000427,26-09-2025,Keyboard,Accessories,West,Online,2,"? 4,478.00","? 8,956.00",UPI,C02465
T000428,04-05-2025,Keyboard,Accessories,East,Online,1,"? 4,423.00","? 4,423.00",UPI,C01108
T000429,16-04-2025,Router,Networking,East,Online,4,"? 3,023.00","? 12,092.00",Net Banking,C00666
T000430,07-06-2025,Keyboard,Accessories,East,Offline,2,"? 3,403.00","? 6,806.00",Credit Card,C00483
T000431,27-05-2025,Monitor,Electronics,North,Offline,2,"? 26,356.00","? 52,712.00",UPI,C00839
T000432,25-05-2025,Webcam,Accessories,West,Online,3,"? 6,104.00","? 18,312.00",Cash,C01965
T000433,30-04-2025,Keyboard,Accessories,West,Offline,3,"? 1,316.00","? 3,948.00",UPI,C00106
T000434,15-11-2025,Smartwatch,Accessories,South,Online,2,"? 17,862.00","? 35,724.00",Net Banking,C01233
T000435,02-10-2025,Webcam,Accessories,South,Offline,1,"? 4,121.00","? 4,121.00",Cash,C01707
T000436,02-04-2025,Speaker,Accessories,North,Online,3,"? 13,933.00","? 41,799.00",UPI,C00791
T000437,27-02-2025,Smartphone,Electronics,East,Offline,2,"? 33,477.00","? 66,954.00",Cash,C00812
T000438,12-12-2025,Headphones,Accessories,South,Online,4,"? 10,956.00","? 43,824.00",Credit Card,C00850
T000439,17-08-2025,Gaming Chair,Furniture,West,Online,3,"? 27,560.00","? 82,680.00",Cash,C00170
T000440,27-04-2025,Webcam,Accessories,South,Online,2,"? 8,984.00","? 17,968.00",Credit Card,C00350
T000441,14-11-2025,Camera,Electronics,East,Offline,5,"? 65,176.00","? 3,25,880.00",Credit Card,C01700
T000442,06-10-2025,Smartwatch,Accessories,North,Offline,3,"? 19,450.00","? 58,350.00",Credit Card,C01615
T000443,07-05-2025,Camera,Electronics,East,Online,5,"? 20,705.00","? 1,03,525.00",Cash,C02009
T000444,09-05-2025,Headphones,Accessories,South,Offline,3,"? 3,358.00","? 10,074.00",Cash,C01933
T000445,27-02-2025,Smartphone,Electronics,North,Offline,3,"? 61,293.00","? 1,83,879.00",UPI,C01752
T000446,02-05-2025,Mouse,Accessories,North,Offline,5,"? 2,870.00","? 14,350.00",Cash,C01105
T000447,01-01-2025,Camera,Electronics,East,Online,1,"? 64,420.00","? 64,420.00",Cash,C00449
T000448,27-08-2025,Camera,Electronics,South,Online,2,"? 40,152.00","? 80,304.00",Credit Card,C01125
T000449,17-10-2025,Smartphone,Electronics,East,Online,1,"? 46,855.00","? 46,855.00",Net Banking,C01393
T000450,06-04-2025,Laptop,Electronics,South,Online,1,"? 52,319.00","? 52,319.00",Credit Card,C01819
T000451,06-05-2025,Gaming Chair,Furniture,South,Offline,2,"? 16,163.00","? 32,326.00",Net Banking,C01684
T000452,28-04-2025,Smartwatch,Accessories,West,Offline,4,"? 2,209.00","? 8,836.00",Cash,C01856
T000453,17-02-2025,Power Bank,Accessories,North,Offline,1,"? 3,607.00","? 3,607.00",Credit Card,C00765
T000454,30-03-2025,Router,Networking,South,Online,1,"? 5,754.00","? 5,754.00",Cash,C01289
T000455,25-08-2025,Laptop,Electronics,East,Offline,1,"? 53,962.00","? 53,962.00",Credit Card,C02250
T000456,29-09-2025,Laptop,Electronics,East,Online,4,"? 63,028.00","? 2,52,112.00",Credit Card,C01142
T000457,08-07-2025,Webcam,Accessories,West,Offline,3,"? 3,890.00","? 11,670.00",Cash,C01147
T000458,11-07-2025,Laptop,Electronics,West,Online,5,"? 71,903.00","? 3,59,515.00",UPI,C01049
T000459,10-03-2025,Keyboard,Accessories,West,Offline,5,"? 4,225.00","? 21,125.00",Credit Card,C02417
T000460,05-10-2025,Printer,Electronics,North,Offline,4,"? 10,794.00","? 43,176.00",UPI,C00385
T000461,15-12-2025,Camera,Electronics,West,Offline,1,"? 50,545.00","? 50,545.00",UPI,C01595
T000462,04-09-2025,Router,Networking,North,Online,5,"? 3,944.00","? 19,720.00",UPI,C01956
T000463,17-03-2025,Speaker,Accessories,West,Online,4,"? 12,275.00","? 49,100.00",Credit Card,C02322
T000464,03-06-2025,Power Bank,Accessories,North,Online,2,? 940.00,"? 1,880.00",Credit Card,C02383
T000465,24-05-2025,Laptop,Electronics,South,Online,5,"? 85,375.00","? 4,26,875.00",Credit Card,C00534
T000466,27-03-2025,Smartwatch,Accessories,West,Offline,2,"? 11,168.00","? 22,336.00",UPI,C02392
T000467,04-07-2025,Webcam,Accessories,North,Offline,1,"? 4,073.00","? 4,073.00",UPI,C01163
T000468,12-10-2025,Printer,Electronics,South,Online,5,"? 24,973.00","? 1,24,865.00",Cash,C00107
T000469,08-08-2025,Gaming Chair,Furniture,West,Online,4,"? 11,283.00","? 45,132.00",Credit Card,C00922
T000470,10-03-2025,Printer,Electronics,South,Offline,3,"? 15,991.00","? 47,973.00",Credit Card,C02394
T000471,16-02-2025,Laptop,Electronics,West,Online,5,"? 70,801.00","? 3,54,005.00",UPI,C00710
T000472,04-04-2025,Monitor,Electronics,East,Online,5,"? 8,713.00","? 43,565.00",Cash,C00993
T000473,26-08-2025,Laptop,Electronics,North,Offline,5,"? 68,807.00","? 3,44,035.00",Net Banking,C00447
T000474,23-07-2025,Webcam,Accessories,East,Offline,5,"? 8,720.00","? 43,600.00",Net Banking,C01073
T000475,06-08-2025,Monitor,Electronics,North,Online,4,"? 9,890.00","? 39,560.00",UPI,C00339
T000476,07-12-2025,Laptop,Electronics,East,Online,4,"? 69,951.00","? 2,79,804.00",Credit Card,C00023
T000477,08-02-2025,Power Bank,Accessories,West,Online,3,"? 2,478.00","? 7,434.00",Credit Card,C01068
T000478,10-04-2025,Smartwatch,Accessories,East,Offline,4,"? 11,109.00","? 44,436.00",Credit Card,C01795
T000479,16-10-2025,Monitor,Electronics,West,Online,4,"? 34,842.00","? 1,39,368.00",Net Banking,C00437
T000480,11-09-2025,Keyboard,Accessories,North,Online,1,"? 3,224.00","? 3,224.00",Cash,C00909
T000481,10-08-2025,Printer,Electronics,West,Offline,1,"? 24,190.00","? 24,190.00",UPI,C01093
T000482,23-12-2025,Laptop,Electronics,East,Offline,2,"? 98,585.00","? 1,97,170.00",Net Banking,C00594
T000483,23-01-2025,Printer,Electronics,South,Offline,3,"? 10,051.00","? 30,153.00",UPI,C00997
T000484,07-09-2025,Laptop,Electronics,North,Online,1,"? 82,433.00","? 82,433.00",UPI,C00277
T000485,10-01-2025,Camera,Electronics,South,Online,3,"? 66,408.00","? 1,99,224.00",Credit Card,C00492
T000486,03-09-2025,Camera,Electronics,South,Offline,3,"? 56,530.00","? 1,69,590.00",Credit Card,C00083
T000487,21-11-2025,Tablet,Electronics,South,Offline,5,"? 36,384.00","? 1,81,920.00",Cash,C02150
T000488,10-04-2025,Laptop,Electronics,South,Offline,3,"? 60,087.00","? 1,80,261.00",Net Banking,C01250
T000489,17-10-2025,Tablet,Electronics,South,Offline,5,"? 22,122.00","? 1,10,610.00",Net Banking,C00468
T000490,29-06-2025,Power Bank,Accessories,East,Offline,2,"? 1,806.00","? 3,612.00",Credit Card,C01165
T000491,11-08-2025,Speaker,Accessories,West,Online,2,"? 9,740.00","? 19,480.00",Credit Card,C00998
T000492,07-09-2025,Router,Networking,West,Online,2,"? 3,350.00","? 6,700.00",UPI,C02380
T000493,27-05-2025,Smartphone,Electronics,South,Online,5,"? 41,505.00","? 2,07,525.00",Cash,C00953
T000494,06-04-2025,Smartphone,Electronics,East,Offline,5,"? 38,294.00","? 1,91,470.00",Credit Card,C01293
T000495,14-09-2025,Printer,Electronics,South,Online,2,"? 12,173.00","? 24,346.00",Cash,C01368
T000496,21-11-2025,Monitor,Electronics,South,Offline,5,"? 26,516.00","? 1,32,580.00",Net Banking,C01000
T000497,04-01-2025,Laptop,Electronics,North,Online,4,"? 56,932.00","? 2,27,728.00",Net Banking,C00094
T000498,16-01-2025,Power Bank,Accessories,East,Offline,4,"? 2,325.00","? 9,300.00",UPI,C00923
T000499,07-10-2025,Gaming Chair,Furniture,South,Online,5,"? 24,712.00","? 1,23,560.00",UPI,C01910
T000500,02-12-2025,Headphones,Accessories,West,Online,5,"? 3,657.00","? 18,285.00",Credit Card,C01212
T000501,04-09-2025,Router,Networking,North,Offline,1,"? 6,029.00","? 6,029.00",UPI,C02360
T000502,15-09-2025,Laptop,Electronics,South,Online,1,"? 91,547.00","? 91,547.00",Credit Card,C01880
T000503,09-06-2025,Laptop,Electronics,South,Online,3,"? 80,382.00","? 2,41,146.00",Credit Card,C01805
T000504,06-12-2025,Power Bank,Accessories,South,Online,3,"? 4,005.00","? 12,015.00",Credit Card,C01159
T000505,01-06-2025,Power Bank,Accessories,East,Offline,3,"? 2,398.00","? 7,194.00",Cash,C01126
T000506,27-06-2025,Headphones,Accessories,South,Offline,2,"? 4,851.00","? 9,702.00",Net Banking,C00358
T000507,12-06-2025,Smartphone,Electronics,West,Offline,4,"? 42,048.00","? 1,68,192.00",Net Banking,C00142
T000508,02-02-2025,Tablet,Electronics,North,Offline,2,"? 17,582.00","? 35,164.00",UPI,C01795
T000509,28-06-2025,Speaker,Accessories,East,Offline,5,"? 12,509.00","? 62,545.00",UPI,C02219
T000510,11-04-2025,Printer,Electronics,North,Online,1,"? 13,823.00","? 13,823.00",Credit Card,C02060
T000511,25-09-2025,Smartphone,Electronics,West,Online,5,"? 19,607.00","? 98,035.00",Cash,C01079
T000512,19-11-2025,Headphones,Accessories,South,Online,5,"? 10,600.00","? 53,000.00",UPI,C00502
T000513,06-03-2025,Laptop,Electronics,East,Offline,1,"? 55,507.00","? 55,507.00",Cash,C00981
T000514,17-06-2025,Smartphone,Electronics,South,Offline,5,"? 20,934.00","? 1,04,670.00",Credit Card,C01979
T000515,26-11-2025,Smartwatch,Accessories,East,Online,3,"? 11,203.00","? 33,609.00",UPI,C00886
T000516,12-02-2025,Gaming Chair,Furniture,South,Online,1,"? 29,952.00","? 29,952.00",Credit Card,C00603
T000517,13-02-2025,Camera,Electronics,West,Online,5,"? 24,659.00","? 1,23,295.00",Credit Card,C00325
T000518,12-10-2025,Webcam,Accessories,West,Online,3,"? 5,898.00","? 17,694.00",Cash,C01965
T000519,12-01-2025,Laptop,Electronics,South,Offline,3,"? 56,242.00","? 1,68,726.00",Credit Card,C01723
T000520,05-04-2025,Speaker,Accessories,West,Online,4,"? 13,736.00","? 54,944.00",UPI,C00316
T000521,29-10-2025,Mouse,Accessories,South,Offline,3,"? 1,729.00","? 5,187.00",UPI,C01725
T000522,10-09-2025,Headphones,Accessories,East,Online,2,"? 11,796.00","? 23,592.00",Credit Card,C01834
T000523,30-08-2025,Keyboard,Accessories,West,Offline,1,"? 2,723.00","? 2,723.00",Net Banking,C00172
T000524,04-02-2025,Monitor,Electronics,East,Online,1,"? 30,560.00","? 30,560.00",UPI,C01414
T000525,03-08-2025,Router,Networking,South,Online,1,"? 6,007.00","? 6,007.00",Credit Card,C00581
T000526,03-12-2025,Keyboard,Accessories,East,Offline,5,"? 3,885.00","? 19,425.00",UPI,C01302
T000527,31-03-2025,Gaming Chair,Furniture,North,Online,5,"? 20,343.00","? 1,01,715.00",Cash,C01345
T000528,21-09-2025,Smartphone,Electronics,South,Online,2,"? 61,803.00","? 1,23,606.00",UPI,C00084
T000529,03-04-2025,Laptop,Electronics,West,Online,3,"? 61,533.00","? 1,84,599.00",UPI,C02136
T000530,31-03-2025,Monitor,Electronics,West,Offline,5,"? 24,579.00","? 1,22,895.00",Credit Card,C01172
T000531,25-04-2025,Monitor,Electronics,North,Offline,3,"? 23,438.00","? 70,314.00",UPI,C01839
T000532,15-04-2025,Printer,Electronics,South,Online,3,"? 19,968.00","? 59,904.00",Net Banking,C00944
T000533,15-07-2025,Keyboard,Accessories,South,Offline,5,"? 1,806.00","? 9,030.00",Cash,C00733
T000534,10-11-2025,Power Bank,Accessories,South,Online,5,"? 3,589.00","? 17,945.00",Credit Card,C01787
T000535,24-04-2025,Laptop,Electronics,South,Online,2,"? 60,376.00","? 1,20,752.00",Credit Card,C02376
T000536,16-03-2025,Gaming Chair,Furniture,East,Online,4,"? 29,168.00","? 1,16,672.00",Credit Card,C00098
T000537,05-08-2025,Printer,Electronics,South,Offline,1,"? 6,718.00","? 6,718.00",Credit Card,C00214
T000538,04-10-2025,Power Bank,Accessories,East,Online,5,"? 4,795.00","? 23,975.00",Cash,C00807
T000539,06-09-2025,Router,Networking,East,Offline,5,"? 1,805.00","? 9,025.00",Credit Card,C00311
T000540,13-06-2025,Webcam,Accessories,West,Online,3,"? 6,930.00","? 20,790.00",Credit Card,C01761
T000541,23-12-2025,Gaming Chair,Furniture,South,Offline,4,"? 16,579.00","? 66,316.00",UPI,C01396
T000542,11-07-2025,Tablet,Electronics,East,Offline,5,"? 40,711.00","? 2,03,555.00",Net Banking,C01502
T000543,15-08-2025,Speaker,Accessories,South,Online,4,"? 14,702.00","? 58,808.00",Net Banking,C02231
T000544,26-06-2025,Keyboard,Accessories,North,Offline,1,"? 3,296.00","? 3,296.00",Credit Card,C02246
T000545,09-04-2025,Camera,Electronics,East,Online,3,"? 67,609.00","? 2,02,827.00",UPI,C01983
T000546,05-02-2025,Router,Networking,West,Online,2,"? 3,935.00","? 7,870.00",Net Banking,C01357
T000547,06-04-2025,Camera,Electronics,South,Online,1,"? 77,522.00","? 77,522.00",Net Banking,C02458
T000548,01-06-2025,Webcam,Accessories,West,Offline,4,"? 3,403.00","? 13,612.00",Net Banking,C00357
T000549,31-05-2025,Speaker,Accessories,East,Online,4,"? 11,396.00","? 45,584.00",UPI,C00856
T000550,09-07-2025,Power Bank,Accessories,East,Online,1,"? 4,183.00","? 4,183.00",Credit Card,C01199
T000551,12-08-2025,Gaming Chair,Furniture,West,Offline,4,"? 28,559.00","? 1,14,236.00",Credit Card,C00643
T000552,06-02-2025,Webcam,Accessories,South,Online,2,"? 8,681.00","? 17,362.00",Cash,C00965
T000553,25-09-2025,Printer,Electronics,East,Online,2,"? 26,926.00","? 53,852.00",Credit Card,C00639
T000554,02-07-2025,Speaker,Accessories,North,Offline,4,"? 14,553.00","? 58,212.00",Net Banking,C01422
T000555,13-01-2025,Router,Networking,West,Online,4,"? 6,684.00","? 26,736.00",Cash,C02312
T000556,06-10-2025,Tablet,Electronics,East,Online,2,"? 31,875.00","? 63,750.00",Net Banking,C01515
T000557,05-08-2025,Smartwatch,Accessories,South,Offline,4,"? 16,838.00","? 67,352.00",UPI,C00527
T000558,21-12-2025,Router,Networking,East,Online,5,"? 6,165.00","? 30,825.00",Cash,C00365
T000559,27-12-2025,Gaming Chair,Furniture,South,Online,3,"? 9,283.00","? 27,849.00",Credit Card,C00009
T000560,13-10-2025,Smartwatch,Accessories,South,Online,5,"? 16,920.00","? 84,600.00",Credit Card,C00113
T000561,30-09-2025,Camera,Electronics,East,Offline,4,"? 85,783.00","? 3,43,132.00",UPI,C00479
T000562,03-03-2025,Mouse,Accessories,North,Online,4,"? 2,574.00","? 10,296.00",UPI,C01202
T000563,25-03-2025,Headphones,Accessories,South,Online,3,"? 7,642.00","? 22,926.00",Net Banking,C00848
T000564,05-08-2025,Speaker,Accessories,West,Online,4,"? 2,481.00","? 9,924.00",Credit Card,C01670
T000565,08-12-2025,Headphones,Accessories,South,Online,3,"? 5,363.00","? 16,089.00",Credit Card,C02476
T000566,06-07-2025,Mouse,Accessories,South,Offline,2,"? 2,063.00","? 4,126.00",Credit Card,C02233
T000567,19-01-2025,Printer,Electronics,North,Online,3,"? 23,949.00","? 71,847.00",Credit Card,C01841
T000568,26-06-2025,Webcam,Accessories,South,Offline,3,"? 3,641.00","? 10,923.00",UPI,C00716
T000569,10-04-2025,Speaker,Accessories,East,Online,5,"? 2,235.00","? 11,175.00",Credit Card,C00581
T000570,21-08-2025,Headphones,Accessories,North,Online,4,"? 11,851.00","? 47,404.00",Cash,C00376
T000571,17-03-2025,Headphones,Accessories,South,Online,2,"? 1,448.00","? 2,896.00",Cash,C00446
T000572,22-09-2025,Keyboard,Accessories,East,Online,1,"? 2,535.00","? 2,535.00",Cash,C01036
T000573,11-10-2025,Keyboard,Accessories,East,Online,3,"? 1,313.00","? 3,939.00",UPI,C01221
T000574,25-07-2025,Mouse,Accessories,South,Offline,1,"? 1,833.00","? 1,833.00",Cash,C00872
T000575,11-08-2025,Webcam,Accessories,West,Offline,4,"? 7,734.00","? 30,936.00",Cash,C00485
T000576,21-02-2025,Laptop,Electronics,West,Online,3,"? 50,876.00","? 1,52,628.00",UPI,C02384
T000577,05-12-2025,Router,Networking,South,Offline,1,"? 4,075.00","? 4,075.00",Credit Card,C01353
T000578,24-05-2025,Speaker,Accessories,South,Offline,5,"? 10,825.00","? 54,125.00",UPI,C00677
T000579,10-03-2025,Gaming Chair,Furniture,East,Online,1,"? 8,671.00","? 8,671.00",Net Banking,C01537
T000580,09-04-2025,Tablet,Electronics,South,Online,5,"? 11,630.00","? 58,150.00",UPI,C01711
T000581,25-01-2025,Printer,Electronics,South,Offline,2,"? 29,823.00","? 59,646.00",Cash,C01161
T000582,22-02-2025,Keyboard,Accessories,East,Online,4,"? 4,018.00","? 16,072.00",UPI,C02322
T000583,31-05-2025,Keyboard,Accessories,South,Offline,1,"? 1,060.00","? 1,060.00",UPI,C01382
T000584,24-05-2025,Smartwatch,Accessories,South,Offline,3,"? 16,713.00","? 50,139.00",Cash,C01708
T000585,26-02-2025,Speaker,Accessories,South,Online,4,"? 8,873.00","? 35,492.00",UPI,C00231
T000586,08-02-2025,Tablet,Electronics,East,Offline,1,"? 20,584.00","? 20,584.00",Cash,C02279
T000587,19-04-2025,Speaker,Accessories,South,Online,3,"? 5,401.00","? 16,203.00",UPI,C02032
T000588,30-06-2025,Smartwatch,Accessories,West,Online,3,"? 19,181.00","? 57,543.00",Credit Card,C00112
T000589,11-02-2025,Gaming Chair,Furniture,South,Online,3,"? 26,167.00","? 78,501.00",Net Banking,C00933
T000590,05-07-2025,Laptop,Electronics,West,Online,3,"? 97,558.00","? 2,92,674.00",UPI,C01812
T000591,11-08-2025,Tablet,Electronics,South,Online,1,"? 26,450.00","? 26,450.00",Cash,C01373
T000592,02-05-2025,Headphones,Accessories,East,Online,2,"? 6,677.00","? 13,354.00",Cash,C01060
T000593,13-05-2025,Smartwatch,Accessories,West,Offline,5,"? 17,314.00","? 86,570.00",Cash,C01232
T000594,12-06-2025,Camera,Electronics,South,Online,5,"? 22,090.00","? 1,10,450.00",Credit Card,C00004
T000595,03-08-2025,Printer,Electronics,South,Online,5,"? 28,454.00","? 1,42,270.00",Credit Card,C01144
T000596,09-08-2025,Headphones,Accessories,South,Online,2,"? 6,932.00","? 13,864.00",Cash,C02157
T000597,23-08-2025,Tablet,Electronics,South,Online,3,"? 21,707.00","? 65,121.00",Cash,C01553
T000598,27-11-2025,Camera,Electronics,East,Online,3,"? 78,566.00","? 2,35,698.00",Cash,C01763
T000599,26-05-2025,Laptop,Electronics,North,Offline,4,"? 81,567.00","? 3,26,268.00",Credit Card,C01721
T000600,27-08-2025,Router,Networking,West,Online,5,"? 2,555.00","? 12,775.00",UPI,C00739
T000601,17-03-2025,Camera,Electronics,South,Offline,5,"? 52,007.00","? 2,60,035.00",Credit Card,C02097
T000602,09-01-2025,Keyboard,Accessories,East,Online,3,"? 4,047.00","? 12,141.00",Credit Card,C01133
T000603,15-03-2025,Mouse,Accessories,North,Offline,5,"? 1,569.00","? 7,845.00",Credit Card,C01717
T000604,10-09-2025,Camera,Electronics,East,Online,3,"? 24,101.00","? 72,303.00",Cash,C00522
T000605,18-08-2025,Webcam,Accessories,South,Online,3,"? 9,007.00","? 27,021.00",Credit Card,C02424
T000606,07-01-2025,Monitor,Electronics,North,Offline,3,"? 23,327.00","? 69,981.00",Credit Card,C01147
T000607,23-06-2025,Power Bank,Accessories,West,Online,1,"? 1,293.00","? 1,293.00",Cash,C00635
T000608,21-05-2025,Laptop,Electronics,West,Offline,1,"? 85,947.00","? 85,947.00",Credit Card,C00649
T000609,17-06-2025,Power Bank,Accessories,East,Offline,1,"? 4,643.00","? 4,643.00",Cash,C01173
T000610,19-06-2025,Headphones,Accessories,West,Online,1,"? 7,214.00","? 7,214.00",Cash,C01025
T000611,10-10-2025,Speaker,Accessories,West,Offline,2,"? 14,726.00","? 29,452.00",Net Banking,C00723
T000612,02-05-2025,Smartwatch,Accessories,North,Offline,4,"? 19,747.00","? 78,988.00",UPI,C00367
T000613,13-07-2025,Smartphone,Electronics,West,Online,4,"? 30,009.00","? 1,20,036.00",Net Banking,C02194
T000614,05-01-2025,Laptop,Electronics,North,Online,3,"? 73,651.00","? 2,20,953.00",Cash,C01931
T000615,29-01-2025,Monitor,Electronics,North,Online,5,"? 19,590.00","? 97,950.00",UPI,C02280
T000616,14-06-2025,Keyboard,Accessories,North,Online,1,"? 1,756.00","? 1,756.00",Net Banking,C00619
T000617,05-12-2025,Smartwatch,Accessories,West,Online,4,"? 2,142.00","? 8,568.00",Cash,C00212
T000618,16-05-2025,Router,Networking,East,Offline,4,"? 4,815.00","? 19,260.00",UPI,C00265
T000619,31-12-2025,Printer,Electronics,East,Offline,1,"? 27,215.00","? 27,215.00",Cash,C01282
T000620,17-11-2025,Router,Networking,West,Offline,2,"? 4,273.00","? 8,546.00",Cash,C00625
T000621,08-12-2025,Speaker,Accessories,North,Offline,2,"? 9,299.00","? 18,598.00",Credit Card,C01668
T000622,25-05-2025,Router,Networking,West,Online,4,"? 7,299.00","? 29,196.00",UPI,C01804
T000623,23-11-2025,Speaker,Accessories,South,Online,2,"? 11,576.00","? 23,152.00",Net Banking,C01235
T000624,05-08-2025,Smartphone,Electronics,East,Offline,1,"? 66,416.00","? 66,416.00",Credit Card,C01017
T000625,28-10-2025,Camera,Electronics,North,Online,4,"? 55,249.00","? 2,20,996.00",UPI,C01107
T000626,12-05-2025,Power Bank,Accessories,West,Offline,1,"? 2,690.00","? 2,690.00",Credit Card,C00762
T000627,19-10-2025,Monitor,Electronics,North,Online,2,"? 31,361.00","? 62,722.00",Credit Card,C00349
T000628,11-03-2025,Speaker,Accessories,South,Online,1,"? 9,396.00","? 9,396.00",UPI,C02343
T000629,09-09-2025,Gaming Chair,Furniture,North,Online,2,"? 27,509.00","? 55,018.00",Credit Card,C02236
T000630,02-10-2025,Camera,Electronics,South,Online,2,"? 78,285.00","? 1,56,570.00",Cash,C00896
T000631,30-12-2025,Router,Networking,East,Online,1,"? 3,115.00","? 3,115.00",Credit Card,C01952
T000632,01-07-2025,Printer,Electronics,North,Online,2,"? 13,050.00","? 26,100.00",UPI,C00331
T000633,16-06-2025,Laptop,Electronics,West,Online,3,"? 88,779.00","? 2,66,337.00",Cash,C02089
T000634,01-04-2025,Mouse,Accessories,North,Online,1,"? 2,368.00","? 2,368.00",Net Banking,C02004
T000635,21-07-2025,Monitor,Electronics,North,Online,3,"? 23,330.00","? 69,990.00",UPI,C01624
T000636,12-12-2025,Tablet,Electronics,South,Online,1,"? 21,414.00","? 21,414.00",Credit Card,C00923
T000637,19-01-2025,Gaming Chair,Furniture,South,Offline,2,"? 12,150.00","? 24,300.00",Cash,C01519
T000638,08-02-2025,Headphones,Accessories,West,Online,2,"? 10,663.00","? 21,326.00",Net Banking,C01333
T000639,06-05-2025,Router,Networking,East,Online,4,"? 2,558.00","? 10,232.00",UPI,C01018
T000640,22-06-2025,Tablet,Electronics,East,Offline,4,"? 17,004.00","? 68,016.00",UPI,C02287
T000641,21-05-2025,Mouse,Accessories,South,Offline,3,"? 1,406.00","? 4,218.00",UPI,C00005
T000642,30-08-2025,Printer,Electronics,West,Online,2,"? 7,220.00","? 14,440.00",Cash,C02366
T000643,08-08-2025,Tablet,Electronics,North,Online,4,"? 47,429.00","? 1,89,716.00",UPI,C00671
T000644,06-05-2025,Router,Networking,West,Online,2,"? 6,366.00","? 12,732.00",UPI,C00047
T000645,27-02-2025,Keyboard,Accessories,West,Online,1,"? 2,497.00","? 2,497.00",Credit Card,C01317
T000646,28-05-2025,Monitor,Electronics,West,Offline,4,"? 13,974.00","? 55,896.00",Net Banking,C01050
T000647,13-11-2025,Keyboard,Accessories,East,Offline,3,"? 3,571.00","? 10,713.00",Credit Card,C01239
T000648,27-12-2025,Smartphone,Electronics,North,Offline,4,"? 65,769.00","? 2,63,076.00",Cash,C00299
T000649,01-01-2025,Router,Networking,West,Offline,2,"? 6,017.00","? 12,034.00",Credit Card,C00061
T000650,14-12-2025,Mouse,Accessories,East,Online,5,"? 2,375.00","? 11,875.00",UPI,C02432
T000651,09-07-2025,Smartphone,Electronics,East,Offline,5,"? 19,612.00","? 98,060.00",Cash,C01861
T000652,10-07-2025,Smartphone,Electronics,South,Online,2,"? 67,909.00","? 1,35,818.00",Credit Card,C01663
T000653,08-11-2025,Smartphone,Electronics,North,Online,1,"? 66,184.00","? 66,184.00",Net Banking,C01945
T000654,27-04-2025,Speaker,Accessories,West,Offline,4,"? 12,902.00","? 51,608.00",Cash,C01825
T000655,14-05-2025,Webcam,Accessories,North,Online,5,"? 6,453.00","? 32,265.00",Cash,C00756
T000656,27-02-2025,Laptop,Electronics,South,Online,1,"? 70,698.00","? 70,698.00",Cash,C00576
T000657,13-02-2025,Gaming Chair,Furniture,South,Offline,2,"? 29,047.00","? 58,094.00",Credit Card,C02225
T000658,22-06-2025,Speaker,Accessories,West,Online,1,"? 11,469.00","? 11,469.00",Cash,C00093
T000659,09-06-2025,Laptop,Electronics,East,Online,2,"? 89,819.00","? 1,79,638.00",Cash,C01532
T000660,22-06-2025,Gaming Chair,Furniture,South,Online,4,"? 20,545.00","? 82,180.00",Cash,C01551
T000661,13-11-2025,Mouse,Accessories,East,Offline,1,"? 1,936.00","? 1,936.00",Net Banking,C02324
T000662,30-10-2025,Webcam,Accessories,South,Online,4,"? 6,996.00","? 27,984.00",Credit Card,C00534
T000663,29-05-2025,Router,Networking,North,Online,1,"? 2,392.00","? 2,392.00",UPI,C01802
T000664,21-03-2025,Gaming Chair,Furniture,West,Online,2,"? 25,355.00","? 50,710.00",Credit Card,C01992
T000665,01-08-2025,Gaming Chair,Furniture,South,Offline,2,"? 24,486.00","? 48,972.00",Cash,C02231
T000666,22-07-2025,Webcam,Accessories,North,Offline,1,"? 7,551.00","? 7,551.00",Cash,C00864
T000667,09-09-2025,Gaming Chair,Furniture,South,Online,2,"? 29,529.00","? 59,058.00",Credit Card,C00412
T000668,17-08-2025,Power Bank,Accessories,West,Online,3,"? 4,046.00","? 12,138.00",Cash,C01673
T000669,13-06-2025,Smartwatch,Accessories,North,Online,3,"? 15,965.00","? 47,895.00",Cash,C01055
T000670,15-08-2025,Speaker,Accessories,East,Online,4,"? 4,917.00","? 19,668.00",Net Banking,C02263
T000671,27-05-2025,Tablet,Electronics,South,Online,3,"? 16,445.00","? 49,335.00",UPI,C02400
T000672,20-01-2025,Laptop,Electronics,South,Online,3,"? 55,417.00","? 1,66,251.00",Credit Card,C01866
T000673,16-02-2025,Speaker,Accessories,North,Offline,5,"? 14,866.00","? 74,330.00",Credit Card,C01763
T000674,21-08-2025,Camera,Electronics,West,Offline,5,"? 33,302.00","? 1,66,510.00",Credit Card,C01209
T000675,01-11-2025,Keyboard,Accessories,South,Online,5,"? 4,359.00","? 21,795.00",Credit Card,C00927
T000676,14-01-2025,Speaker,Accessories,North,Online,5,"? 14,618.00","? 73,090.00",UPI,C01611
T000677,23-05-2025,Laptop,Electronics,West,Offline,2,"? 90,274.00","? 1,80,548.00",Net Banking,C00232
T000678,01-01-2025,Printer,Electronics,South,Offline,4,"? 26,936.00","? 1,07,744.00",Credit Card,C01098
T000679,23-02-2025,Smartphone,Electronics,North,Online,4,"? 47,098.00","? 1,88,392.00",Cash,C00253
T000680,16-09-2025,Laptop,Electronics,West,Online,3,"? 78,803.00","? 2,36,409.00",Cash,C00434
T000681,24-05-2025,Webcam,Accessories,South,Online,4,"? 7,173.00","? 28,692.00",UPI,C01957
T000682,12-01-2025,Power Bank,Accessories,South,Online,3,"? 2,957.00","? 8,871.00",Credit Card,C01223
T000683,26-11-2025,Mouse,Accessories,West,Offline,4,? 981.00,"? 3,924.00",Net Banking,C00084
T000684,12-08-2025,Keyboard,Accessories,West,Online,1,"? 1,495.00","? 1,495.00",UPI,C00712
T000685,29-09-2025,Keyboard,Accessories,North,Online,1,"? 3,897.00","? 3,897.00",Net Banking,C01681
T000686,24-12-2025,Gaming Chair,Furniture,South,Online,4,"? 26,267.00","? 1,05,068.00",Credit Card,C00217
T000687,05-06-2025,Smartwatch,Accessories,South,Offline,2,"? 13,559.00","? 27,118.00",UPI,C01261
T000688,08-01-2025,Speaker,Accessories,North,Online,3,"? 14,990.00","? 44,970.00",UPI,C02306
T000689,02-05-2025,Headphones,Accessories,South,Online,4,"? 7,044.00","? 28,176.00",UPI,C02277
T000690,14-12-2025,Speaker,Accessories,South,Offline,3,"? 10,501.00","? 31,503.00",Credit Card,C00298
T000691,13-06-2025,Headphones,Accessories,South,Offline,5,"? 6,220.00","? 31,100.00",Net Banking,C00505
T000692,31-03-2025,Tablet,Electronics,East,Offline,4,"? 37,560.00","? 1,50,240.00",Net Banking,C00651
T000693,16-05-2025,Camera,Electronics,West,Online,2,"? 86,108.00","? 1,72,216.00",Credit Card,C01748
T000694,05-07-2025,Monitor,Electronics,East,Offline,5,"? 9,206.00","? 46,030.00",Cash,C01663
T000695,12-11-2025,Mouse,Accessories,East,Offline,4,"? 1,208.00","? 4,832.00",Cash,C01785
T000696,27-06-2025,Printer,Electronics,West,Offline,1,"? 25,464.00","? 25,464.00",Net Banking,C02488
T000697,28-01-2025,Laptop,Electronics,East,Online,4,"? 85,228.00","? 3,40,912.00",UPI,C01609
T000698,08-08-2025,Mouse,Accessories,North,Online,1,"? 2,141.00","? 2,141.00",Credit Card,C02221
T000699,23-12-2025,Camera,Electronics,East,Offline,1,"? 57,693.00","? 57,693.00",Credit Card,C00941
T000700,10-02-2025,Headphones,Accessories,North,Offline,4,"? 3,613.00","? 14,452.00",Credit Card,C00162
T000701,16-08-2025,Mouse,Accessories,West,Offline,4,"? 2,115.00","? 8,460.00",Credit Card,C02042
T000702,11-07-2025,Router,Networking,South,Offline,1,"? 7,747.00","? 7,747.00",Credit Card,C00607
T000703,25-05-2025,Power Bank,Accessories,West,Online,3,"? 2,369.00","? 7,107.00",UPI,C00858
T000704,20-07-2025,Laptop,Electronics,West,Online,5,"? 67,060.00","? 3,35,300.00",UPI,C01913
T000705,31-07-2025,Smartwatch,Accessories,East,Offline,2,"? 15,232.00","? 30,464.00",Cash,C01772
T000706,08-08-2025,Tablet,Electronics,West,Offline,4,"? 24,605.00","? 98,420.00",UPI,C00020
T000707,28-08-2025,Smartwatch,Accessories,West,Offline,5,"? 4,513.00","? 22,565.00",Credit Card,C00402
T000708,15-02-2025,Headphones,Accessories,North,Offline,5,"? 9,992.00","? 49,960.00",Cash,C00712
T000709,04-02-2025,Smartphone,Electronics,South,Online,3,"? 24,333.00","? 72,999.00",UPI,C01468
T000710,10-09-2025,Speaker,Accessories,East,Online,5,"? 14,903.00","? 74,515.00",Cash,C01719
T000711,23-03-2025,Headphones,Accessories,South,Offline,4,"? 4,052.00","? 16,208.00",Cash,C02356
T000712,13-09-2025,Tablet,Electronics,South,Online,5,"? 44,799.00","? 2,23,995.00",Credit Card,C01561
T000713,16-07-2025,Router,Networking,South,Offline,4,"? 3,008.00","? 12,032.00",UPI,C01514
T000714,30-10-2025,Laptop,Electronics,East,Offline,4,"? 92,070.00","? 3,68,280.00",UPI,C01369
T000715,10-01-2025,Power Bank,Accessories,West,Online,1,"? 1,712.00","? 1,712.00",Cash,C01350
T000716,08-11-2025,Camera,Electronics,South,Offline,3,"? 25,322.00","? 75,966.00",Credit Card,C01955
T000717,13-10-2025,Monitor,Electronics,East,Online,2,"? 9,055.00","? 18,110.00",UPI,C02231
T000718,30-08-2025,Webcam,Accessories,West,Offline,1,"? 9,130.00","? 9,130.00",Credit Card,C00868
T000719,08-09-2025,Smartwatch,Accessories,South,Online,2,"? 9,107.00","? 18,214.00",Cash,C01792
T000720,31-12-2025,Headphones,Accessories,North,Offline,4,"? 6,670.00","? 26,680.00",Credit Card,C00024
T000721,05-01-2025,Camera,Electronics,East,Offline,1,"? 65,149.00","? 65,149.00",Net Banking,C02284
T000722,29-04-2025,Power Bank,Accessories,South,Online,5,"? 2,550.00","? 12,750.00",UPI,C01801
T000723,16-10-2025,Smartwatch,Accessories,East,Offline,5,"? 9,575.00","? 47,875.00",UPI,C00255
T000724,06-03-2025,Headphones,Accessories,North,Offline,2,"? 7,387.00","? 14,774.00",UPI,C00377
T000725,26-05-2025,Tablet,Electronics,East,Offline,4,"? 38,729.00","? 1,54,916.00",Cash,C01133
T000726,12-08-2025,Smartwatch,Accessories,West,Offline,2,"? 5,012.00","? 10,024.00",Credit Card,C01843
T000727,27-08-2025,Headphones,Accessories,South,Online,3,"? 4,428.00","? 13,284.00",UPI,C01342
T000728,26-06-2025,Webcam,Accessories,East,Online,5,"? 7,963.00","? 39,815.00",Cash,C00422
T000729,24-09-2025,Laptop,Electronics,East,Online,1,"? 55,138.00","? 55,138.00",UPI,C00131
T000730,07-12-2025,Power Bank,Accessories,South,Offline,1,"? 1,156.00","? 1,156.00",Credit Card,C00944
T000731,09-10-2025,Tablet,Electronics,North,Online,1,"? 31,639.00","? 31,639.00",Credit Card,C01449
T000732,04-03-2025,Camera,Electronics,North,Online,5,"? 68,966.00","? 3,44,830.00",UPI,C00219
T000733,05-08-2025,Webcam,Accessories,South,Online,4,"? 5,891.00","? 23,564.00",Cash,C01609
T000734,08-12-2025,Camera,Electronics,South,Online,5,"? 65,580.00","? 3,27,900.00",Credit Card,C00197
T000735,11-11-2025,Monitor,Electronics,West,Offline,5,"? 21,412.00","? 1,07,060.00",Credit Card,C01885
T000736,10-10-2025,Mouse,Accessories,East,Online,1,"? 2,017.00","? 2,017.00",UPI,C00618
T000737,26-06-2025,Smartphone,Electronics,East,Offline,5,"? 41,199.00","? 2,05,995.00",Credit Card,C01636
T000738,08-04-2025,Laptop,Electronics,North,Online,1,"? 87,992.00","? 87,992.00",Cash,C00844
T000739,15-04-2025,Tablet,Electronics,West,Offline,4,"? 36,241.00","? 1,44,964.00",Cash,C01102
T000740,09-04-2025,Smartwatch,Accessories,East,Online,3,"? 9,951.00","? 29,853.00",Cash,C01679
T000741,07-11-2025,Camera,Electronics,West,Online,1,"? 33,837.00","? 33,837.00",UPI,C01395
T000742,06-01-2025,Webcam,Accessories,South,Online,2,"? 3,489.00","? 6,978.00",Credit Card,C01119
T000743,16-07-2025,Speaker,Accessories,East,Online,3,"? 12,478.00","? 37,434.00",Net Banking,C02437
T000744,17-12-2025,Power Bank,Accessories,South,Online,4,"? 1,328.00","? 5,312.00",UPI,C01836
T000745,13-05-2025,Laptop,Electronics,North,Online,3,"? 52,604.00","? 1,57,812.00",Cash,C00047
T000746,24-12-2025,Tablet,Electronics,North,Online,1,"? 41,269.00","? 41,269.00",Net Banking,C01182
T000747,16-09-2025,Tablet,Electronics,South,Online,4,"? 10,063.00","? 40,252.00",UPI,C00751
T000748,23-01-2025,Smartwatch,Accessories,North,Offline,2,"? 14,152.00","? 28,304.00",Net Banking,C02319
T000749,22-02-2025,Tablet,Electronics,South,Online,1,"? 29,196.00","? 29,196.00",Cash,C02470
T000750,14-06-2025,Router,Networking,South,Offline,1,"? 4,321.00","? 4,321.00",Cash,C01052
T000751,21-07-2025,Printer,Electronics,South,Offline,4,"? 10,027.00","? 40,108.00",Cash,C01201
T000752,24-03-2025,Laptop,Electronics,North,Online,4,"? 64,959.00","? 2,59,836.00",Credit Card,C02135
T000753,25-05-2025,Headphones,Accessories,North,Online,3,"? 1,101.00","? 3,303.00",Net Banking,C00687
T000754,26-03-2025,Router,Networking,North,Online,2,"? 4,848.00","? 9,696.00",UPI,C01611
T000755,19-03-2025,Router,Networking,South,Online,3,"? 4,798.00","? 14,394.00",UPI,C00758
T000756,01-01-2025,Camera,Electronics,West,Offline,3,"? 47,467.00","? 1,42,401.00",Net Banking,C00054
T000757,20-02-2025,Camera,Electronics,North,Online,1,"? 36,056.00","? 36,056.00",Net Banking,C02131
T000758,22-06-2025,Headphones,Accessories,West,Online,4,"? 4,135.00","? 16,540.00",Credit Card,C02433
T000759,24-07-2025,Laptop,Electronics,North,Online,1,"? 67,564.00","? 67,564.00",UPI,C01936
T000760,17-09-2025,Gaming Chair,Furniture,East,Offline,2,"? 13,509.00","? 27,018.00",UPI,C02271
T000761,15-10-2025,Smartphone,Electronics,East,Offline,3,"? 42,462.00","? 1,27,386.00",Cash,C01889
T000762,03-02-2025,Speaker,Accessories,East,Offline,2,"? 9,030.00","? 18,060.00",Net Banking,C02334
T000763,14-12-2025,Laptop,Electronics,West,Offline,4,"? 52,728.00","? 2,10,912.00",Net Banking,C02022
T000764,05-04-2025,Keyboard,Accessories,North,Online,4,"? 3,392.00","? 13,568.00",UPI,C01604
T000765,13-03-2025,Tablet,Electronics,South,Online,5,"? 34,974.00","? 1,74,870.00",Cash,C00444
T000766,08-02-2025,Mouse,Accessories,West,Online,2,? 804.00,"? 1,608.00",UPI,C02137
T000767,03-06-2025,Smartwatch,Accessories,North,Online,1,"? 4,873.00","? 4,873.00",Cash,C01553
T000768,07-09-2025,Printer,Electronics,East,Online,2,"? 21,491.00","? 42,982.00",Credit Card,C01182
T000769,11-06-2025,Mouse,Accessories,West,Online,3,"? 2,482.00","? 7,446.00",Cash,C00269
T000770,28-04-2025,Headphones,Accessories,North,Online,4,"? 3,467.00","? 13,868.00",Credit Card,C00908
T000771,16-09-2025,Smartwatch,Accessories,South,Online,4,"? 17,758.00","? 71,032.00",Cash,C01056
T000772,02-11-2025,Smartwatch,Accessories,West,Offline,2,"? 5,959.00","? 11,918.00",UPI,C02135
T000773,25-09-2025,Speaker,Accessories,South,Offline,2,"? 8,340.00","? 16,680.00",Credit Card,C02141
T000774,23-02-2025,Webcam,Accessories,West,Online,2,"? 6,348.00","? 12,696.00",UPI,C00595
T000775,24-08-2025,Smartwatch,Accessories,East,Online,3,"? 13,177.00","? 39,531.00",Credit Card,C01540
T000776,10-08-2025,Camera,Electronics,East,Online,3,"? 77,024.00","? 2,31,072.00",Cash,C00154
T000777,08-09-2025,Printer,Electronics,East,Offline,1,"? 6,679.00","? 6,679.00",UPI,C01618
T000778,09-11-2025,Camera,Electronics,South,Offline,2,"? 37,705.00","? 75,410.00",UPI,C00418
T000779,22-04-2025,Tablet,Electronics,East,Online,1,"? 32,246.00","? 32,246.00",UPI,C00253
T000780,12-09-2025,Keyboard,Accessories,South,Online,5,"? 4,850.00","? 24,250.00",Cash,C02207
T000781,30-10-2025,Monitor,Electronics,South,Online,3,"? 12,789.00","? 38,367.00",Credit Card,C00312
T000782,26-07-2025,Speaker,Accessories,South,Online,4,"? 2,033.00","? 8,132.00",UPI,C01598
T000783,17-08-2025,Printer,Electronics,East,Offline,5,"? 24,202.00","? 1,21,010.00",Cash,C00581
T000784,07-12-2025,Router,Networking,North,Online,4,"? 5,700.00","? 22,800.00",Cash,C00435
T000785,07-03-2025,Webcam,Accessories,South,Offline,5,"? 3,841.00","? 19,205.00",Credit Card,C01006
T000786,16-03-2025,Mouse,Accessories,North,Online,1,"? 2,998.00","? 2,998.00",Credit Card,C00265
T000787,13-04-2025,Power Bank,Accessories,South,Offline,1,"? 3,222.00","? 3,222.00",Credit Card,C01032
T000788,11-07-2025,Tablet,Electronics,East,Online,3,"? 47,313.00","? 1,41,939.00",Cash,C01018
T000789,09-09-2025,Laptop,Electronics,East,Online,4,"? 92,428.00","? 3,69,712.00",Cash,C02155
T000790,14-08-2025,Headphones,Accessories,East,Offline,5,"? 8,227.00","? 41,135.00",UPI,C00739
T000791,21-10-2025,Router,Networking,West,Offline,2,"? 7,011.00","? 14,022.00",Cash,C01093
T000792,02-11-2025,Keyboard,Accessories,East,Offline,2,"? 1,935.00","? 3,870.00",Net Banking,C00440
T000793,08-04-2025,Tablet,Electronics,North,Offline,3,"? 41,983.00","? 1,25,949.00",Cash,C01838
T000794,04-12-2025,Gaming Chair,Furniture,South,Offline,4,"? 9,145.00","? 36,580.00",Cash,C00842
T000795,13-10-2025,Laptop,Electronics,North,Online,2,"? 73,804.00","? 1,47,608.00",Credit Card,C00895
T000796,01-12-2025,Keyboard,Accessories,West,Offline,3,"? 2,175.00","? 6,525.00",UPI,C00651
T000797,13-12-2025,Gaming Chair,Furniture,North,Offline,3,"? 27,305.00","? 81,915.00",UPI,C01092
T000798,04-11-2025,Laptop,Electronics,South,Online,4,"? 60,047.00","? 2,40,188.00",UPI,C02037
T000799,06-09-2025,Printer,Electronics,South,Online,2,"? 18,156.00","? 36,312.00",Net Banking,C00146
T000800,15-06-2025,Speaker,Accessories,East,Offline,2,"? 13,071.00","? 26,142.00",UPI,C00384
T000801,01-12-2025,Gaming Chair,Furniture,West,Offline,2,"? 23,676.00","? 47,352.00",Net Banking,C00890
T000802,30-01-2025,Power Bank,Accessories,West,Online,1,"? 2,404.00","? 2,404.00",Credit Card,C01423
T000803,04-09-2025,Laptop,Electronics,North,Offline,2,"? 64,932.00","? 1,29,864.00",Cash,C01980
T000804,16-04-2025,Router,Networking,East,Offline,5,"? 6,901.00","? 34,505.00",Cash,C01664
T000805,20-02-2025,Keyboard,Accessories,East,Online,1,"? 3,979.00","? 3,979.00",UPI,C00120
T000806,22-03-2025,Laptop,Electronics,East,Offline,1,"? 87,815.00","? 87,815.00",Cash,C00055
T000807,13-05-2025,Power Bank,Accessories,South,Online,1,"? 1,351.00","? 1,351.00",UPI,C01094
T000808,12-10-2025,Mouse,Accessories,West,Online,1,"? 2,404.00","? 2,404.00",Cash,C01913
T000809,18-05-2025,Tablet,Electronics,North,Online,3,"? 34,003.00","? 1,02,009.00",Credit Card,C01518
T000810,03-07-2025,Keyboard,Accessories,North,Offline,5,"? 2,536.00","? 12,680.00",Credit Card,C00356
T000811,26-11-2025,Mouse,Accessories,North,Online,4,"? 2,208.00","? 8,832.00",Credit Card,C01492
T000812,30-09-2025,Laptop,Electronics,East,Offline,2,"? 96,760.00","? 1,93,520.00",Credit Card,C01312
T000813,06-12-2025,Laptop,Electronics,West,Online,1,"? 56,476.00","? 56,476.00",Credit Card,C00774
T000814,10-03-2025,Router,Networking,West,Offline,4,"? 2,624.00","? 10,496.00",Credit Card,C00912
T000815,03-02-2025,Smartwatch,Accessories,South,Offline,3,"? 19,766.00","? 59,298.00",UPI,C01009
T000816,19-09-2025,Keyboard,Accessories,South,Offline,4,"? 2,470.00","? 9,880.00",Cash,C01746
T000817,22-02-2025,Webcam,Accessories,South,Offline,1,"? 4,900.00","? 4,900.00",Credit Card,C01261
T000818,24-07-2025,Webcam,Accessories,North,Offline,5,"? 9,556.00","? 47,780.00",Cash,C02266
T000819,06-05-2025,Printer,Electronics,North,Online,4,"? 19,929.00","? 79,716.00",Net Banking,C00724
T000820,23-08-2025,Gaming Chair,Furniture,West,Online,1,"? 26,588.00","? 26,588.00",Cash,C02029
T000821,12-02-2025,Laptop,Electronics,South,Online,1,"? 79,575.00","? 79,575.00",Net Banking,C01294
T000822,28-08-2025,Router,Networking,North,Offline,2,"? 4,844.00","? 9,688.00",Cash,C01682
T000823,21-04-2025,Headphones,Accessories,South,Online,2,"? 4,014.00","? 8,028.00",Net Banking,C00264
T000824,06-09-2025,Camera,Electronics,South,Online,5,"? 49,067.00","? 2,45,335.00",Credit Card,C00344
T000825,31-05-2025,Monitor,Electronics,West,Offline,2,"? 32,303.00","? 64,606.00",Credit Card,C01501
T000826,02-07-2025,Camera,Electronics,West,Offline,5,"? 65,262.00","? 3,26,310.00",UPI,C00521
T000827,02-12-2025,Printer,Electronics,North,Offline,3,"? 15,972.00","? 47,916.00",Net Banking,C01066
T000828,05-04-2025,Webcam,Accessories,West,Online,3,"? 3,128.00","? 9,384.00",UPI,C01838
T000829,08-01-2025,Router,Networking,South,Online,2,"? 2,829.00","? 5,658.00",UPI,C01915
T000830,26-12-2025,Tablet,Electronics,West,Online,3,"? 48,513.00","? 1,45,539.00",Credit Card,C00432
T000831,03-07-2025,Speaker,Accessories,South,Online,4,"? 11,251.00","? 45,004.00",Cash,C01820
T000832,08-10-2025,Smartphone,Electronics,South,Online,4,"? 40,380.00","? 1,61,520.00",Credit Card,C02378
T000833,14-07-2025,Headphones,Accessories,North,Online,4,"? 11,701.00","? 46,804.00",Cash,C00276
T000834,18-12-2025,Smartphone,Electronics,North,Online,3,"? 43,923.00","? 1,31,769.00",Credit Card,C01446
T000835,14-07-2025,Laptop,Electronics,North,Online,4,"? 84,058.00","? 3,36,232.00",Cash,C00727
T000836,04-06-2025,Power Bank,Accessories,South,Online,5,"? 3,386.00","? 16,930.00",UPI,C01904
T000837,03-04-2025,Tablet,Electronics,West,Online,1,"? 48,891.00","? 48,891.00",Credit Card,C01916
T000838,09-06-2025,Mouse,Accessories,North,Offline,2,"? 1,234.00","? 2,468.00",Cash,C01172
T000839,02-03-2025,Router,Networking,North,Offline,5,"? 4,050.00","? 20,250.00",Credit Card,C01943
T000840,02-05-2025,Router,Networking,West,Offline,4,"? 2,455.00","? 9,820.00",Credit Card,C02181
T000841,20-02-2025,Laptop,Electronics,West,Online,1,"? 91,539.00","? 91,539.00",Cash,C00700
T000842,04-10-2025,Smartphone,Electronics,North,Offline,2,"? 57,897.00","? 1,15,794.00",Credit Card,C00987
T000843,05-01-2025,Laptop,Electronics,South,Offline,5,"? 79,843.00","? 3,99,215.00",Net Banking,C00585
T000844,02-04-2025,Monitor,Electronics,South,Online,2,"? 24,340.00","? 48,680.00",Cash,C02153
T000845,19-06-2025,Smartwatch,Accessories,North,Online,3,"? 8,983.00","? 26,949.00",Credit Card,C00292
T000846,13-11-2025,Monitor,Electronics,West,Online,4,"? 17,857.00","? 71,428.00",Cash,C02280
T000847,22-01-2025,Tablet,Electronics,South,Offline,5,"? 33,513.00","? 1,67,565.00",Credit Card,C01125
T000848,22-11-2025,Router,Networking,West,Online,5,"? 3,630.00","? 18,150.00",Credit Card,C02307
T000849,01-01-2025,Power Bank,Accessories,East,Offline,1,"? 4,540.00","? 4,540.00",Credit Card,C01316
T000850,13-05-2025,Mouse,Accessories,West,Offline,1,"? 2,900.00","? 2,900.00",Credit Card,C00112
T000851,21-08-2025,Monitor,Electronics,West,Offline,1,"? 34,218.00","? 34,218.00",UPI,C01069
T000852,12-01-2025,Webcam,Accessories,East,Offline,2,"? 8,951.00","? 17,902.00",UPI,C01507
T000853,12-12-2025,Keyboard,Accessories,South,Offline,4,"? 2,197.00","? 8,788.00",Cash,C02273
T000854,15-02-2025,Router,Networking,South,Online,2,"? 6,102.00","? 12,204.00",UPI,C01946
T000855,03-02-2025,Router,Networking,South,Online,4,"? 4,704.00","? 18,816.00",Cash,C00918
T000856,19-03-2025,Mouse,Accessories,North,Offline,5,"? 1,694.00","? 8,470.00",Credit Card,C00561
T000857,06-08-2025,Gaming Chair,Furniture,East,Offline,2,"? 11,144.00","? 22,288.00",Cash,C01645
T000858,28-10-2025,Power Bank,Accessories,West,Online,2,"? 2,751.00","? 5,502.00",UPI,C01003
T000859,14-03-2025,Smartphone,Electronics,East,Offline,2,"? 57,419.00","? 1,14,838.00",Credit Card,C00887
T000860,09-10-2025,Monitor,Electronics,East,Offline,3,"? 16,025.00","? 48,075.00",UPI,C01694
T000861,06-09-2025,Smartwatch,Accessories,East,Online,4,"? 18,676.00","? 74,704.00",UPI,C01263
T000862,16-02-2025,Mouse,Accessories,East,Online,4,"? 1,054.00","? 4,216.00",Net Banking,C02428
T000863,01-05-2025,Laptop,Electronics,East,Offline,2,"? 93,944.00","? 1,87,888.00",Credit Card,C00457
T000864,02-08-2025,Smartwatch,Accessories,East,Online,3,"? 9,604.00","? 28,812.00",Credit Card,C01540
T000865,27-08-2025,Laptop,Electronics,North,Offline,2,"? 89,907.00","? 1,79,814.00",Credit Card,C01228
T000866,25-02-2025,Power Bank,Accessories,East,Online,4,"? 3,514.00","? 14,056.00",Net Banking,C00084
T000867,16-12-2025,Router,Networking,East,Offline,5,"? 7,703.00","? 38,515.00",UPI,C01937
T000868,17-04-2025,Monitor,Electronics,South,Offline,3,"? 26,005.00","? 78,015.00",UPI,C02407
T000869,15-11-2025,Webcam,Accessories,East,Online,3,"? 9,371.00","? 28,113.00",Cash,C01397
T000870,17-02-2025,Headphones,Accessories,East,Online,2,"? 5,014.00","? 10,028.00",Cash,C01598
T000871,02-03-2025,Headphones,Accessories,South,Offline,5,"? 4,505.00","? 22,525.00",Credit Card,C00058
T000872,03-12-2025,Smartphone,Electronics,South,Offline,4,"? 56,478.00","? 2,25,912.00",UPI,C01850
T000873,26-01-2025,Smartwatch,Accessories,South,Online,1,"? 16,418.00","? 16,418.00",UPI,C00437
T000874,19-10-2025,Laptop,Electronics,West,Online,4,"? 66,411.00","? 2,65,644.00",Cash,C01014
T000875,14-09-2025,Printer,Electronics,East,Online,4,"? 6,265.00","? 25,060.00",Cash,C01774
T000876,08-01-2025,Smartwatch,Accessories,East,Online,5,"? 11,498.00","? 57,490.00",UPI,C02134
T000877,23-04-2025,Keyboard,Accessories,East,Online,3,"? 4,753.00","? 14,259.00",Credit Card,C01600
T000878,21-12-2025,Smartphone,Electronics,South,Offline,4,"? 36,459.00","? 1,45,836.00",Net Banking,C00980
T000879,10-09-2025,Camera,Electronics,North,Online,3,"? 42,203.00","? 1,26,609.00",Cash,C01560
T000880,29-06-2025,Camera,Electronics,East,Online,5,"? 66,917.00","? 3,34,585.00",Cash,C00264
T000881,26-07-2025,Laptop,Electronics,South,Offline,5,"? 83,378.00","? 4,16,890.00",UPI,C02371
T000882,30-10-2025,Headphones,Accessories,South,Online,2,"? 11,466.00","? 22,932.00",UPI,C00011
T000883,07-05-2025,Mouse,Accessories,South,Offline,1,? 850.00,? 850.00,Credit Card,C01921
T000884,25-02-2025,Keyboard,Accessories,West,Offline,5,? 902.00,"? 4,510.00",Net Banking,C00263
T000885,02-08-2025,Camera,Electronics,South,Online,5,"? 22,027.00","? 1,10,135.00",Net Banking,C00908
T000886,14-01-2025,Laptop,Electronics,North,Online,3,"? 96,723.00","? 2,90,169.00",Cash,C01855
T000887,28-01-2025,Laptop,Electronics,West,Online,5,"? 64,807.00","? 3,24,035.00",UPI,C00454
T000888,19-03-2025,Monitor,Electronics,South,Online,4,"? 17,081.00","? 68,324.00",UPI,C01255
T000889,04-08-2025,Headphones,Accessories,North,Online,2,"? 1,178.00","? 2,356.00",Cash,C02328
T000890,31-12-2025,Smartwatch,Accessories,North,Offline,2,"? 7,817.00","? 15,634.00",Net Banking,C00550
T000891,03-06-2025,Router,Networking,East,Online,4,"? 3,479.00","? 13,916.00",Credit Card,C00199
T000892,14-01-2025,Mouse,Accessories,South,Offline,5,"? 2,910.00","? 14,550.00",Credit Card,C01802
T000893,06-07-2025,Monitor,Electronics,South,Online,1,"? 11,984.00","? 11,984.00",Net Banking,C01880
T000894,08-11-2025,Webcam,Accessories,East,Offline,5,"? 7,165.00","? 35,825.00",Credit Card,C00286
T000895,07-01-2025,Camera,Electronics,North,Offline,2,"? 34,635.00","? 69,270.00",UPI,C01152
T000896,03-01-2025,Mouse,Accessories,South,Offline,1,? 750.00,? 750.00,Credit Card,C01231
T000897,21-04-2025,Smartphone,Electronics,East,Online,3,"? 52,050.00","? 1,56,150.00",Net Banking,C00258
T000898,26-08-2025,Gaming Chair,Furniture,East,Online,3,"? 19,610.00","? 58,830.00",UPI,C00776
T000899,29-12-2025,Webcam,Accessories,North,Offline,5,"? 7,028.00","? 35,140.00",Net Banking,C00511
T000900,27-08-2025,Headphones,Accessories,North,Offline,5,"? 8,988.00","? 44,940.00",Net Banking,C00560
T000901,01-10-2025,Camera,Electronics,South,Offline,1,"? 52,070.00","? 52,070.00",Credit Card,C02112
T000902,21-10-2025,Power Bank,Accessories,South,Online,1,"? 3,024.00","? 3,024.00",Cash,C00701
T000903,15-08-2025,Laptop,Electronics,West,Offline,5,"? 69,171.00","? 3,45,855.00",UPI,C00141
T000904,15-01-2025,Camera,Electronics,North,Offline,2,"? 73,778.00","? 1,47,556.00",UPI,C00978
T000905,11-07-2025,Printer,Electronics,West,Offline,3,"? 28,945.00","? 86,835.00",Credit Card,C01941
T000906,29-04-2025,Tablet,Electronics,West,Online,1,"? 32,736.00","? 32,736.00",Net Banking,C00740
T000907,28-01-2025,Power Bank,Accessories,East,Offline,2,"? 1,237.00","? 2,474.00",Credit Card,C02155
T000908,21-07-2025,Tablet,Electronics,East,Online,5,"? 48,656.00","? 2,43,280.00",Net Banking,C01666
T000909,08-02-2025,Camera,Electronics,South,Offline,4,"? 85,499.00","? 3,41,996.00",Cash,C01876
T000910,30-09-2025,Printer,Electronics,North,Offline,1,"? 8,358.00","? 8,358.00",Cash,C00213
T000911,19-08-2025,Camera,Electronics,North,Online,4,"? 49,652.00","? 1,98,608.00",Cash,C01677
T000912,27-03-2025,Tablet,Electronics,West,Offline,2,"? 15,390.00","? 30,780.00",Credit Card,C00388
T000913,06-05-2025,Monitor,Electronics,West,Online,3,"? 28,600.00","? 85,800.00",Cash,C02306
T000914,27-10-2025,Smartphone,Electronics,South,Offline,2,"? 15,406.00","? 30,812.00",Cash,C00833
T000915,25-01-2025,Gaming Chair,Furniture,East,Online,3,"? 28,724.00","? 86,172.00",Cash,C00798
T000916,25-05-2025,Router,Networking,North,Online,2,"? 1,565.00","? 3,130.00",UPI,C00038
T000917,13-01-2025,Tablet,Electronics,North,Offline,1,"? 42,995.00","? 42,995.00",Cash,C01049
T000918,31-07-2025,Smartphone,Electronics,North,Online,1,"? 60,937.00","? 60,937.00",Cash,C00851
T000919,25-01-2025,Laptop,Electronics,North,Offline,4,"? 68,568.00","? 2,74,272.00",Net Banking,C01162
T000920,09-03-2025,Smartphone,Electronics,East,Online,2,"? 25,433.00","? 50,866.00",UPI,C01961
T000921,08-03-2025,Monitor,Electronics,South,Online,2,"? 31,184.00","? 62,368.00",Credit Card,C00061
T000922,21-08-2025,Printer,Electronics,South,Offline,4,"? 21,713.00","? 86,852.00",UPI,C00111
T000923,19-04-2025,Router,Networking,East,Online,5,"? 2,429.00","? 12,145.00",Net Banking,C00258
T000924,26-05-2025,Smartphone,Electronics,South,Offline,2,"? 43,612.00","? 87,224.00",Net Banking,C01873
T000925,21-04-2025,Mouse,Accessories,South,Online,2,"? 2,127.00","? 4,254.00",UPI,C00135
T000926,16-08-2025,Webcam,Accessories,West,Online,2,"? 2,680.00","? 5,360.00",UPI,C02108
T000927,21-04-2025,Smartwatch,Accessories,East,Online,5,"? 17,835.00","? 89,175.00",Credit Card,C02237
T000928,03-02-2025,Tablet,Electronics,South,Offline,1,"? 11,101.00","? 11,101.00",UPI,C02384
T000929,21-04-2025,Printer,Electronics,West,Online,4,"? 8,099.00","? 32,396.00",UPI,C02043
T000930,21-09-2025,Webcam,Accessories,East,Online,5,"? 2,013.00","? 10,065.00",Credit Card,C00086
T000931,24-08-2025,Keyboard,Accessories,East,Offline,3,"? 3,832.00","? 11,496.00",Credit Card,C02128
T000932,24-03-2025,Speaker,Accessories,North,Online,3,"? 3,332.00","? 9,996.00",Cash,C01845
T000933,11-02-2025,Laptop,Electronics,West,Online,5,"? 60,872.00","? 3,04,360.00",UPI,C01572
T000934,11-04-2025,Smartwatch,Accessories,West,Online,5,"? 12,290.00","? 61,450.00",Credit Card,C00801
T000935,06-01-2025,Mouse,Accessories,West,Online,1,"? 2,111.00","? 2,111.00",UPI,C01861
T000936,29-06-2025,Headphones,Accessories,East,Online,3,"? 11,119.00","? 33,357.00",Net Banking,C01491
T000937,09-10-2025,Monitor,Electronics,North,Online,4,"? 22,859.00","? 91,436.00",Credit Card,C02223
T000938,16-11-2025,Camera,Electronics,East,Online,2,"? 81,794.00","? 1,63,588.00",Net Banking,C00866
T000939,14-08-2025,Smartwatch,Accessories,South,Online,2,"? 17,137.00","? 34,274.00",Cash,C01625
T000940,11-11-2025,Printer,Electronics,South,Online,1,"? 28,234.00","? 28,234.00",Credit Card,C01083
T000941,31-12-2025,Printer,Electronics,South,Offline,1,"? 17,079.00","? 17,079.00",Credit Card,C01597
T000942,17-08-2025,Printer,Electronics,North,Offline,3,"? 29,982.00","? 89,946.00",Cash,C00406
T000943,16-10-2025,Laptop,Electronics,East,Online,4,"? 80,975.00","? 3,23,900.00",Credit Card,C00283
T000944,30-05-2025,Smartphone,Electronics,West,Offline,4,"? 19,343.00","? 77,372.00",UPI,C00737
T000945,04-10-2025,Tablet,Electronics,South,Offline,5,"? 14,628.00","? 73,140.00",UPI,C00456
T000946,17-07-2025,Gaming Chair,Furniture,South,Offline,1,"? 16,981.00","? 16,981.00",Net Banking,C00222
T000947,11-03-2025,Headphones,Accessories,East,Online,2,"? 2,300.00","? 4,600.00",UPI,C01551
T000948,22-04-2025,Camera,Electronics,West,Offline,2,"? 87,778.00","? 1,75,556.00",Cash,C01956
T000949,04-01-2025,Printer,Electronics,North,Online,3,"? 21,629.00","? 64,887.00",Credit Card,C00716
T000950,16-12-2025,Camera,Electronics,South,Offline,2,"? 70,510.00","? 1,41,020.00",UPI,C01065
T000951,27-11-2025,Router,Networking,South,Online,4,"? 5,156.00","? 20,624.00",UPI,C00780
T000952,14-11-2025,Keyboard,Accessories,South,Online,4,"? 1,007.00","? 4,028.00",Cash,C00708
T000953,16-12-2025,Laptop,Electronics,West,Online,1,"? 84,218.00","? 84,218.00",Net Banking,C02298
T000954,05-04-2025,Power Bank,Accessories,South,Offline,3,"? 2,923.00","? 8,769.00",UPI,C01254
T000955,01-06-2025,Printer,Electronics,West,Online,2,"? 27,266.00","? 54,532.00",UPI,C01632
T000956,07-11-2025,Keyboard,Accessories,South,Online,1,"? 3,542.00","? 3,542.00",UPI,C01754
T000957,17-05-2025,Headphones,Accessories,South,Online,5,"? 2,664.00","? 13,320.00",Cash,C02052
T000958,04-09-2025,Gaming Chair,Furniture,West,Offline,5,"? 22,420.00","? 1,12,100.00",UPI,C00449
T000959,31-08-2025,Headphones,Accessories,West,Offline,2,"? 4,948.00","? 9,896.00",Credit Card,C00511
T000960,31-01-2025,Tablet,Electronics,North,Offline,2,"? 30,456.00","? 60,912.00",UPI,C00046
T000961,09-02-2025,Mouse,Accessories,East,Online,2,? 614.00,"? 1,228.00",Cash,C00331
T000962,17-08-2025,Tablet,Electronics,South,Online,4,"? 45,840.00","? 1,83,360.00",Credit Card,C02174
T000963,05-02-2025,Smartphone,Electronics,South,Online,2,"? 35,856.00","? 71,712.00",Cash,C01161
T000964,11-08-2025,Camera,Electronics,East,Online,5,"? 87,995.00","? 4,39,975.00",Cash,C01672
T000965,06-01-2025,Monitor,Electronics,East,Online,2,"? 11,706.00","? 23,412.00",Credit Card,C01895
T000966,18-11-2025,Headphones,Accessories,East,Offline,3,"? 2,206.00","? 6,618.00",UPI,C01855
T000967,08-08-2025,Monitor,Electronics,South,Online,5,"? 16,601.00","? 83,005.00",Cash,C01167
T000968,16-03-2025,Laptop,Electronics,South,Online,3,"? 53,469.00","? 1,60,407.00",Cash,C00585
T000969,04-01-2025,Webcam,Accessories,South,Online,5,"? 9,907.00","? 49,535.00",Cash,C01450
T000970,01-12-2025,Smartwatch,Accessories,West,Online,1,"? 6,847.00","? 6,847.00",UPI,C02398
T000971,14-05-2025,Router,Networking,North,Offline,5,"? 1,848.00","? 9,240.00",Credit Card,C00278
T000972,28-04-2025,Printer,Electronics,North,Online,5,"? 9,651.00","? 48,255.00",Cash,C02378
T000973,04-04-2025,Laptop,Electronics,East,Online,3,"? 52,878.00","? 1,58,634.00",Cash,C01733
T000974,03-03-2025,Speaker,Accessories,East,Offline,3,"? 13,357.00","? 40,071.00",Net Banking,C01474
T000975,13-07-2025,Router,Networking,South,Online,5,"? 6,249.00","? 31,245.00",UPI,C00478
T000976,01-12-2025,Headphones,Accessories,North,Online,5,"? 4,994.00","? 24,970.00",Credit Card,C01600
T000977,22-07-2025,Keyboard,Accessories,North,Online,4,"? 3,812.00","? 15,248.00",Cash,C00510
T000978,26-01-2025,Camera,Electronics,West,Online,1,"? 83,214.00","? 83,214.00",UPI,C00757
T000979,22-06-2025,Monitor,Electronics,South,Offline,1,"? 8,002.00","? 8,002.00",Credit Card,C01839
T000980,27-10-2025,Gaming Chair,Furniture,South,Offline,2,"? 25,501.00","? 51,002.00",Net Banking,C01371
T000981,13-05-2025,Tablet,Electronics,North,Online,5,"? 35,658.00","? 1,78,290.00",Credit Card,C00031
T000982,22-11-2025,Smartwatch,Accessories,North,Online,5,"? 14,694.00","? 73,470.00",Credit Card,C01999
T000983,28-04-2025,Mouse,Accessories,West,Offline,5,"? 2,465.00","? 12,325.00",Credit Card,C01401
T000984,20-11-2025,Laptop,Electronics,West,Online,5,"? 51,517.00","? 2,57,585.00",UPI,C01062
T000985,02-10-2025,Webcam,Accessories,South,Offline,1,"? 6,346.00","? 6,346.00",Cash,C00551
T000986,31-07-2025,Mouse,Accessories,West,Online,3,"? 2,295.00","? 6,885.00",Credit Card,C00676
T000987,13-08-2025,Router,Networking,North,Offline,4,"? 5,079.00","? 20,316.00",Net Banking,C00356
T000988,20-01-2025,Power Bank,Accessories,South,Offline,3,"? 3,433.00","? 10,299.00",Credit Card,C00267
T000989,23-04-2025,Speaker,Accessories,North,Offline,3,"? 14,675.00","? 44,025.00",Cash,C00290
T000990,20-05-2025,Monitor,Electronics,South,Online,1,"? 26,763.00","? 26,763.00",Credit Card,C01044
T000991,16-02-2025,Monitor,Electronics,South,Online,4,"? 33,588.00","? 1,34,352.00",Net Banking,C02111
T000992,01-01-2025,Printer,Electronics,North,Online,5,"? 26,648.00","? 1,33,240.00",UPI,C01837
T000993,31-03-2025,Keyboard,Accessories,South,Offline,1,"? 3,523.00","? 3,523.00",UPI,C01516
T000994,22-05-2025,Power Bank,Accessories,South,Online,1,"? 1,648.00","? 1,648.00",Credit Card,C02218
T000995,16-11-2025,Keyboard,Accessories,West,Offline,4,"? 2,404.00","? 9,616.00",Cash,C00013
T000996,07-02-2025,Smartphone,Electronics,North,Online,2,"? 52,804.00","? 1,05,608.00",UPI,C00389
T000997,20-10-2025,Tablet,Electronics,North,Online,1,"? 36,468.00","? 36,468.00",Cash,C01958
T000998,19-05-2025,Headphones,Accessories,West,Online,3,"? 1,520.00","? 4,560.00",Cash,C01713
T000999,22-12-2025,Headphones,Accessories,South,Offline,3,"? 4,576.00","? 13,728.00",Net Banking,C02405
T001000,29-11-2025,Monitor,Electronics,East,Offline,5,"? 29,497.00","? 1,47,485.00",Credit Card,C01692
T001001,16-09-2025,Gaming Chair,Furniture,East,Online,1,"? 23,705.00","? 23,705.00",UPI,C00633
T001002,10-06-2025,Laptop,Electronics,North,Offline,5,"? 76,927.00","? 3,84,635.00",Cash,C01916
T001003,27-06-2025,Camera,Electronics,West,Online,1,"? 26,258.00","? 26,258.00",UPI,C02246
T001004,10-01-2025,Gaming Chair,Furniture,South,Offline,4,"? 10,134.00","? 40,536.00",Credit Card,C02205
T001005,18-09-2025,Headphones,Accessories,West,Offline,1,"? 5,838.00","? 5,838.00",Credit Card,C01348
T001006,18-05-2025,Speaker,Accessories,South,Online,2,"? 3,975.00","? 7,950.00",UPI,C01234
T001007,21-06-2025,Power Bank,Accessories,North,Online,3,"? 1,585.00","? 4,755.00",Net Banking,C01220
T001008,13-01-2025,Router,Networking,North,Online,4,"? 5,597.00","? 22,388.00",Net Banking,C02318
T001009,17-06-2025,Speaker,Accessories,East,Online,3,"? 6,697.00","? 20,091.00",Credit Card,C00062
T001010,10-05-2025,Speaker,Accessories,West,Offline,5,"? 12,482.00","? 62,410.00",Credit Card,C00498
T001011,25-03-2025,Headphones,Accessories,North,Offline,4,"? 3,157.00","? 12,628.00",UPI,C00738
T001012,17-11-2025,Laptop,Electronics,West,Offline,2,"? 53,528.00","? 1,07,056.00",Cash,C02165
T001013,15-11-2025,Tablet,Electronics,North,Offline,3,"? 46,327.00","? 1,38,981.00",UPI,C00915
T001014,11-04-2025,Smartwatch,Accessories,South,Online,1,"? 16,120.00","? 16,120.00",Cash,C01437
T001015,25-11-2025,Keyboard,Accessories,South,Online,1,"? 1,070.00","? 1,070.00",Cash,C00868
T001016,30-09-2025,Printer,Electronics,East,Offline,1,"? 8,937.00","? 8,937.00",UPI,C02349
T001017,22-09-2025,Printer,Electronics,North,Online,4,"? 14,138.00","? 56,552.00",Credit Card,C02375
T001018,07-02-2025,Printer,Electronics,East,Offline,2,"? 11,141.00","? 22,282.00",UPI,C01564
T001019,04-04-2025,Speaker,Accessories,East,Offline,2,"? 2,221.00","? 4,442.00",Cash,C01339
T001020,05-04-2025,Laptop,Electronics,North,Online,2,"? 71,775.00","? 1,43,550.00",UPI,C00950
T001021,01-11-2025,Power Bank,Accessories,North,Online,3,"? 1,635.00","? 4,905.00",Credit Card,C00522
T001022,10-03-2025,Printer,Electronics,South,Offline,4,"? 24,877.00","? 99,508.00",Cash,C01827
T001023,14-11-2025,Router,Networking,East,Online,1,"? 4,479.00","? 4,479.00",Net Banking,C01028
T001024,24-08-2025,Monitor,Electronics,South,Offline,3,"? 18,517.00","? 55,551.00",UPI,C02229
T001025,30-11-2025,Smartphone,Electronics,West,Online,2,"? 59,884.00","? 1,19,768.00",Net Banking,C01109
T001026,17-05-2025,Router,Networking,West,Online,1,"? 3,924.00","? 3,924.00",UPI,C01223
T001027,17-03-2025,Speaker,Accessories,East,Online,4,"? 6,021.00","? 24,084.00",Net Banking,C00096
T001028,04-02-2025,Laptop,Electronics,East,Offline,5,"? 94,086.00","? 4,70,430.00",Cash,C00790
T001029,01-01-2025,Laptop,Electronics,North,Online,2,"? 64,280.00","? 1,28,560.00",Credit Card,C00089
T001030,23-10-2025,Power Bank,Accessories,North,Online,2,"? 3,176.00","? 6,352.00",UPI,C01682
T001031,16-11-2025,Keyboard,Accessories,East,Online,2,"? 1,153.00","? 2,306.00",UPI,C00524
T001032,01-03-2025,Printer,Electronics,East,Online,2,"? 9,459.00","? 18,918.00",UPI,C02076
T001033,16-11-2025,Mouse,Accessories,West,Online,1,"? 1,163.00","? 1,163.00",UPI,C02323
T001034,15-12-2025,Smartwatch,Accessories,South,Online,4,"? 3,148.00","? 12,592.00",Net Banking,C00465
T001035,24-11-2025,Speaker,Accessories,West,Online,3,"? 2,022.00","? 6,066.00",Credit Card,C00099
T001036,24-09-2025,Smartphone,Electronics,West,Online,1,"? 52,345.00","? 52,345.00",UPI,C00655
T001037,27-12-2025,Laptop,Electronics,South,Online,4,"? 81,036.00","? 3,24,144.00",Credit Card,C00453
T001038,17-08-2025,Smartphone,Electronics,East,Online,3,"? 64,273.00","? 1,92,819.00",Credit Card,C00292
T001039,27-09-2025,Laptop,Electronics,East,Online,2,"? 70,002.00","? 1,40,004.00",Cash,C01633
T001040,12-11-2025,Tablet,Electronics,West,Online,4,"? 49,398.00","? 1,97,592.00",UPI,C02019
T001041,13-10-2025,Keyboard,Accessories,West,Online,2,"? 4,422.00","? 8,844.00",UPI,C01834
T001042,18-10-2025,Router,Networking,South,Offline,4,"? 4,583.00","? 18,332.00",Net Banking,C01918
T001043,01-08-2025,Monitor,Electronics,North,Online,5,"? 34,748.00","? 1,73,740.00",Credit Card,C00301
T001044,14-06-2025,Tablet,Electronics,North,Offline,2,"? 15,930.00","? 31,860.00",Cash,C02222
T001045,05-01-2025,Camera,Electronics,East,Online,2,"? 73,965.00","? 1,47,930.00",Credit Card,C01210
T001046,05-12-2025,Printer,Electronics,North,Offline,2,"? 25,691.00","? 51,382.00",Credit Card,C00030
T001047,19-03-2025,Camera,Electronics,East,Offline,1,"? 89,178.00","? 89,178.00",Credit Card,C00251
T001048,03-03-2025,Smartwatch,Accessories,East,Online,3,"? 9,421.00","? 28,263.00",Credit Card,C01464
T001049,12-05-2025,Mouse,Accessories,East,Offline,2,? 805.00,"? 1,610.00",Cash,C00344
T001050,30-03-2025,Monitor,Electronics,South,Online,2,"? 21,554.00","? 43,108.00",Credit Card,C02394
T001051,25-08-2025,Tablet,Electronics,West,Online,1,"? 15,588.00","? 15,588.00",Cash,C01686
T001052,11-02-2025,Smartphone,Electronics,North,Online,1,"? 38,771.00","? 38,771.00",Net Banking,C01518
T001053,30-03-2025,Smartphone,Electronics,South,Online,5,"? 40,824.00","? 2,04,120.00",UPI,C01121
T001054,23-10-2025,Smartwatch,Accessories,North,Online,4,"? 17,260.00","? 69,040.00",UPI,C01349
T001055,24-11-2025,Webcam,Accessories,South,Online,2,"? 4,902.00","? 9,804.00",UPI,C02392
T001056,22-10-2025,Laptop,Electronics,North,Online,4,"? 87,100.00","? 3,48,400.00",Cash,C00867
T001057,14-04-2025,Webcam,Accessories,North,Offline,1,"? 1,664.00","? 1,664.00",UPI,C00086
T001058,14-01-2025,Smartphone,Electronics,West,Online,1,"? 54,757.00","? 54,757.00",UPI,C01185
T001059,15-10-2025,Router,Networking,North,Online,5,"? 3,192.00","? 15,960.00",Credit Card,C01041
T001060,28-06-2025,Printer,Electronics,South,Online,3,"? 24,340.00","? 73,020.00",Net Banking,C02292
T001061,05-05-2025,Mouse,Accessories,North,Online,1,"? 2,168.00","? 2,168.00",Cash,C01982
T001062,19-12-2025,Webcam,Accessories,West,Online,2,"? 7,726.00","? 15,452.00",Credit Card,C00780
T001063,23-01-2025,Webcam,Accessories,North,Online,5,"? 8,121.00","? 40,605.00",UPI,C01822
T001064,04-03-2025,Keyboard,Accessories,South,Online,3,"? 1,482.00","? 4,446.00",UPI,C01933
T001065,23-05-2025,Printer,Electronics,North,Online,5,"? 6,140.00","? 30,700.00",UPI,C02054
T001066,02-06-2025,Mouse,Accessories,West,Offline,1,"? 1,119.00","? 1,119.00",Credit Card,C00381
T001067,25-05-2025,Gaming Chair,Furniture,West,Online,3,"? 9,650.00","? 28,950.00",Cash,C00779
T001068,13-08-2025,Speaker,Accessories,West,Online,4,"? 9,385.00","? 37,540.00",Cash,C00124
T001069,05-11-2025,Smartwatch,Accessories,West,Online,3,"? 16,264.00","? 48,792.00",Net Banking,C01084
T001070,14-04-2025,Webcam,Accessories,East,Offline,2,"? 2,515.00","? 5,030.00",UPI,C00501
T001071,14-04-2025,Printer,Electronics,West,Offline,4,"? 26,767.00","? 1,07,068.00",UPI,C02058
T001072,08-02-2025,Keyboard,Accessories,North,Online,4,"? 1,042.00","? 4,168.00",Credit Card,C00971
T001073,17-07-2025,Keyboard,Accessories,North,Online,2,"? 3,883.00","? 7,766.00",Cash,C01450
T001074,14-05-2025,Speaker,Accessories,North,Online,4,"? 12,393.00","? 49,572.00",Cash,C01708
T001075,08-03-2025,Headphones,Accessories,North,Online,1,"? 10,167.00","? 10,167.00",Cash,C00457
T001076,28-06-2025,Router,Networking,East,Offline,3,"? 4,083.00","? 12,249.00",Credit Card,C00612
T001077,11-02-2025,Power Bank,Accessories,East,Offline,3,"? 3,920.00","? 11,760.00",UPI,C01807
T001078,15-01-2025,Laptop,Electronics,East,Online,2,"? 66,371.00","? 1,32,742.00",Cash,C00727
T001079,21-04-2025,Smartwatch,Accessories,North,Online,1,"? 18,394.00","? 18,394.00",UPI,C01575
T001080,06-06-2025,Speaker,Accessories,South,Offline,4,"? 6,104.00","? 24,416.00",Credit Card,C01529
T001081,16-10-2025,Printer,Electronics,South,Offline,3,"? 15,305.00","? 45,915.00",Cash,C00287
T001082,19-08-2025,Router,Networking,North,Offline,3,"? 2,121.00","? 6,363.00",UPI,C00207
T001083,06-06-2025,Monitor,Electronics,West,Online,3,"? 8,900.00","? 26,700.00",Cash,C01948
T001084,07-02-2025,Monitor,Electronics,West,Offline,3,"? 11,747.00","? 35,241.00",UPI,C00550
T001085,07-04-2025,Smartwatch,Accessories,North,Online,5,"? 14,256.00","? 71,280.00",UPI,C02002
T001086,16-10-2025,Power Bank,Accessories,West,Online,2,"? 2,271.00","? 4,542.00",Net Banking,C00714
T001087,11-09-2025,Printer,Electronics,West,Offline,4,"? 29,245.00","? 1,16,980.00",Credit Card,C00882
T001088,15-07-2025,Tablet,Electronics,South,Offline,4,"? 13,103.00","? 52,412.00",Credit Card,C00243
T001089,27-03-2025,Tablet,Electronics,North,Online,2,"? 10,073.00","? 20,146.00",Cash,C00660
T001090,18-11-2025,Laptop,Electronics,East,Offline,1,"? 99,402.00","? 99,402.00",Net Banking,C00997
T001091,10-01-2025,Printer,Electronics,South,Offline,2,"? 8,497.00","? 16,994.00",UPI,C00971
T001092,05-01-2025,Keyboard,Accessories,North,Online,3,"? 3,102.00","? 9,306.00",Cash,C01541
T001093,03-05-2025,Smartphone,Electronics,North,Offline,3,"? 36,012.00","? 1,08,036.00",Credit Card,C00651
T001094,26-11-2025,Monitor,Electronics,South,Online,2,"? 16,487.00","? 32,974.00",Cash,C02151
T001095,19-12-2025,Power Bank,Accessories,West,Offline,2,"? 1,097.00","? 2,194.00",Cash,C01883
T001096,28-04-2025,Printer,Electronics,West,Online,4,"? 18,799.00","? 75,196.00",UPI,C01270
T001097,21-10-2025,Printer,Electronics,South,Online,4,"? 12,517.00","? 50,068.00",Cash,C02196
T001098,08-06-2025,Smartphone,Electronics,North,Offline,5,"? 59,584.00","? 2,97,920.00",Cash,C00819
T001099,30-10-2025,Smartphone,Electronics,East,Online,5,"? 61,173.00","? 3,05,865.00",Credit Card,C00670
T001100,16-08-2025,Router,Networking,North,Online,3,"? 7,775.00","? 23,325.00",Credit Card,C01200
T001101,31-12-2025,Mouse,Accessories,East,Offline,5,"? 2,034.00","? 10,170.00",Cash,C00769
T001102,04-08-2025,Speaker,Accessories,East,Offline,5,"? 6,505.00","? 32,525.00",Cash,C00419
T001103,03-07-2025,Headphones,Accessories,North,Online,1,"? 7,029.00","? 7,029.00",UPI,C01946
T001104,15-01-2025,Router,Networking,North,Online,2,"? 1,552.00","? 3,104.00",UPI,C00533
T001105,06-06-2025,Laptop,Electronics,North,Offline,4,"? 55,615.00","? 2,22,460.00",Credit Card,C00908
T001106,16-05-2025,Monitor,Electronics,East,Online,5,"? 18,468.00","? 92,340.00",Cash,C00228
T001107,18-09-2025,Smartphone,Electronics,West,Online,4,"? 25,879.00","? 1,03,516.00",Net Banking,C01061
T001108,06-06-2025,Gaming Chair,Furniture,East,Online,5,"? 27,228.00","? 1,36,140.00",Cash,C01627
T001109,16-02-2025,Tablet,Electronics,East,Offline,5,"? 23,078.00","? 1,15,390.00",Cash,C01351
T001110,20-11-2025,Smartwatch,Accessories,East,Online,3,"? 6,590.00","? 19,770.00",Cash,C00178
T001111,28-11-2025,Gaming Chair,Furniture,South,Offline,1,"? 29,332.00","? 29,332.00",Cash,C02014
T001112,22-06-2025,Tablet,Electronics,West,Offline,2,"? 20,910.00","? 41,820.00",Credit Card,C00468
T001113,10-05-2025,Mouse,Accessories,East,Online,2,"? 1,494.00","? 2,988.00",Credit Card,C00622
T001114,05-04-2025,Mouse,Accessories,East,Online,3,"? 2,636.00","? 7,908.00",Credit Card,C01896
T001115,25-04-2025,Gaming Chair,Furniture,South,Online,3,"? 8,662.00","? 25,986.00",UPI,C02204
T001116,31-08-2025,Smartphone,Electronics,East,Online,2,"? 23,199.00","? 46,398.00",Credit Card,C02308
T001117,19-10-2025,Router,Networking,West,Online,2,"? 7,975.00","? 15,950.00",Net Banking,C02444
T001118,09-10-2025,Router,Networking,East,Offline,1,"? 5,183.00","? 5,183.00",UPI,C01603
T001119,26-10-2025,Mouse,Accessories,West,Online,5,"? 1,065.00","? 5,325.00",UPI,C02308
T001120,10-10-2025,Speaker,Accessories,West,Offline,1,"? 2,168.00","? 2,168.00",UPI,C00271
T001121,10-03-2025,Keyboard,Accessories,North,Offline,2,"? 3,864.00","? 7,728.00",Credit Card,C00412
T001122,28-05-2025,Camera,Electronics,South,Online,5,"? 29,477.00","? 1,47,385.00",UPI,C00393
T001123,11-01-2025,Printer,Electronics,South,Online,2,"? 26,004.00","? 52,008.00",Net Banking,C02243
T001124,11-09-2025,Router,Networking,South,Offline,1,"? 1,660.00","? 1,660.00",Credit Card,C02415
T001125,26-11-2025,Printer,Electronics,North,Offline,1,"? 16,590.00","? 16,590.00",Credit Card,C00894
T001126,26-12-2025,Smartphone,Electronics,North,Offline,1,"? 59,205.00","? 59,205.00",Credit Card,C00594
T001127,07-02-2025,Mouse,Accessories,West,Online,5,"? 2,764.00","? 13,820.00",UPI,C01102
T001128,14-05-2025,Smartwatch,Accessories,South,Offline,4,"? 18,401.00","? 73,604.00",Credit Card,C01831
T001129,19-07-2025,Router,Networking,North,Online,4,"? 4,033.00","? 16,132.00",Cash,C00308
T001130,23-01-2025,Keyboard,Accessories,North,Online,2,"? 3,275.00","? 6,550.00",UPI,C00582
T001131,30-10-2025,Laptop,Electronics,North,Online,5,"? 95,927.00","? 4,79,635.00",Credit Card,C00560
T001132,12-12-2025,Mouse,Accessories,West,Online,3,"? 1,858.00","? 5,574.00",UPI,C01907
T001133,29-10-2025,Keyboard,Accessories,East,Offline,4,"? 3,017.00","? 12,068.00",Credit Card,C01396
T001134,29-12-2025,Headphones,Accessories,North,Online,5,"? 3,918.00","? 19,590.00",Credit Card,C01138
T001135,06-08-2025,Laptop,Electronics,North,Offline,5,"? 96,147.00","? 4,80,735.00",Credit Card,C00277
T001136,21-05-2025,Printer,Electronics,North,Online,4,"? 22,699.00","? 90,796.00",UPI,C00462
T001137,14-04-2025,Headphones,Accessories,South,Offline,5,"? 5,832.00","? 29,160.00",Net Banking,C02039
T001138,29-07-2025,Smartphone,Electronics,South,Online,5,"? 66,363.00","? 3,31,815.00",Credit Card,C02033
T001139,21-04-2025,Monitor,Electronics,North,Offline,4,"? 15,069.00","? 60,276.00",Credit Card,C02063
T001140,14-04-2025,Smartphone,Electronics,West,Online,1,"? 56,279.00","? 56,279.00",UPI,C00042
T001141,12-11-2025,Smartwatch,Accessories,East,Online,2,"? 8,422.00","? 16,844.00",UPI,C00020
T001142,20-06-2025,Speaker,Accessories,South,Offline,3,"? 6,027.00","? 18,081.00",Credit Card,C01040
T001143,22-12-2025,Keyboard,Accessories,East,Online,2,"? 3,415.00","? 6,830.00",UPI,C00647
T001144,20-11-2025,Speaker,Accessories,North,Online,1,"? 10,325.00","? 10,325.00",Net Banking,C00607
T001145,13-05-2025,Router,Networking,South,Offline,1,"? 3,205.00","? 3,205.00",Credit Card,C02141
T001146,20-10-2025,Monitor,Electronics,East,Online,5,"? 14,665.00","? 73,325.00",Credit Card,C02129
T001147,24-11-2025,Speaker,Accessories,North,Online,2,"? 8,607.00","? 17,214.00",Credit Card,C01938
T001148,07-05-2025,Laptop,Electronics,South,Online,1,"? 65,531.00","? 65,531.00",UPI,C01887
T001149,16-04-2025,Laptop,Electronics,North,Online,2,"? 55,132.00","? 1,10,264.00",Credit Card,C01522
T001150,02-04-2025,Power Bank,Accessories,South,Offline,1,"? 1,472.00","? 1,472.00",UPI,C00658
T001151,14-10-2025,Headphones,Accessories,East,Online,3,"? 11,471.00","? 34,413.00",UPI,C02074
T001152,20-02-2025,Smartwatch,Accessories,East,Offline,1,"? 10,662.00","? 10,662.00",UPI,C01733
T001153,29-01-2025,Router,Networking,South,Offline,2,"? 4,731.00","? 9,462.00",Credit Card,C01983
T001154,23-10-2025,Webcam,Accessories,West,Offline,5,"? 8,282.00","? 41,410.00",Net Banking,C00456
T001155,24-10-2025,Router,Networking,North,Offline,2,"? 4,107.00","? 8,214.00",Cash,C01101
T001156,02-08-2025,Printer,Electronics,East,Online,4,"? 25,716.00","? 1,02,864.00",Cash,C00314
T001157,24-09-2025,Speaker,Accessories,West,Online,2,"? 12,312.00","? 24,624.00",Net Banking,C00352
T001158,14-09-2025,Gaming Chair,Furniture,South,Online,3,"? 23,993.00","? 71,979.00",Net Banking,C02038
T001159,29-10-2025,Mouse,Accessories,East,Online,3,"? 1,001.00","? 3,003.00",Cash,C00923
T001160,11-04-2025,Mouse,Accessories,East,Online,3,"? 1,782.00","? 5,346.00",Cash,C01225
T001161,12-12-2025,Monitor,Electronics,North,Offline,1,"? 22,590.00","? 22,590.00",Credit Card,C02351
T001162,20-04-2025,Webcam,Accessories,West,Offline,3,"? 8,245.00","? 24,735.00",Net Banking,C00327
T001163,01-07-2025,Smartwatch,Accessories,North,Online,2,"? 7,634.00","? 15,268.00",UPI,C00123
T001164,09-11-2025,Smartwatch,Accessories,South,Online,5,"? 14,567.00","? 72,835.00",Cash,C02226
T001165,01-01-2025,Laptop,Electronics,East,Online,3,"? 89,028.00","? 2,67,084.00",UPI,C01326
T001166,15-11-2025,Gaming Chair,Furniture,West,Offline,2,"? 22,945.00","? 45,890.00",UPI,C01032
T001167,24-02-2025,Printer,Electronics,North,Offline,1,"? 23,569.00","? 23,569.00",Credit Card,C00002
T001168,29-05-2025,Keyboard,Accessories,West,Online,1,"? 2,610.00","? 2,610.00",UPI,C01170
T001169,05-11-2025,Printer,Electronics,South,Offline,5,"? 12,109.00","? 60,545.00",Credit Card,C01624
T001170,17-05-2025,Tablet,Electronics,East,Online,5,"? 32,825.00","? 1,64,125.00",UPI,C01066
T001171,21-07-2025,Smartwatch,Accessories,West,Online,2,"? 2,915.00","? 5,830.00",Credit Card,C01382
T001172,09-11-2025,Smartphone,Electronics,South,Online,5,"? 38,848.00","? 1,94,240.00",UPI,C01675
T001173,27-04-2025,Camera,Electronics,South,Online,5,"? 33,669.00","? 1,68,345.00",Cash,C01738
T001174,03-06-2025,Smartwatch,Accessories,East,Online,1,"? 11,875.00","? 11,875.00",Credit Card,C02269
T001175,18-10-2025,Webcam,Accessories,North,Online,2,"? 3,925.00","? 7,850.00",Credit Card,C02097
T001176,04-03-2025,Router,Networking,East,Online,5,"? 1,925.00","? 9,625.00",UPI,C00952
T001177,01-09-2025,Router,Networking,East,Online,2,"? 3,287.00","? 6,574.00",Credit Card,C00360
T001178,25-01-2025,Router,Networking,West,Offline,3,"? 4,084.00","? 12,252.00",UPI,C00752
T001179,31-03-2025,Webcam,Accessories,West,Online,1,"? 6,148.00","? 6,148.00",Cash,C00640
T001180,16-03-2025,Gaming Chair,Furniture,North,Offline,1,"? 24,552.00","? 24,552.00",UPI,C01866
T001181,21-10-2025,Monitor,Electronics,South,Online,1,"? 8,514.00","? 8,514.00",Cash,C02141
T001182,29-07-2025,Speaker,Accessories,West,Online,4,"? 4,935.00","? 19,740.00",Cash,C01508
T001183,13-12-2025,Smartphone,Electronics,North,Online,2,"? 52,293.00","? 1,04,586.00",Credit Card,C00098
T001184,17-01-2025,Monitor,Electronics,East,Online,3,"? 27,000.00","? 81,000.00",Cash,C01332
T001185,08-05-2025,Headphones,Accessories,South,Online,5,"? 11,569.00","? 57,845.00",UPI,C00418
T001186,30-12-2025,Camera,Electronics,East,Online,3,"? 88,740.00","? 2,66,220.00",UPI,C01952
T001187,08-09-2025,Camera,Electronics,South,Offline,2,"? 44,928.00","? 89,856.00",Credit Card,C00300
T001188,28-06-2025,Webcam,Accessories,West,Offline,1,"? 2,617.00","? 2,617.00",UPI,C01924
T001189,01-07-2025,Laptop,Electronics,East,Offline,4,"? 84,173.00","? 3,36,692.00",Credit Card,C00560
T001190,01-06-2025,Router,Networking,East,Online,2,"? 5,439.00","? 10,878.00",Credit Card,C00784
T001191,25-01-2025,Smartwatch,Accessories,South,Online,2,"? 17,097.00","? 34,194.00",Cash,C02158
T001192,29-06-2025,Router,Networking,North,Online,5,"? 6,914.00","? 34,570.00",Credit Card,C01867
T001193,17-07-2025,Laptop,Electronics,South,Offline,3,"? 89,109.00","? 2,67,327.00",UPI,C00527
T001194,10-12-2025,Mouse,Accessories,West,Offline,3,? 478.00,"? 1,434.00",Net Banking,C01126
T001195,10-06-2025,Monitor,Electronics,North,Offline,5,"? 25,061.00","? 1,25,305.00",Credit Card,C01208
T001196,26-06-2025,Tablet,Electronics,East,Online,4,"? 35,395.00","? 1,41,580.00",UPI,C00219
T001197,12-10-2025,Tablet,Electronics,East,Online,1,"? 10,213.00","? 10,213.00",Net Banking,C02177
T001198,04-03-2025,Mouse,Accessories,East,Online,1,"? 2,066.00","? 2,066.00",Credit Card,C01689
T001199,30-05-2025,Headphones,Accessories,West,Online,4,"? 10,085.00","? 40,340.00",Cash,C00604
T001200,03-06-2025,Tablet,Electronics,East,Online,5,"? 38,481.00","? 1,92,405.00",Credit Card,C00555
T001201,05-06-2025,Webcam,Accessories,East,Online,2,"? 4,286.00","? 8,572.00",UPI,C00482
T001202,18-02-2025,Monitor,Electronics,North,Online,3,"? 34,824.00","? 1,04,472.00",UPI,C02296
T001203,03-12-2025,Tablet,Electronics,West,Online,2,"? 34,597.00","? 69,194.00",UPI,C00944
T001204,25-03-2025,Router,Networking,East,Online,3,"? 4,813.00","? 14,439.00",Cash,C01092
T001205,27-12-2025,Gaming Chair,Furniture,North,Offline,2,"? 9,261.00","? 18,522.00",UPI,C01744
T001206,26-06-2025,Mouse,Accessories,East,Online,5,"? 1,572.00","? 7,860.00",Credit Card,C01741
T001207,28-05-2025,Smartphone,Electronics,North,Online,5,"? 36,264.00","? 1,81,320.00",Net Banking,C01681
T001208,28-04-2025,Speaker,Accessories,East,Offline,4,"? 3,554.00","? 14,216.00",Credit Card,C00092
T001209,08-12-2025,Speaker,Accessories,West,Online,2,"? 11,584.00","? 23,168.00",Credit Card,C01674
T001210,04-03-2025,Laptop,Electronics,South,Online,2,"? 97,907.00","? 1,95,814.00",Net Banking,C01519
T001211,08-07-2025,Power Bank,Accessories,West,Offline,4,"? 3,615.00","? 14,460.00",UPI,C01416
T001212,26-12-2025,Keyboard,Accessories,North,Online,4,"? 2,487.00","? 9,948.00",UPI,C00514
T001213,18-02-2025,Monitor,Electronics,East,Online,5,"? 18,182.00","? 90,910.00",Credit Card,C00440
T001214,23-11-2025,Laptop,Electronics,West,Online,5,"? 95,277.00","? 4,76,385.00",UPI,C01786
T001215,14-09-2025,Router,Networking,East,Online,2,"? 3,960.00","? 7,920.00",UPI,C00833
T001216,12-08-2025,Camera,Electronics,West,Online,5,"? 22,631.00","? 1,13,155.00",UPI,C00439
T001217,21-05-2025,Power Bank,Accessories,North,Online,5,"? 3,068.00","? 15,340.00",Net Banking,C01221
T001218,03-08-2025,Printer,Electronics,South,Online,2,"? 12,300.00","? 24,600.00",Credit Card,C01379
T001219,30-07-2025,Webcam,Accessories,West,Offline,4,"? 8,848.00","? 35,392.00",Cash,C01131
T001220,14-11-2025,Tablet,Electronics,East,Online,2,"? 48,612.00","? 97,224.00",UPI,C00629
T001221,01-02-2025,Tablet,Electronics,East,Offline,1,"? 28,560.00","? 28,560.00",Cash,C00142
T001222,07-06-2025,Headphones,Accessories,East,Online,2,"? 6,362.00","? 12,724.00",Credit Card,C01866
T001223,12-10-2025,Speaker,Accessories,North,Online,1,"? 9,597.00","? 9,597.00",Credit Card,C01558
T001224,01-11-2025,Webcam,Accessories,North,Online,2,"? 7,099.00","? 14,198.00",UPI,C00705
T001225,13-10-2025,Laptop,Electronics,South,Offline,1,"? 75,452.00","? 75,452.00",Credit Card,C00924
T001226,24-05-2025,Printer,Electronics,East,Offline,1,"? 20,605.00","? 20,605.00",Credit Card,C01366
T001227,19-01-2025,Speaker,Accessories,South,Online,2,"? 13,184.00","? 26,368.00",Cash,C02336
T001228,18-01-2025,Tablet,Electronics,East,Online,5,"? 14,258.00","? 71,290.00",Credit Card,C02315
T001229,14-09-2025,Router,Networking,West,Offline,3,"? 2,454.00","? 7,362.00",Credit Card,C01946
T001230,19-03-2025,Camera,Electronics,West,Offline,5,"? 73,271.00","? 3,66,355.00",Credit Card,C01556
T001231,24-06-2025,Headphones,Accessories,West,Online,1,"? 7,640.00","? 7,640.00",Net Banking,C01876
T001232,13-07-2025,Laptop,Electronics,East,Online,2,"? 87,056.00","? 1,74,112.00",Credit Card,C02273
T001233,23-04-2025,Headphones,Accessories,West,Offline,2,"? 1,877.00","? 3,754.00",UPI,C00965
T001234,24-04-2025,Router,Networking,East,Online,2,"? 5,985.00","? 11,970.00",UPI,C02217
T001235,10-08-2025,Laptop,Electronics,South,Offline,2,"? 87,827.00","? 1,75,654.00",UPI,C00323
T001236,15-06-2025,Smartwatch,Accessories,North,Online,3,"? 17,141.00","? 51,423.00",Credit Card,C01724
T001237,15-11-2025,Smartwatch,Accessories,West,Offline,4,"? 4,600.00","? 18,400.00",Net Banking,C02018
T001238,12-05-2025,Gaming Chair,Furniture,East,Online,1,"? 23,902.00","? 23,902.00",Cash,C00095
T001239,21-09-2025,Speaker,Accessories,East,Offline,3,"? 12,799.00","? 38,397.00",Credit Card,C00362
T001240,24-02-2025,Mouse,Accessories,South,Online,5,"? 2,808.00","? 14,040.00",Cash,C01630
T001241,25-12-2025,Gaming Chair,Furniture,South,Offline,4,"? 12,860.00","? 51,440.00",Credit Card,C01590
T001242,11-05-2025,Monitor,Electronics,North,Offline,4,"? 18,165.00","? 72,660.00",Cash,C01805
T001243,15-10-2025,Headphones,Accessories,South,Offline,2,"? 4,948.00","? 9,896.00",Cash,C01825
T001244,23-09-2025,Mouse,Accessories,North,Offline,3,"? 1,638.00","? 4,914.00",Cash,C00670
T001245,11-06-2025,Headphones,Accessories,North,Online,5,"? 3,334.00","? 16,670.00",UPI,C02315
T001246,28-03-2025,Tablet,Electronics,South,Online,2,"? 10,767.00","? 21,534.00",Net Banking,C01813
T001247,24-02-2025,Webcam,Accessories,North,Offline,2,"? 6,383.00","? 12,766.00",Cash,C00800
T001248,15-10-2025,Keyboard,Accessories,West,Offline,1,"? 4,906.00","? 4,906.00",Cash,C00133
T001249,27-06-2025,Headphones,Accessories,North,Online,4,"? 6,948.00","? 27,792.00",UPI,C02397
T001250,15-12-2025,Gaming Chair,Furniture,East,Online,5,"? 15,085.00","? 75,425.00",Cash,C00547
T001251,08-01-2025,Tablet,Electronics,East,Online,4,"? 10,744.00","? 42,976.00",Cash,C00763
T001252,17-11-2025,Webcam,Accessories,East,Online,3,"? 5,674.00","? 17,022.00",UPI,C01583
T001253,09-11-2025,Webcam,Accessories,South,Offline,1,"? 8,698.00","? 8,698.00",Net Banking,C02316
T001254,04-09-2025,Printer,Electronics,East,Offline,2,"? 24,940.00","? 49,880.00",UPI,C01829
T001255,19-11-2025,Smartwatch,Accessories,South,Offline,1,"? 6,161.00","? 6,161.00",Credit Card,C01006
T001256,12-09-2025,Router,Networking,East,Offline,2,"? 7,129.00","? 14,258.00",Cash,C01068
T001257,24-11-2025,Gaming Chair,Furniture,North,Online,1,"? 17,586.00","? 17,586.00",Cash,C01302
T001258,23-02-2025,Mouse,Accessories,South,Online,2,? 686.00,"? 1,372.00",Cash,C01163
T001259,06-09-2025,Power Bank,Accessories,East,Offline,4,"? 4,047.00","? 16,188.00",Credit Card,C01879
T001260,27-08-2025,Gaming Chair,Furniture,North,Online,4,"? 18,794.00","? 75,176.00",Cash,C01335
T001261,17-08-2025,Keyboard,Accessories,South,Online,4,? 703.00,"? 2,812.00",Cash,C00266
T001262,08-03-2025,Camera,Electronics,North,Offline,4,"? 42,319.00","? 1,69,276.00",Credit Card,C02218
T001263,20-02-2025,Webcam,Accessories,North,Offline,1,"? 1,911.00","? 1,911.00",Net Banking,C01240
T001264,07-04-2025,Smartwatch,Accessories,North,Offline,2,"? 15,798.00","? 31,596.00",Net Banking,C00117
T001265,02-04-2025,Mouse,Accessories,South,Offline,4,"? 2,317.00","? 9,268.00",UPI,C01975
T001266,21-09-2025,Speaker,Accessories,South,Online,1,"? 2,856.00","? 2,856.00",Cash,C02482
T001267,18-10-2025,Keyboard,Accessories,West,Online,2,? 857.00,"? 1,714.00",Cash,C01440
T001268,06-04-2025,Camera,Electronics,West,Offline,1,"? 37,984.00","? 37,984.00",UPI,C00088
T001269,29-03-2025,Smartphone,Electronics,West,Offline,4,"? 42,460.00","? 1,69,840.00",UPI,C00234
T001270,19-03-2025,Router,Networking,West,Online,3,"? 7,206.00","? 21,618.00",UPI,C00609
T001271,15-10-2025,Router,Networking,South,Online,1,"? 4,989.00","? 4,989.00",Credit Card,C00530
T001272,30-04-2025,Router,Networking,West,Offline,4,"? 7,059.00","? 28,236.00",UPI,C01877
T001273,29-10-2025,Tablet,Electronics,East,Online,5,"? 17,196.00","? 85,980.00",Net Banking,C01659
T001274,14-06-2025,Smartphone,Electronics,West,Offline,2,"? 36,457.00","? 72,914.00",Credit Card,C00238
T001275,01-07-2025,Power Bank,Accessories,East,Online,4,"? 3,182.00","? 12,728.00",Cash,C02412
T001276,11-08-2025,Tablet,Electronics,East,Online,5,"? 23,549.00","? 1,17,745.00",Cash,C00409
T001277,07-11-2025,Laptop,Electronics,North,Offline,1,"? 99,304.00","? 99,304.00",UPI,C01311
T001278,07-01-2025,Monitor,Electronics,North,Online,1,"? 17,821.00","? 17,821.00",Credit Card,C01003
T001279,26-11-2025,Keyboard,Accessories,North,Online,5,"? 3,496.00","? 17,480.00",Net Banking,C02004
T001280,20-09-2025,Router,Networking,West,Offline,5,"? 4,381.00","? 21,905.00",Credit Card,C00218
T001281,10-06-2025,Smartphone,Electronics,South,Offline,2,"? 22,282.00","? 44,564.00",Net Banking,C02451
T001282,31-05-2025,Monitor,Electronics,East,Online,1,"? 14,951.00","? 14,951.00",Credit Card,C02393
T001283,26-03-2025,Keyboard,Accessories,South,Online,5,"? 4,502.00","? 22,510.00",Credit Card,C00113
T001284,27-05-2025,Mouse,Accessories,South,Online,3,"? 1,455.00","? 4,365.00",UPI,C01042
T001285,22-04-2025,Speaker,Accessories,West,Online,3,"? 12,271.00","? 36,813.00",Net Banking,C02267
T001286,05-02-2025,Laptop,Electronics,South,Online,5,"? 93,725.00","? 4,68,625.00",Net Banking,C00161
T001287,12-10-2025,Mouse,Accessories,South,Online,2,"? 2,154.00","? 4,308.00",Credit Card,C01094
T001288,07-07-2025,Tablet,Electronics,North,Online,1,"? 33,746.00","? 33,746.00",Cash,C01031
T001289,23-03-2025,Speaker,Accessories,North,Online,3,"? 2,828.00","? 8,484.00",Credit Card,C01025
T001290,02-01-2025,Power Bank,Accessories,East,Online,5,"? 4,844.00","? 24,220.00",Credit Card,C02147
T001291,30-10-2025,Monitor,Electronics,East,Online,5,"? 26,776.00","? 1,33,880.00",Credit Card,C01616
T001292,16-07-2025,Keyboard,Accessories,North,Offline,4,"? 3,853.00","? 15,412.00",Credit Card,C00315
T001293,11-01-2025,Headphones,Accessories,West,Offline,5,"? 9,192.00","? 45,960.00",Net Banking,C01058
T001294,22-08-2025,Speaker,Accessories,West,Online,2,"? 1,666.00","? 3,332.00",Credit Card,C00226
T001295,14-07-2025,Monitor,Electronics,East,Offline,3,"? 22,652.00","? 67,956.00",UPI,C00479
T001296,29-04-2025,Printer,Electronics,North,Offline,4,"? 25,638.00","? 1,02,552.00",UPI,C00223
T001297,20-01-2025,Camera,Electronics,West,Online,3,"? 35,233.00","? 1,05,699.00",Credit Card,C01716
T001298,18-09-2025,Smartphone,Electronics,South,Online,3,"? 16,885.00","? 50,655.00",Net Banking,C01931
T001299,20-10-2025,Webcam,Accessories,East,Online,2,"? 5,868.00","? 11,736.00",Cash,C00520
T001300,13-09-2025,Keyboard,Accessories,East,Offline,5,"? 1,599.00","? 7,995.00",Net Banking,C02291
T001301,10-08-2025,Smartwatch,Accessories,South,Online,2,"? 4,248.00","? 8,496.00",Net Banking,C00088
T001302,14-08-2025,Smartwatch,Accessories,South,Offline,5,"? 13,455.00","? 67,275.00",Net Banking,C00983
T001303,22-02-2025,Camera,Electronics,East,Offline,4,"? 88,948.00","? 3,55,792.00",UPI,C00480
T001304,21-12-2025,Speaker,Accessories,South,Offline,2,"? 13,269.00","? 26,538.00",Credit Card,C00309
T001305,08-12-2025,Tablet,Electronics,West,Offline,2,"? 25,947.00","? 51,894.00",Credit Card,C00540
T001306,30-12-2025,Power Bank,Accessories,East,Offline,1,"? 2,987.00","? 2,987.00",UPI,C01492
T001307,07-10-2025,Monitor,Electronics,West,Online,2,"? 14,449.00","? 28,898.00",Cash,C00090
T001308,22-03-2025,Gaming Chair,Furniture,East,Online,1,"? 17,411.00","? 17,411.00",UPI,C01010
T001309,21-07-2025,Monitor,Electronics,West,Online,5,"? 11,132.00","? 55,660.00",UPI,C02361
T001310,07-06-2025,Power Bank,Accessories,North,Offline,5,"? 1,159.00","? 5,795.00",Credit Card,C00180
T001311,30-04-2025,Smartwatch,Accessories,West,Online,5,"? 8,450.00","? 42,250.00",Credit Card,C00549
T001312,28-02-2025,Monitor,Electronics,South,Offline,1,"? 18,231.00","? 18,231.00",Credit Card,C00002
T001313,03-08-2025,Camera,Electronics,North,Offline,5,"? 51,052.00","? 2,55,260.00",UPI,C01058
T001314,08-05-2025,Webcam,Accessories,East,Online,3,"? 2,230.00","? 6,690.00",Credit Card,C01338
T001315,12-08-2025,Monitor,Electronics,West,Online,2,"? 15,067.00","? 30,134.00",UPI,C02274
T001316,28-07-2025,Tablet,Electronics,East,Offline,1,"? 41,485.00","? 41,485.00",UPI,C00364
T001317,25-04-2025,Smartphone,Electronics,North,Online,5,"? 24,689.00","? 1,23,445.00",Credit Card,C01531
T001318,28-07-2025,Printer,Electronics,South,Online,3,"? 23,801.00","? 71,403.00",UPI,C00950
T001319,14-01-2025,Smartphone,Electronics,South,Offline,2,"? 55,535.00","? 1,11,070.00",UPI,C00116
T001320,09-01-2025,Printer,Electronics,South,Offline,2,"? 9,763.00","? 19,526.00",Cash,C02162
T001321,09-02-2025,Headphones,Accessories,East,Online,5,"? 10,935.00","? 54,675.00",Net Banking,C01566
T001322,25-08-2025,Power Bank,Accessories,South,Offline,3,"? 4,916.00","? 14,748.00",Credit Card,C00595
T001323,08-10-2025,Router,Networking,South,Online,1,"? 3,473.00","? 3,473.00",Cash,C02155
T001324,25-12-2025,Smartphone,Electronics,East,Offline,5,"? 15,878.00","? 79,390.00",Net Banking,C02363
T001325,20-07-2025,Camera,Electronics,East,Offline,2,"? 48,848.00","? 97,696.00",Cash,C01912
T001326,03-09-2025,Laptop,Electronics,North,Online,2,"? 80,741.00","? 1,61,482.00",Cash,C01176
T001327,05-10-2025,Headphones,Accessories,South,Online,2,"? 3,884.00","? 7,768.00",UPI,C01935
T001328,23-08-2025,Printer,Electronics,North,Offline,5,"? 16,787.00","? 83,935.00",UPI,C02123
T001329,04-01-2025,Power Bank,Accessories,West,Online,4,"? 3,097.00","? 12,388.00",Credit Card,C00187
T001330,03-06-2025,Printer,Electronics,West,Online,4,"? 14,852.00","? 59,408.00",Cash,C02387
T001331,29-01-2025,Headphones,Accessories,West,Online,4,"? 8,371.00","? 33,484.00",Cash,C01847
T001332,19-04-2025,Printer,Electronics,West,Online,3,"? 26,369.00","? 79,107.00",UPI,C01413
T001333,08-04-2025,Webcam,Accessories,East,Offline,5,"? 2,769.00","? 13,845.00",UPI,C00825
T001334,03-08-2025,Power Bank,Accessories,North,Online,2,"? 2,094.00","? 4,188.00",UPI,C00053
T001335,20-10-2025,Keyboard,Accessories,North,Offline,3,"? 1,709.00","? 5,127.00",UPI,C00257
T001336,16-03-2025,Laptop,Electronics,East,Online,4,"? 93,051.00","? 3,72,204.00",Credit Card,C01596
T001337,22-11-2025,Camera,Electronics,West,Offline,1,"? 38,141.00","? 38,141.00",Credit Card,C02094
T001338,26-05-2025,Router,Networking,North,Offline,3,"? 3,464.00","? 10,392.00",Cash,C00015
T001339,08-05-2025,Gaming Chair,Furniture,South,Online,3,"? 20,835.00","? 62,505.00",Credit Card,C00012
T001340,07-12-2025,Keyboard,Accessories,East,Offline,5,"? 1,891.00","? 9,455.00",UPI,C02049
T001341,11-02-2025,Printer,Electronics,East,Online,3,"? 12,578.00","? 37,734.00",UPI,C02125
T001342,22-12-2025,Router,Networking,South,Online,5,"? 2,553.00","? 12,765.00",Credit Card,C00542
T001343,10-02-2025,Smartphone,Electronics,West,Offline,1,"? 34,225.00","? 34,225.00",Net Banking,C00996
T001344,03-02-2025,Keyboard,Accessories,West,Offline,2,"? 3,104.00","? 6,208.00",Cash,C00050
T001345,17-01-2025,Smartphone,Electronics,North,Offline,2,"? 34,946.00","? 69,892.00",Credit Card,C01666
T001346,14-06-2025,Headphones,Accessories,South,Online,4,"? 11,014.00","? 44,056.00",Credit Card,C01030
T001347,02-06-2025,Webcam,Accessories,North,Online,4,"? 2,771.00","? 11,084.00",Cash,C02123
T001348,17-03-2025,Monitor,Electronics,West,Online,1,"? 34,295.00","? 34,295.00",Cash,C00346
T001349,28-03-2025,Router,Networking,North,Offline,2,"? 1,752.00","? 3,504.00",Net Banking,C02381
T001350,27-04-2025,Mouse,Accessories,South,Offline,4,"? 1,959.00","? 7,836.00",Cash,C02316
T001351,28-12-2025,Speaker,Accessories,South,Online,3,"? 9,301.00","? 27,903.00",Net Banking,C01504
T001352,08-12-2025,Power Bank,Accessories,South,Online,5,"? 1,536.00","? 7,680.00",Credit Card,C01332
T001353,27-01-2025,Router,Networking,West,Online,4,"? 7,642.00","? 30,568.00",UPI,C01741
T001354,09-11-2025,Printer,Electronics,East,Online,1,"? 19,187.00","? 19,187.00",Net Banking,C00612
T001355,14-10-2025,Mouse,Accessories,East,Online,2,"? 2,328.00","? 4,656.00",Credit Card,C01246
T001356,14-05-2025,Laptop,Electronics,East,Offline,1,"? 66,257.00","? 66,257.00",Credit Card,C02326
T001357,07-08-2025,Smartphone,Electronics,North,Offline,5,"? 37,650.00","? 1,88,250.00",Cash,C00685
T001358,17-06-2025,Keyboard,Accessories,South,Offline,5,"? 2,890.00","? 14,450.00",Net Banking,C02366
T001359,08-04-2025,Mouse,Accessories,West,Offline,1,"? 1,402.00","? 1,402.00",UPI,C00143
T001360,25-09-2025,Tablet,Electronics,East,Offline,4,"? 33,038.00","? 1,32,152.00",UPI,C01950
T001361,25-08-2025,Printer,Electronics,East,Offline,4,"? 14,094.00","? 56,376.00",UPI,C00154
T001362,05-11-2025,Router,Networking,North,Online,2,"? 7,567.00","? 15,134.00",Credit Card,C00378
T001363,22-06-2025,Webcam,Accessories,North,Online,2,"? 5,252.00","? 10,504.00",Cash,C01631
T001364,09-07-2025,Mouse,Accessories,East,Online,3,"? 2,504.00","? 7,512.00",Credit Card,C00534
T001365,02-05-2025,Gaming Chair,Furniture,South,Offline,3,"? 28,521.00","? 85,563.00",Cash,C02029
T001366,15-02-2025,Keyboard,Accessories,South,Offline,2,"? 4,402.00","? 8,804.00",UPI,C00693
T001367,05-03-2025,Router,Networking,North,Offline,3,"? 4,692.00","? 14,076.00",UPI,C01891
T001368,10-05-2025,Keyboard,Accessories,North,Offline,1,"? 4,534.00","? 4,534.00",Net Banking,C00787
T001369,06-11-2025,Laptop,Electronics,South,Online,4,"? 87,206.00","? 3,48,824.00",Credit Card,C02210
T001370,29-12-2025,Router,Networking,North,Offline,3,"? 5,927.00","? 17,781.00",Cash,C00466
T001371,12-07-2025,Smartwatch,Accessories,North,Offline,3,"? 7,556.00","? 22,668.00",UPI,C02326
T001372,03-11-2025,Camera,Electronics,South,Offline,1,"? 38,772.00","? 38,772.00",Credit Card,C00141
T001373,30-06-2025,Tablet,Electronics,South,Offline,5,"? 38,063.00","? 1,90,315.00",Credit Card,C01728
T001374,19-10-2025,Mouse,Accessories,West,Offline,2,"? 2,629.00","? 5,258.00",Cash,C01992
T001375,09-10-2025,Camera,Electronics,North,Online,1,"? 70,852.00","? 70,852.00",Cash,C00810
T001376,29-01-2025,Tablet,Electronics,North,Online,5,"? 25,319.00","? 1,26,595.00",Net Banking,C01271
T001377,29-05-2025,Smartwatch,Accessories,West,Online,1,"? 7,383.00","? 7,383.00",Cash,C00703
T001378,24-09-2025,Mouse,Accessories,North,Offline,4,"? 1,633.00","? 6,532.00",Net Banking,C00170
T001379,23-10-2025,Gaming Chair,Furniture,North,Online,1,"? 26,682.00","? 26,682.00",Net Banking,C02267
T001380,11-01-2025,Tablet,Electronics,East,Offline,1,"? 34,713.00","? 34,713.00",Credit Card,C02082
T001381,13-06-2025,Router,Networking,East,Offline,4,"? 4,298.00","? 17,192.00",UPI,C02333
T001382,23-04-2025,Router,Networking,East,Online,2,"? 4,430.00","? 8,860.00",Credit Card,C01434
T001383,06-07-2025,Camera,Electronics,West,Online,5,"? 32,374.00","? 1,61,870.00",Credit Card,C01431
T001384,22-10-2025,Smartphone,Electronics,North,Online,3,"? 65,985.00","? 1,97,955.00",Net Banking,C01060
T001385,20-08-2025,Keyboard,Accessories,West,Online,2,"? 2,839.00","? 5,678.00",Credit Card,C00265
T001386,15-08-2025,Monitor,Electronics,West,Online,1,"? 32,783.00","? 32,783.00",Cash,C00853
T001387,06-11-2025,Headphones,Accessories,North,Online,3,"? 11,425.00","? 34,275.00",Cash,C01764
T001388,08-04-2025,Printer,Electronics,South,Online,4,"? 16,042.00","? 64,168.00",Credit Card,C00007
T001389,24-02-2025,Power Bank,Accessories,South,Offline,2,"? 2,487.00","? 4,974.00",Cash,C00023
T001390,21-04-2025,Power Bank,Accessories,North,Offline,5,"? 3,003.00","? 15,015.00",Cash,C01440
T001391,01-06-2025,Webcam,Accessories,South,Offline,2,"? 7,936.00","? 15,872.00",Cash,C02117
T001392,03-09-2025,Monitor,Electronics,East,Online,2,"? 10,208.00","? 20,416.00",Net Banking,C00013
T001393,10-03-2025,Mouse,Accessories,North,Offline,3,"? 1,908.00","? 5,724.00",Cash,C01784
T001394,08-11-2025,Gaming Chair,Furniture,West,Offline,4,"? 13,622.00","? 54,488.00",Credit Card,C02306
T001395,16-10-2025,Mouse,Accessories,East,Offline,4,"? 1,250.00","? 5,000.00",Credit Card,C00948
T001396,07-09-2025,Tablet,Electronics,West,Online,2,"? 32,670.00","? 65,340.00",UPI,C01846
T001397,05-02-2025,Gaming Chair,Furniture,South,Offline,4,"? 28,074.00","? 1,12,296.00",UPI,C01052
T001398,27-08-2025,Keyboard,Accessories,North,Offline,3,"? 4,055.00","? 12,165.00",Net Banking,C01868
T001399,28-05-2025,Router,Networking,East,Online,3,"? 4,109.00","? 12,327.00",UPI,C00414
T001400,15-08-2025,Router,Networking,North,Online,5,"? 7,678.00","? 38,390.00",Credit Card,C01811
T001401,01-09-2025,Smartwatch,Accessories,East,Offline,4,"? 2,223.00","? 8,892.00",Credit Card,C01128
T001402,03-12-2025,Laptop,Electronics,East,Online,5,"? 65,003.00","? 3,25,015.00",Cash,C00440
T001403,31-12-2025,Speaker,Accessories,East,Online,1,"? 5,274.00","? 5,274.00",UPI,C01807
T001404,20-07-2025,Tablet,Electronics,North,Online,3,"? 24,007.00","? 72,021.00",Credit Card,C00109
T001405,03-06-2025,Router,Networking,East,Offline,2,"? 5,892.00","? 11,784.00",UPI,C02478
T001406,14-03-2025,Power Bank,Accessories,East,Offline,3,"? 1,122.00","? 3,366.00",Net Banking,C01445
T001407,20-07-2025,Laptop,Electronics,North,Offline,1,"? 66,175.00","? 66,175.00",UPI,C02394
T001408,23-10-2025,Headphones,Accessories,West,Offline,2,"? 6,973.00","? 13,946.00",UPI,C00381
T001409,17-01-2025,Camera,Electronics,South,Online,4,"? 29,703.00","? 1,18,812.00",UPI,C01528
T001410,09-05-2025,Tablet,Electronics,North,Offline,4,"? 42,313.00","? 1,69,252.00",Credit Card,C01596
T001411,05-08-2025,Speaker,Accessories,North,Online,3,"? 3,586.00","? 10,758.00",Credit Card,C01567
T001412,02-03-2025,Headphones,Accessories,East,Offline,2,"? 7,896.00","? 15,792.00",Credit Card,C02206
T001413,14-04-2025,Printer,Electronics,North,Online,2,"? 29,867.00","? 59,734.00",Credit Card,C01383
T001414,11-02-2025,Tablet,Electronics,North,Online,5,"? 31,845.00","? 1,59,225.00",Net Banking,C00623
T001415,25-01-2025,Power Bank,Accessories,South,Online,1,"? 3,087.00","? 3,087.00",Credit Card,C00550
T001416,08-02-2025,Keyboard,Accessories,North,Offline,4,"? 1,386.00","? 5,544.00",UPI,C01427
T001417,18-10-2025,Keyboard,Accessories,East,Offline,3,"? 2,717.00","? 8,151.00",UPI,C01952
T001418,11-05-2025,Mouse,Accessories,South,Online,2,"? 1,868.00","? 3,736.00",UPI,C00134
T001419,17-08-2025,Printer,Electronics,North,Online,4,"? 10,835.00","? 43,340.00",UPI,C00701
T001420,18-04-2025,Power Bank,Accessories,East,Offline,3,"? 1,796.00","? 5,388.00",Cash,C01701
T001421,21-06-2025,Mouse,Accessories,South,Offline,4,"? 2,934.00","? 11,736.00",Cash,C01276
T001422,12-04-2025,Gaming Chair,Furniture,North,Online,3,"? 19,004.00","? 57,012.00",Net Banking,C01991
T001423,20-12-2025,Laptop,Electronics,East,Online,4,"? 80,587.00","? 3,22,348.00",Credit Card,C00206
T001424,12-01-2025,Webcam,Accessories,South,Online,5,"? 2,122.00","? 10,610.00",Credit Card,C02196
T001425,02-10-2025,Monitor,Electronics,East,Online,1,"? 18,975.00","? 18,975.00",Cash,C00508
T001426,11-04-2025,Smartwatch,Accessories,South,Online,4,"? 14,585.00","? 58,340.00",Cash,C00530
T001427,13-02-2025,Printer,Electronics,North,Online,1,"? 23,459.00","? 23,459.00",Cash,C02239
T001428,01-11-2025,Camera,Electronics,West,Online,4,"? 26,876.00","? 1,07,504.00",Net Banking,C01981
T001429,17-01-2025,Router,Networking,South,Offline,2,"? 1,803.00","? 3,606.00",UPI,C00406
T001430,26-11-2025,Webcam,Accessories,North,Offline,5,"? 6,737.00","? 33,685.00",Net Banking,C00088
T001431,26-02-2025,Power Bank,Accessories,South,Offline,5,"? 4,794.00","? 23,970.00",Cash,C00607
T001432,07-11-2025,Smartwatch,Accessories,West,Offline,1,"? 4,694.00","? 4,694.00",Credit Card,C01457
T001433,30-10-2025,Smartwatch,Accessories,East,Offline,2,"? 10,710.00","? 21,420.00",UPI,C00274
T001434,12-01-2025,Webcam,Accessories,West,Online,3,"? 8,889.00","? 26,667.00",UPI,C00061
T001435,14-11-2025,Power Bank,Accessories,West,Offline,5,"? 2,669.00","? 13,345.00",Cash,C00082
T001436,21-03-2025,Power Bank,Accessories,East,Online,2,"? 4,610.00","? 9,220.00",Net Banking,C01102
T001437,04-08-2025,Gaming Chair,Furniture,West,Offline,2,"? 8,912.00","? 17,824.00",Net Banking,C01345
T001438,05-12-2025,Smartphone,Electronics,North,Offline,1,"? 38,826.00","? 38,826.00",Cash,C00536
T001439,21-09-2025,Power Bank,Accessories,South,Offline,2,"? 4,734.00","? 9,468.00",Credit Card,C01290
T001440,29-05-2025,Speaker,Accessories,West,Online,2,"? 6,402.00","? 12,804.00",Cash,C00899
T001441,22-03-2025,Tablet,Electronics,South,Offline,3,"? 29,612.00","? 88,836.00",Net Banking,C00108
T001442,03-08-2025,Camera,Electronics,South,Offline,1,"? 69,723.00","? 69,723.00",Credit Card,C01605
T001443,17-07-2025,Printer,Electronics,East,Online,1,"? 16,663.00","? 16,663.00",UPI,C01022
T001444,19-07-2025,Mouse,Accessories,West,Offline,2,"? 2,079.00","? 4,158.00",UPI,C02444
T001445,25-01-2025,Laptop,Electronics,East,Online,3,"? 97,776.00","? 2,93,328.00",Credit Card,C01881
T001446,30-03-2025,Tablet,Electronics,East,Offline,4,"? 15,135.00","? 60,540.00",UPI,C00529
T001447,25-09-2025,Power Bank,Accessories,South,Online,5,? 897.00,"? 4,485.00",Cash,C02382
T001448,23-05-2025,Smartphone,Electronics,North,Online,1,"? 35,417.00","? 35,417.00",Net Banking,C02275
T001449,28-02-2025,Laptop,Electronics,South,Offline,3,"? 56,443.00","? 1,69,329.00",UPI,C01216
T001450,31-12-2025,Printer,Electronics,East,Online,3,"? 10,842.00","? 32,526.00",UPI,C00321
T001451,26-01-2025,Monitor,Electronics,West,Online,2,"? 29,925.00","? 59,850.00",Credit Card,C00342
T001452,16-02-2025,Webcam,Accessories,North,Online,5,"? 5,527.00","? 27,635.00",Credit Card,C01052
T001453,15-10-2025,Smartwatch,Accessories,North,Offline,1,"? 2,260.00","? 2,260.00",Net Banking,C02066
T001454,23-09-2025,Speaker,Accessories,West,Online,4,"? 10,627.00","? 42,508.00",Cash,C00633
T001455,16-01-2025,Power Bank,Accessories,West,Offline,2,"? 2,597.00","? 5,194.00",Credit Card,C01539
T001456,18-07-2025,Smartphone,Electronics,North,Offline,1,"? 64,483.00","? 64,483.00",Credit Card,C02318
T001457,09-10-2025,Laptop,Electronics,East,Online,1,"? 86,978.00","? 86,978.00",Cash,C00999
T001458,27-03-2025,Mouse,Accessories,North,Offline,3,? 667.00,"? 2,001.00",Credit Card,C02183
T001459,07-09-2025,Router,Networking,North,Online,5,"? 3,559.00","? 17,795.00",UPI,C02449
T001460,27-09-2025,Speaker,Accessories,North,Online,4,"? 1,572.00","? 6,288.00",UPI,C01519
T001461,01-12-2025,Speaker,Accessories,East,Online,5,"? 6,611.00","? 33,055.00",Cash,C01107
T001462,27-04-2025,Webcam,Accessories,West,Online,3,"? 4,421.00","? 13,263.00",Net Banking,C01743
T001463,07-01-2025,Smartphone,Electronics,West,Online,4,"? 58,413.00","? 2,33,652.00",Credit Card,C01703
T001464,17-05-2025,Laptop,Electronics,West,Online,4,"? 53,888.00","? 2,15,552.00",Cash,C00645
T001465,25-06-2025,Smartphone,Electronics,East,Offline,2,"? 15,177.00","? 30,354.00",Credit Card,C00079
T001466,24-11-2025,Mouse,Accessories,East,Offline,4,"? 2,399.00","? 9,596.00",Net Banking,C01332
T001467,11-11-2025,Mouse,Accessories,West,Offline,1,"? 1,171.00","? 1,171.00",Net Banking,C01050
T001468,03-08-2025,Camera,Electronics,South,Online,5,"? 27,426.00","? 1,37,130.00",Cash,C02215
T001469,23-03-2025,Keyboard,Accessories,South,Online,5,? 969.00,"? 4,845.00",Cash,C00685
T001470,11-08-2025,Smartwatch,Accessories,West,Online,2,"? 12,047.00","? 24,094.00",Credit Card,C01567
T001471,13-04-2025,Tablet,Electronics,South,Online,4,"? 28,039.00","? 1,12,156.00",Net Banking,C00461
T001472,30-09-2025,Gaming Chair,Furniture,South,Offline,3,"? 10,533.00","? 31,599.00",UPI,C01064
T001473,14-01-2025,Power Bank,Accessories,West,Online,1,"? 4,954.00","? 4,954.00",Net Banking,C00800
T001474,08-06-2025,Tablet,Electronics,West,Online,2,"? 31,366.00","? 62,732.00",Credit Card,C00772
T001475,01-06-2025,Speaker,Accessories,East,Online,4,"? 5,861.00","? 23,444.00",Cash,C01364
T001476,18-04-2025,Router,Networking,South,Online,3,"? 3,622.00","? 10,866.00",UPI,C02222
T001477,07-07-2025,Power Bank,Accessories,South,Online,4,"? 3,961.00","? 15,844.00",Net Banking,C00167
T001478,28-10-2025,Printer,Electronics,West,Online,2,"? 24,788.00","? 49,576.00",Cash,C02246
T001479,08-04-2025,Headphones,Accessories,North,Online,3,"? 3,201.00","? 9,603.00",Cash,C02488
T001480,11-05-2025,Printer,Electronics,West,Online,3,"? 28,403.00","? 85,209.00",Net Banking,C00559
T001481,20-10-2025,Headphones,Accessories,East,Online,3,"? 6,659.00","? 19,977.00",Credit Card,C01554
T001482,20-06-2025,Smartphone,Electronics,North,Offline,3,"? 48,921.00","? 1,46,763.00",Cash,C00514
T001483,02-07-2025,Webcam,Accessories,North,Online,4,"? 5,661.00","? 22,644.00",Cash,C01126
T001484,30-12-2025,Headphones,Accessories,North,Online,3,"? 11,619.00","? 34,857.00",Credit Card,C01206
T001485,08-02-2025,Keyboard,Accessories,East,Online,4,"? 2,036.00","? 8,144.00",Cash,C02462
T001486,15-01-2025,Keyboard,Accessories,South,Online,3,"? 1,106.00","? 3,318.00",UPI,C01796
T001487,04-01-2025,Smartwatch,Accessories,West,Online,3,"? 5,478.00","? 16,434.00",Cash,C01593
T001488,15-12-2025,Webcam,Accessories,East,Online,2,"? 1,776.00","? 3,552.00",Cash,C02299
T001489,29-07-2025,Webcam,Accessories,East,Online,4,"? 8,258.00","? 33,032.00",UPI,C01757
T001490,10-06-2025,Laptop,Electronics,North,Online,4,"? 85,129.00","? 3,40,516.00",Net Banking,C00245
T001491,16-01-2025,Tablet,Electronics,North,Offline,5,"? 37,172.00","? 1,85,860.00",UPI,C00488
T001492,18-04-2025,Smartwatch,Accessories,East,Offline,2,"? 12,160.00","? 24,320.00",UPI,C01767
T001493,07-11-2025,Keyboard,Accessories,South,Online,4,"? 1,160.00","? 4,640.00",Net Banking,C01949
T001494,15-08-2025,Gaming Chair,Furniture,North,Online,2,"? 10,446.00","? 20,892.00",UPI,C00036
T001495,19-06-2025,Laptop,Electronics,East,Offline,2,"? 61,931.00","? 1,23,862.00",Net Banking,C00369
T001496,03-02-2025,Gaming Chair,Furniture,North,Offline,2,"? 15,601.00","? 31,202.00",UPI,C00959
T001497,08-09-2025,Gaming Chair,Furniture,West,Offline,1,"? 13,051.00","? 13,051.00",UPI,C00258
T001498,04-09-2025,Printer,Electronics,West,Online,4,"? 9,517.00","? 38,068.00",UPI,C00501
T001499,26-09-2025,Gaming Chair,Furniture,West,Online,2,"? 12,802.00","? 25,604.00",Net Banking,C00654
T001500,21-05-2025,Tablet,Electronics,North,Offline,1,"? 28,759.00","? 28,759.00",UPI,C01636
T001501,01-10-2025,Camera,Electronics,North,Offline,1,"? 26,744.00","? 26,744.00",UPI,C00479
T001502,06-04-2025,Router,Networking,South,Online,3,"? 7,889.00","? 23,667.00",Credit Card,C00240
T001503,15-08-2025,Tablet,Electronics,West,Offline,3,"? 16,248.00","? 48,744.00",Net Banking,C02416
T001504,08-02-2025,Speaker,Accessories,South,Online,4,"? 12,431.00","? 49,724.00",Cash,C02197
T001505,29-10-2025,Smartphone,Electronics,East,Online,3,"? 65,123.00","? 1,95,369.00",Credit Card,C00732
T001506,29-01-2025,Monitor,Electronics,East,Online,4,"? 23,428.00","? 93,712.00",UPI,C00401
T001507,14-11-2025,Webcam,Accessories,West,Online,1,"? 8,636.00","? 8,636.00",Cash,C00594
T001508,02-09-2025,Router,Networking,South,Offline,1,"? 2,825.00","? 2,825.00",Credit Card,C00288
T001509,24-08-2025,Tablet,Electronics,North,Offline,4,"? 21,800.00","? 87,200.00",Credit Card,C01687
T001510,04-07-2025,Keyboard,Accessories,South,Offline,3,"? 4,660.00","? 13,980.00",Credit Card,C00134
T001511,29-09-2025,Smartphone,Electronics,East,Online,3,"? 67,238.00","? 2,01,714.00",Credit Card,C01821
T001512,24-08-2025,Mouse,Accessories,South,Online,4,"? 1,529.00","? 6,116.00",UPI,C01855
T001513,27-08-2025,Router,Networking,East,Online,5,"? 2,229.00","? 11,145.00",Net Banking,C01478
T001514,23-09-2025,Headphones,Accessories,East,Online,3,"? 4,967.00","? 14,901.00",Cash,C00225
T001515,25-12-2025,Printer,Electronics,South,Offline,2,"? 18,361.00","? 36,722.00",UPI,C02032
T001516,06-12-2025,Gaming Chair,Furniture,North,Online,3,"? 12,951.00","? 38,853.00",UPI,C00608
T001517,06-03-2025,Camera,Electronics,East,Online,5,"? 24,002.00","? 1,20,010.00",Cash,C00900
T001518,26-06-2025,Printer,Electronics,South,Online,1,"? 8,332.00","? 8,332.00",UPI,C00826
T001519,03-01-2025,Mouse,Accessories,East,Online,1,"? 1,973.00","? 1,973.00",Cash,C01951
T001520,22-05-2025,Webcam,Accessories,West,Offline,1,"? 5,875.00","? 5,875.00",UPI,C00411
T001521,07-06-2025,Power Bank,Accessories,North,Online,3,"? 1,485.00","? 4,455.00",Credit Card,C00374
T001522,20-11-2025,Monitor,Electronics,West,Offline,1,"? 28,272.00","? 28,272.00",Net Banking,C02133
T001523,26-05-2025,Tablet,Electronics,East,Offline,5,"? 27,352.00","? 1,36,760.00",Credit Card,C00084
T001524,20-10-2025,Speaker,Accessories,North,Online,5,"? 13,429.00","? 67,145.00",Cash,C00482
T001525,02-06-2025,Smartwatch,Accessories,South,Online,3,"? 4,033.00","? 12,099.00",Credit Card,C00272
T001526,12-07-2025,Smartphone,Electronics,South,Offline,2,"? 54,843.00","? 1,09,686.00",UPI,C02054
T001527,14-03-2025,Camera,Electronics,North,Online,3,"? 41,645.00","? 1,24,935.00",Cash,C00519
T001528,01-11-2025,Mouse,Accessories,West,Offline,1,"? 1,167.00","? 1,167.00",Cash,C02062
T001529,10-12-2025,Router,Networking,West,Online,3,"? 7,955.00","? 23,865.00",Credit Card,C01761
T001530,20-05-2025,Monitor,Electronics,North,Online,5,"? 8,645.00","? 43,225.00",Credit Card,C00817
T001531,06-07-2025,Printer,Electronics,South,Offline,3,"? 10,121.00","? 30,363.00",UPI,C00487
T001532,20-10-2025,Speaker,Accessories,North,Online,3,"? 9,612.00","? 28,836.00",Credit Card,C00797
T001533,02-03-2025,Speaker,Accessories,West,Online,2,"? 10,771.00","? 21,542.00",UPI,C01192
T001534,17-07-2025,Mouse,Accessories,East,Online,5,"? 2,740.00","? 13,700.00",Cash,C00937
T001535,22-10-2025,Camera,Electronics,South,Online,4,"? 45,212.00","? 1,80,848.00",Credit Card,C02454
T001536,15-11-2025,Webcam,Accessories,North,Online,4,"? 8,597.00","? 34,388.00",Credit Card,C00463
T001537,29-10-2025,Camera,Electronics,East,Online,5,"? 86,404.00","? 4,32,020.00",Net Banking,C02180
T001538,10-12-2025,Router,Networking,West,Online,4,"? 7,910.00","? 31,640.00",UPI,C00506
T001539,11-01-2025,Monitor,Electronics,South,Offline,1,"? 13,914.00","? 13,914.00",Credit Card,C02002
T001540,03-03-2025,Power Bank,Accessories,North,Online,4,"? 4,897.00","? 19,588.00",UPI,C02284
T001541,29-11-2025,Printer,Electronics,West,Online,1,"? 14,213.00","? 14,213.00",UPI,C00023
T001542,14-08-2025,Keyboard,Accessories,North,Online,5,"? 3,325.00","? 16,625.00",Cash,C00614
T001543,02-06-2025,Power Bank,Accessories,North,Online,4,"? 2,703.00","? 10,812.00",UPI,C00452
T001544,18-07-2025,Power Bank,Accessories,South,Online,4,"? 3,376.00","? 13,504.00",Credit Card,C00274
T001545,21-02-2025,Camera,Electronics,West,Online,1,"? 38,319.00","? 38,319.00",Credit Card,C01025
T001546,17-09-2025,Smartphone,Electronics,West,Offline,1,"? 48,383.00","? 48,383.00",Cash,C00166
T001547,28-02-2025,Smartphone,Electronics,East,Online,3,"? 36,441.00","? 1,09,323.00",UPI,C02458
T001548,13-03-2025,Headphones,Accessories,West,Online,2,"? 11,642.00","? 23,284.00",Cash,C00297
T001549,28-05-2025,Webcam,Accessories,West,Offline,4,"? 9,978.00","? 39,912.00",Cash,C02027
T001550,15-12-2025,Printer,Electronics,South,Online,2,"? 17,510.00","? 35,020.00",Cash,C01117
T001551,04-03-2025,Mouse,Accessories,East,Offline,2,"? 2,323.00","? 4,646.00",Cash,C00937
T001552,06-11-2025,Smartphone,Electronics,South,Online,4,"? 28,402.00","? 1,13,608.00",Cash,C00096
T001553,31-08-2025,Monitor,Electronics,West,Offline,1,"? 14,455.00","? 14,455.00",UPI,C00571
T001554,26-11-2025,Speaker,Accessories,East,Offline,3,"? 9,104.00","? 27,312.00",Credit Card,C00141
T001555,17-04-2025,Mouse,Accessories,South,Offline,5,"? 2,490.00","? 12,450.00",UPI,C01341
T001556,14-08-2025,Printer,Electronics,East,Online,4,"? 27,577.00","? 1,10,308.00",Credit Card,C01955
T001557,09-11-2025,Monitor,Electronics,West,Offline,4,"? 33,568.00","? 1,34,272.00",UPI,C00767
T001558,06-08-2025,Tablet,Electronics,East,Online,5,"? 19,776.00","? 98,880.00",Cash,C01627
T001559,29-08-2025,Laptop,Electronics,East,Offline,2,"? 82,059.00","? 1,64,118.00",UPI,C00833
T001560,16-09-2025,Smartphone,Electronics,East,Online,3,"? 44,405.00","? 1,33,215.00",UPI,C01329
T001561,19-09-2025,Webcam,Accessories,West,Online,2,"? 1,643.00","? 3,286.00",Credit Card,C02225
T001562,05-01-2025,Gaming Chair,Furniture,West,Online,5,"? 26,640.00","? 1,33,200.00",UPI,C00615
T001563,18-09-2025,Router,Networking,East,Online,5,"? 2,622.00","? 13,110.00",Credit Card,C00654
T001564,23-02-2025,Smartphone,Electronics,South,Online,3,"? 32,083.00","? 96,249.00",Credit Card,C02469
T001565,16-02-2025,Headphones,Accessories,South,Offline,5,"? 7,318.00","? 36,590.00",Net Banking,C00030
T001566,03-08-2025,Keyboard,Accessories,West,Online,5,? 970.00,"? 4,850.00",Credit Card,C00142
T001567,26-06-2025,Headphones,Accessories,North,Offline,3,"? 9,254.00","? 27,762.00",Credit Card,C01739
T001568,09-01-2025,Printer,Electronics,South,Online,4,"? 7,007.00","? 28,028.00",Credit Card,C02271
T001569,09-04-2025,Headphones,Accessories,East,Online,2,"? 11,464.00","? 22,928.00",Cash,C01529
T001570,20-01-2025,Keyboard,Accessories,North,Online,4,"? 2,682.00","? 10,728.00",Net Banking,C01947
T001571,29-08-2025,Keyboard,Accessories,West,Online,4,"? 3,128.00","? 12,512.00",Credit Card,C00511
T001572,02-03-2025,Camera,Electronics,South,Online,2,"? 56,492.00","? 1,12,984.00",Cash,C01299
T001573,27-06-2025,Speaker,Accessories,North,Offline,4,"? 14,105.00","? 56,420.00",Cash,C02146
T001574,04-12-2025,Camera,Electronics,West,Online,3,"? 78,636.00","? 2,35,908.00",Cash,C00988
T001575,03-03-2025,Laptop,Electronics,West,Offline,2,"? 79,735.00","? 1,59,470.00",UPI,C00460
T001576,25-05-2025,Monitor,Electronics,East,Online,1,"? 15,917.00","? 15,917.00",UPI,C01191
T001577,04-08-2025,Power Bank,Accessories,South,Offline,4,"? 1,977.00","? 7,908.00",Cash,C00266
T001578,03-01-2025,Tablet,Electronics,North,Online,5,"? 48,240.00","? 2,41,200.00",Net Banking,C00384
T001579,09-06-2025,Webcam,Accessories,East,Offline,2,"? 8,706.00","? 17,412.00",Credit Card,C02199
T001580,15-08-2025,Router,Networking,South,Online,1,"? 6,216.00","? 6,216.00",Credit Card,C01272
T001581,26-09-2025,Keyboard,Accessories,North,Online,5,"? 3,320.00","? 16,600.00",Net Banking,C00571
T001582,30-04-2025,Tablet,Electronics,West,Online,1,"? 28,920.00","? 28,920.00",UPI,C02266
T001583,30-03-2025,Webcam,Accessories,West,Online,4,"? 6,603.00","? 26,412.00",UPI,C01126
T001584,25-11-2025,Speaker,Accessories,South,Online,5,"? 11,660.00","? 58,300.00",UPI,C00300
T001585,09-03-2025,Smartphone,Electronics,East,Online,4,"? 38,464.00","? 1,53,856.00",Cash,C01810
T001586,23-12-2025,Webcam,Accessories,North,Offline,5,"? 6,817.00","? 34,085.00",UPI,C01072
T001587,08-04-2025,Smartwatch,Accessories,North,Online,2,"? 15,587.00","? 31,174.00",Credit Card,C02379
T001588,24-09-2025,Gaming Chair,Furniture,West,Online,3,"? 9,195.00","? 27,585.00",UPI,C00762
T001589,15-04-2025,Laptop,Electronics,South,Online,3,"? 75,083.00","? 2,25,249.00",Cash,C01753
T001590,19-11-2025,Printer,Electronics,East,Offline,1,"? 22,788.00","? 22,788.00",Net Banking,C00928
T001591,03-05-2025,Speaker,Accessories,West,Online,5,"? 2,794.00","? 13,970.00",UPI,C02145
T001592,29-01-2025,Mouse,Accessories,West,Offline,4,"? 2,358.00","? 9,432.00",Credit Card,C01984
T001593,17-05-2025,Tablet,Electronics,East,Online,2,"? 30,009.00","? 60,018.00",Cash,C01799
T001594,14-07-2025,Headphones,Accessories,North,Online,2,"? 8,868.00","? 17,736.00",Credit Card,C02138
T001595,14-08-2025,Router,Networking,North,Online,2,"? 4,319.00","? 8,638.00",UPI,C00152
T001596,28-11-2025,Keyboard,Accessories,South,Offline,3,"? 4,337.00","? 13,011.00",Cash,C01605
T001597,19-06-2025,Tablet,Electronics,West,Online,4,"? 44,641.00","? 1,78,564.00",Cash,C00726
T001598,09-01-2025,Power Bank,Accessories,South,Online,2,"? 2,206.00","? 4,412.00",Net Banking,C02156
T001599,09-02-2025,Mouse,Accessories,North,Offline,2,"? 1,818.00","? 3,636.00",Net Banking,C00164
T001600,25-01-2025,Router,Networking,East,Online,1,"? 3,077.00","? 3,077.00",Net Banking,C00451
T001601,18-09-2025,Keyboard,Accessories,North,Offline,5,"? 4,127.00","? 20,635.00",Credit Card,C00818
T001602,14-08-2025,Printer,Electronics,North,Offline,5,"? 11,311.00","? 56,555.00",UPI,C02296
T001603,04-05-2025,Power Bank,Accessories,West,Offline,5,"? 1,436.00","? 7,180.00",Net Banking,C00955
T001604,07-02-2025,Webcam,Accessories,North,Online,1,"? 7,047.00","? 7,047.00",UPI,C00485
T001605,24-11-2025,Smartwatch,Accessories,South,Online,3,"? 19,191.00","? 57,573.00",Credit Card,C02490
T001606,08-09-2025,Headphones,Accessories,East,Offline,1,"? 3,395.00","? 3,395.00",UPI,C02022
T001607,25-06-2025,Tablet,Electronics,West,Online,2,"? 30,908.00","? 61,816.00",Net Banking,C02327
T001608,31-03-2025,Camera,Electronics,East,Online,4,"? 21,415.00","? 85,660.00",UPI,C00524
T001609,06-02-2025,Laptop,Electronics,South,Online,2,"? 90,276.00","? 1,80,552.00",Credit Card,C01210
T001610,12-11-2025,Tablet,Electronics,South,Online,2,"? 28,833.00","? 57,666.00",Credit Card,C00829
T001611,25-06-2025,Tablet,Electronics,North,Offline,4,"? 25,406.00","? 1,01,624.00",UPI,C00488
T001612,11-10-2025,Mouse,Accessories,South,Offline,5,"? 1,064.00","? 5,320.00",Cash,C00224
T001613,22-03-2025,Mouse,Accessories,North,Online,1,"? 1,149.00","? 1,149.00",UPI,C00985
T001614,24-04-2025,Router,Networking,West,Offline,3,"? 4,996.00","? 14,988.00",Credit Card,C01570
T001615,09-02-2025,Webcam,Accessories,East,Online,2,"? 8,603.00","? 17,206.00",Credit Card,C00101
T001616,28-10-2025,Power Bank,Accessories,North,Offline,2,"? 4,829.00","? 9,658.00",Cash,C01912
T001617,12-08-2025,Laptop,Electronics,North,Online,3,"? 71,116.00","? 2,13,348.00",Credit Card,C02041
T001618,14-11-2025,Tablet,Electronics,West,Online,1,"? 49,790.00","? 49,790.00",UPI,C02480
T001619,15-12-2025,Router,Networking,South,Online,2,"? 7,730.00","? 15,460.00",Cash,C00549
T001620,25-04-2025,Monitor,Electronics,North,Online,3,"? 16,706.00","? 50,118.00",UPI,C01536
T001621,05-07-2025,Printer,Electronics,South,Online,2,"? 27,483.00","? 54,966.00",UPI,C01833
T001622,19-11-2025,Mouse,Accessories,North,Online,5,"? 1,720.00","? 8,600.00",Credit Card,C02438
T001623,25-02-2025,Mouse,Accessories,South,Offline,5,"? 2,898.00","? 14,490.00",Net Banking,C02259
T001624,09-02-2025,Power Bank,Accessories,North,Offline,2,"? 2,166.00","? 4,332.00",UPI,C01920
T001625,20-12-2025,Webcam,Accessories,East,Offline,2,"? 7,170.00","? 14,340.00",UPI,C01110
T001626,09-02-2025,Speaker,Accessories,East,Offline,5,"? 3,968.00","? 19,840.00",Net Banking,C01529
T001627,13-12-2025,Monitor,Electronics,East,Offline,2,"? 26,812.00","? 53,624.00",Credit Card,C00763
T001628,25-08-2025,Keyboard,Accessories,North,Offline,1,"? 4,388.00","? 4,388.00",Cash,C02256
T001629,16-10-2025,Speaker,Accessories,South,Online,1,"? 7,648.00","? 7,648.00",Credit Card,C00986
T001630,19-09-2025,Tablet,Electronics,West,Offline,4,"? 12,027.00","? 48,108.00",Cash,C00772
T001631,04-08-2025,Webcam,Accessories,West,Online,1,"? 8,671.00","? 8,671.00",Cash,C00785
T001632,27-05-2025,Laptop,Electronics,West,Online,2,"? 61,944.00","? 1,23,888.00",UPI,C01782
T001633,02-12-2025,Mouse,Accessories,East,Online,2,? 715.00,"? 1,430.00",Credit Card,C02052
T001634,17-06-2025,Laptop,Electronics,East,Online,3,"? 64,133.00","? 1,92,399.00",Credit Card,C00496
T001635,02-04-2025,Laptop,Electronics,East,Offline,1,"? 86,757.00","? 86,757.00",Cash,C02427
T001636,19-12-2025,Printer,Electronics,South,Offline,5,"? 6,530.00","? 32,650.00",Credit Card,C00356
T001637,28-02-2025,Router,Networking,East,Offline,5,"? 3,902.00","? 19,510.00",UPI,C00468
T001638,28-02-2025,Camera,Electronics,South,Offline,4,"? 71,011.00","? 2,84,044.00",UPI,C00438
T001639,31-10-2025,Mouse,Accessories,South,Online,3,"? 1,061.00","? 3,183.00",Cash,C00828
T001640,18-06-2025,Router,Networking,South,Offline,5,"? 6,891.00","? 34,455.00",Credit Card,C00701
T001641,26-09-2025,Speaker,Accessories,North,Online,4,"? 10,911.00","? 43,644.00",Credit Card,C00046
T001642,29-12-2025,Router,Networking,West,Online,1,"? 5,722.00","? 5,722.00",UPI,C00609
T001643,14-02-2025,Headphones,Accessories,South,Offline,3,"? 10,958.00","? 32,874.00",Net Banking,C00049
T001644,11-12-2025,Keyboard,Accessories,West,Offline,3,"? 1,767.00","? 5,301.00",Cash,C02168
T001645,30-06-2025,Laptop,Electronics,South,Offline,2,"? 81,461.00","? 1,62,922.00",UPI,C02321
T001646,19-06-2025,Mouse,Accessories,South,Online,1,"? 1,127.00","? 1,127.00",Net Banking,C01024
T001647,22-12-2025,Power Bank,Accessories,East,Offline,3,"? 1,043.00","? 3,129.00",Credit Card,C01888
T001648,10-07-2025,Webcam,Accessories,West,Online,4,"? 2,211.00","? 8,844.00",Net Banking,C00184
T001649,04-06-2025,Keyboard,Accessories,South,Online,5,"? 3,593.00","? 17,965.00",Cash,C02393
T001650,07-07-2025,Headphones,Accessories,West,Online,1,"? 8,924.00","? 8,924.00",Net Banking,C00820
T001651,07-01-2025,Mouse,Accessories,East,Online,1,? 485.00,? 485.00,Cash,C01607
T001652,13-05-2025,Tablet,Electronics,South,Online,3,"? 18,462.00","? 55,386.00",Credit Card,C01556
T001653,23-08-2025,Laptop,Electronics,East,Online,3,"? 92,757.00","? 2,78,271.00",Net Banking,C01693
T001654,14-02-2025,Headphones,Accessories,South,Offline,3,"? 3,560.00","? 10,680.00",Credit Card,C01363
T001655,10-11-2025,Tablet,Electronics,East,Online,4,"? 31,523.00","? 1,26,092.00",Net Banking,C00459
T001656,06-09-2025,Laptop,Electronics,East,Online,2,"? 69,944.00","? 1,39,888.00",Credit Card,C02273
T001657,31-01-2025,Smartphone,Electronics,North,Online,3,"? 68,155.00","? 2,04,465.00",UPI,C00690
T001658,23-01-2025,Speaker,Accessories,South,Offline,2,"? 3,677.00","? 7,354.00",Cash,C02423
T001659,09-06-2025,Smartwatch,Accessories,South,Offline,2,"? 19,221.00","? 38,442.00",Net Banking,C02043
T001660,29-12-2025,Webcam,Accessories,South,Online,1,"? 5,214.00","? 5,214.00",Credit Card,C00240
T001661,07-06-2025,Monitor,Electronics,West,Online,5,"? 11,078.00","? 55,390.00",Cash,C00838
T001662,08-02-2025,Laptop,Electronics,North,Online,5,"? 77,475.00","? 3,87,375.00",UPI,C00668
T001663,23-03-2025,Headphones,Accessories,West,Online,4,"? 10,968.00","? 43,872.00",Net Banking,C01138
T001664,22-12-2025,Gaming Chair,Furniture,South,Online,4,"? 29,416.00","? 1,17,664.00",Cash,C02162
T001665,15-09-2025,Headphones,Accessories,North,Online,5,"? 2,650.00","? 13,250.00",Cash,C01001
T001666,25-07-2025,Smartwatch,Accessories,East,Online,5,"? 4,948.00","? 24,740.00",Cash,C01965
T001667,18-03-2025,Mouse,Accessories,North,Offline,1,"? 2,920.00","? 2,920.00",Credit Card,C01456
T001668,12-01-2025,Router,Networking,East,Online,1,"? 3,885.00","? 3,885.00",UPI,C01526
T001669,22-10-2025,Power Bank,Accessories,South,Online,5,"? 3,568.00","? 17,840.00",Credit Card,C01395
T001670,12-08-2025,Monitor,Electronics,South,Offline,3,"? 31,981.00","? 95,943.00",UPI,C01599
T001671,13-01-2025,Webcam,Accessories,East,Offline,3,"? 1,862.00","? 5,586.00",Cash,C01562
T001672,15-02-2025,Keyboard,Accessories,North,Offline,1,"? 1,349.00","? 1,349.00",Credit Card,C01111
T001673,04-06-2025,Laptop,Electronics,West,Online,2,"? 52,256.00","? 1,04,512.00",Cash,C01470
T001674,23-04-2025,Mouse,Accessories,North,Online,5,? 948.00,"? 4,740.00",UPI,C00605
T001675,21-08-2025,Tablet,Electronics,East,Online,4,"? 35,711.00","? 1,42,844.00",Cash,C00200
T001676,17-01-2025,Webcam,Accessories,East,Online,3,"? 5,858.00","? 17,574.00",Credit Card,C01386
T001677,26-12-2025,Router,Networking,West,Online,2,"? 4,647.00","? 9,294.00",Credit Card,C01923
T001678,11-08-2025,Router,Networking,West,Offline,3,"? 6,797.00","? 20,391.00",UPI,C00084
T001679,20-12-2025,Router,Networking,West,Offline,2,"? 6,361.00","? 12,722.00",Cash,C01271
T001680,07-07-2025,Keyboard,Accessories,East,Offline,5,"? 1,575.00","? 7,875.00",Net Banking,C01908
T001681,10-12-2025,Webcam,Accessories,South,Offline,5,"? 7,455.00","? 37,275.00",UPI,C02316
T001682,31-12-2025,Monitor,Electronics,North,Offline,5,"? 15,129.00","? 75,645.00",Cash,C00465
T001683,12-06-2025,Mouse,Accessories,West,Offline,1,"? 1,552.00","? 1,552.00",UPI,C02266
T001684,22-11-2025,Camera,Electronics,East,Offline,2,"? 60,573.00","? 1,21,146.00",Cash,C01258
T001685,15-03-2025,Keyboard,Accessories,North,Offline,4,"? 2,622.00","? 10,488.00",Net Banking,C02093
T001686,21-08-2025,Printer,Electronics,West,Online,4,"? 14,820.00","? 59,280.00",Cash,C02208
T001687,12-08-2025,Printer,Electronics,South,Online,5,"? 17,211.00","? 86,055.00",Credit Card,C01182
T001688,15-11-2025,Laptop,Electronics,North,Offline,4,"? 80,197.00","? 3,20,788.00",UPI,C00780
T001689,01-03-2025,Laptop,Electronics,North,Online,3,"? 65,628.00","? 1,96,884.00",UPI,C00556
T001690,01-12-2025,Laptop,Electronics,East,Offline,2,"? 76,300.00","? 1,52,600.00",UPI,C01274
T001691,10-08-2025,Monitor,Electronics,East,Offline,2,"? 20,940.00","? 41,880.00",Net Banking,C01213
T001692,06-02-2025,Power Bank,Accessories,East,Offline,2,"? 1,928.00","? 3,856.00",Cash,C01346
T001693,05-10-2025,Router,Networking,South,Online,3,"? 6,061.00","? 18,183.00",Cash,C01893
T001694,15-07-2025,Gaming Chair,Furniture,North,Online,1,"? 16,955.00","? 16,955.00",Cash,C00794
T001695,18-12-2025,Power Bank,Accessories,West,Online,3,"? 1,819.00","? 5,457.00",Net Banking,C00219
T001696,30-08-2025,Gaming Chair,Furniture,South,Offline,2,"? 29,408.00","? 58,816.00",Net Banking,C01063
T001697,20-11-2025,Camera,Electronics,West,Online,2,"? 68,408.00","? 1,36,816.00",Net Banking,C01825
T001698,07-08-2025,Mouse,Accessories,West,Offline,2,"? 1,781.00","? 3,562.00",Credit Card,C00701
T001699,11-07-2025,Tablet,Electronics,East,Offline,4,"? 27,610.00","? 1,10,440.00",Cash,C02190
T001700,17-01-2025,Router,Networking,West,Offline,1,"? 3,135.00","? 3,135.00",Credit Card,C02394
T001701,12-01-2025,Smartphone,Electronics,West,Offline,3,"? 43,952.00","? 1,31,856.00",Cash,C00303
T001702,12-07-2025,Headphones,Accessories,South,Offline,2,"? 8,261.00","? 16,522.00",Credit Card,C01154
T001703,22-01-2025,Tablet,Electronics,East,Online,5,"? 34,899.00","? 1,74,495.00",Credit Card,C00346
T001704,30-04-2025,Mouse,Accessories,West,Offline,1,"? 2,085.00","? 2,085.00",Cash,C00176
T001705,29-07-2025,Camera,Electronics,West,Online,5,"? 68,478.00","? 3,42,390.00",Cash,C02242
T001706,02-11-2025,Webcam,Accessories,West,Online,1,"? 5,212.00","? 5,212.00",Credit Card,C02385
T001707,27-09-2025,Webcam,Accessories,North,Online,2,"? 8,558.00","? 17,116.00",Credit Card,C01203
T001708,11-07-2025,Monitor,Electronics,North,Offline,1,"? 33,117.00","? 33,117.00",UPI,C01776
T001709,24-06-2025,Keyboard,Accessories,East,Online,1,"? 3,644.00","? 3,644.00",Credit Card,C00081
T001710,12-10-2025,Tablet,Electronics,South,Offline,2,"? 27,711.00","? 55,422.00",UPI,C02209
T001711,23-07-2025,Keyboard,Accessories,East,Offline,5,"? 1,338.00","? 6,690.00",Cash,C00407
T001712,13-06-2025,Webcam,Accessories,North,Offline,5,"? 3,760.00","? 18,800.00",UPI,C01205
T001713,08-09-2025,Smartphone,Electronics,East,Online,4,"? 32,813.00","? 1,31,252.00",Credit Card,C01293
T001714,15-08-2025,Webcam,Accessories,South,Offline,5,"? 4,462.00","? 22,310.00",Credit Card,C01594
T001715,07-01-2025,Power Bank,Accessories,East,Online,5,"? 3,268.00","? 16,340.00",UPI,C00494
T001716,29-01-2025,Mouse,Accessories,West,Online,1,"? 2,766.00","? 2,766.00",Net Banking,C02239
T001717,02-02-2025,Gaming Chair,Furniture,South,Offline,4,"? 27,612.00","? 1,10,448.00",Credit Card,C01345
T001718,14-05-2025,Speaker,Accessories,South,Online,2,"? 9,820.00","? 19,640.00",Credit Card,C01384
T001719,20-03-2025,Camera,Electronics,South,Online,2,"? 73,551.00","? 1,47,102.00",Net Banking,C00554
T001720,27-02-2025,Gaming Chair,Furniture,East,Offline,3,"? 23,448.00","? 70,344.00",Credit Card,C01119
T001721,26-01-2025,Mouse,Accessories,East,Online,4,"? 1,316.00","? 5,264.00",Credit Card,C02404
T001722,14-08-2025,Headphones,Accessories,West,Online,1,"? 6,281.00","? 6,281.00",Net Banking,C01625
T001723,12-10-2025,Router,Networking,South,Offline,3,"? 6,517.00","? 19,551.00",UPI,C02418
T001724,04-01-2025,Monitor,Electronics,West,Online,3,"? 29,539.00","? 88,617.00",Cash,C02344
T001725,09-04-2025,Headphones,Accessories,South,Online,2,"? 2,250.00","? 4,500.00",Net Banking,C02069
T001726,08-02-2025,Mouse,Accessories,North,Offline,5,"? 2,598.00","? 12,990.00",UPI,C00673
T001727,28-09-2025,Headphones,Accessories,East,Offline,1,"? 5,688.00","? 5,688.00",Credit Card,C02415
T001728,12-10-2025,Router,Networking,West,Offline,4,"? 7,690.00","? 30,760.00",UPI,C00549
T001729,06-06-2025,Power Bank,Accessories,East,Offline,3,"? 4,873.00","? 14,619.00",Cash,C01736
T001730,16-03-2025,Smartwatch,Accessories,East,Online,1,"? 5,787.00","? 5,787.00",UPI,C01409
T001731,15-10-2025,Mouse,Accessories,North,Offline,2,"? 1,339.00","? 2,678.00",Net Banking,C01690
T001732,10-05-2025,Router,Networking,North,Offline,3,"? 3,778.00","? 11,334.00",Credit Card,C02087
T001733,24-06-2025,Gaming Chair,Furniture,South,Online,3,"? 13,658.00","? 40,974.00",UPI,C02095
T001734,25-03-2025,Gaming Chair,Furniture,North,Offline,2,"? 17,193.00","? 34,386.00",Cash,C01336
T001735,22-01-2025,Router,Networking,South,Offline,2,"? 5,272.00","? 10,544.00",Credit Card,C01134
T001736,27-01-2025,Camera,Electronics,North,Online,2,"? 78,954.00","? 1,57,908.00",UPI,C00186
T001737,14-07-2025,Tablet,Electronics,North,Offline,1,"? 32,077.00","? 32,077.00",UPI,C00924
T001738,03-12-2025,Camera,Electronics,West,Offline,1,"? 56,759.00","? 56,759.00",Net Banking,C02007
T001739,24-08-2025,Smartwatch,Accessories,North,Online,1,"? 11,295.00","? 11,295.00",Net Banking,C02375
T001740,02-04-2025,Speaker,Accessories,West,Offline,5,"? 3,687.00","? 18,435.00",UPI,C01752
T001741,21-01-2025,Gaming Chair,Furniture,North,Offline,3,"? 22,735.00","? 68,205.00",Cash,C02158
T001742,30-10-2025,Tablet,Electronics,West,Offline,1,"? 13,032.00","? 13,032.00",Cash,C02221
T001743,23-12-2025,Smartwatch,Accessories,East,Online,5,"? 13,005.00","? 65,025.00",Cash,C01345
T001744,25-03-2025,Gaming Chair,Furniture,South,Online,3,"? 11,903.00","? 35,709.00",Credit Card,C01981
T001745,19-09-2025,Tablet,Electronics,North,Online,1,"? 39,897.00","? 39,897.00",UPI,C00061
T001746,27-05-2025,Speaker,Accessories,West,Offline,2,"? 10,952.00","? 21,904.00",UPI,C01195
T001747,14-09-2025,Camera,Electronics,North,Offline,4,"? 80,854.00","? 3,23,416.00",UPI,C01892
T001748,27-02-2025,Speaker,Accessories,West,Online,1,"? 3,836.00","? 3,836.00",Net Banking,C01153
T001749,15-01-2025,Mouse,Accessories,West,Online,4,? 499.00,"? 1,996.00",Credit Card,C01075
T001750,11-06-2025,Router,Networking,North,Online,1,"? 7,535.00","? 7,535.00",Cash,C01600
T001751,12-06-2025,Laptop,Electronics,South,Offline,2,"? 86,424.00","? 1,72,848.00",UPI,C01939
T001752,16-11-2025,Printer,Electronics,West,Offline,4,"? 18,709.00","? 74,836.00",UPI,C01606
T001753,08-10-2025,Printer,Electronics,East,Online,5,"? 12,786.00","? 63,930.00",Credit Card,C02009
T001754,07-10-2025,Smartwatch,Accessories,North,Online,2,"? 2,693.00","? 5,386.00",Cash,C01047
T001755,12-01-2025,Printer,Electronics,East,Online,4,"? 27,185.00","? 1,08,740.00",Credit Card,C00769
T001756,01-10-2025,Camera,Electronics,West,Online,4,"? 89,245.00","? 3,56,980.00",UPI,C01085
T001757,28-09-2025,Router,Networking,West,Offline,2,"? 4,270.00","? 8,540.00",Net Banking,C00207
T001758,27-07-2025,Webcam,Accessories,North,Online,2,"? 2,530.00","? 5,060.00",Credit Card,C00793
T001759,27-01-2025,Keyboard,Accessories,South,Online,2,"? 4,909.00","? 9,818.00",Credit Card,C00877
T001760,13-03-2025,Webcam,Accessories,East,Offline,3,"? 8,495.00","? 25,485.00",Credit Card,C01900
T001761,01-03-2025,Smartwatch,Accessories,South,Offline,5,"? 16,846.00","? 84,230.00",Credit Card,C01025
T001762,25-05-2025,Router,Networking,East,Offline,1,"? 3,119.00","? 3,119.00",Credit Card,C02041
T001763,03-04-2025,Tablet,Electronics,South,Offline,4,"? 35,426.00","? 1,41,704.00",Credit Card,C02325
T001764,05-11-2025,Speaker,Accessories,North,Offline,1,"? 11,588.00","? 11,588.00",Cash,C00759
T001765,08-01-2025,Speaker,Accessories,East,Offline,2,"? 10,667.00","? 21,334.00",Cash,C01963
T001766,20-03-2025,Monitor,Electronics,North,Offline,5,"? 26,900.00","? 1,34,500.00",UPI,C01162
T001767,27-01-2025,Headphones,Accessories,South,Offline,5,"? 10,707.00","? 53,535.00",Cash,C02370
T001768,23-06-2025,Camera,Electronics,South,Offline,3,"? 44,379.00","? 1,33,137.00",UPI,C01660
T001769,19-02-2025,Router,Networking,South,Online,2,"? 2,625.00","? 5,250.00",Net Banking,C01627
T001770,18-07-2025,Webcam,Accessories,North,Online,4,"? 8,406.00","? 33,624.00",Cash,C02294
T001771,15-12-2025,Router,Networking,West,Online,3,"? 7,104.00","? 21,312.00",Credit Card,C01001
T001772,30-06-2025,Tablet,Electronics,West,Offline,2,"? 29,420.00","? 58,840.00",Credit Card,C01520
T001773,24-01-2025,Router,Networking,East,Offline,3,"? 4,026.00","? 12,078.00",Credit Card,C00476
T001774,12-11-2025,Keyboard,Accessories,North,Offline,1,? 866.00,? 866.00,Cash,C00126
T001775,15-02-2025,Monitor,Electronics,North,Online,2,"? 28,573.00","? 57,146.00",UPI,C02314
T001776,15-01-2025,Router,Networking,North,Online,4,"? 2,075.00","? 8,300.00",Cash,C01972
T001777,02-06-2025,Webcam,Accessories,South,Offline,4,"? 8,671.00","? 34,684.00",Credit Card,C02186
T001778,10-08-2025,Printer,Electronics,North,Online,2,"? 21,748.00","? 43,496.00",UPI,C01262
T001779,25-07-2025,Gaming Chair,Furniture,West,Online,3,"? 11,343.00","? 34,029.00",Credit Card,C01327
T001780,30-09-2025,Keyboard,Accessories,East,Offline,5,"? 2,518.00","? 12,590.00",Credit Card,C01070
T001781,24-08-2025,Smartwatch,Accessories,West,Online,2,"? 11,347.00","? 22,694.00",UPI,C01397
T001782,06-12-2025,Power Bank,Accessories,North,Online,4,"? 1,615.00","? 6,460.00",Credit Card,C01348
T001783,16-08-2025,Speaker,Accessories,East,Online,1,"? 7,523.00","? 7,523.00",UPI,C00644
T001784,09-01-2025,Smartphone,Electronics,East,Online,4,"? 57,495.00","? 2,29,980.00",Net Banking,C01409
T001785,15-06-2025,Smartphone,Electronics,North,Online,5,"? 58,693.00","? 2,93,465.00",UPI,C00749
T001786,15-11-2025,Printer,Electronics,North,Online,4,"? 13,979.00","? 55,916.00",Credit Card,C00905
T001787,02-08-2025,Smartphone,Electronics,West,Online,5,"? 24,154.00","? 1,20,770.00",Cash,C01817
T001788,27-04-2025,Smartphone,Electronics,West,Online,2,"? 36,555.00","? 73,110.00",Cash,C01618
T001789,10-12-2025,Tablet,Electronics,South,Offline,4,"? 36,623.00","? 1,46,492.00",Net Banking,C00455
T001790,13-03-2025,Tablet,Electronics,South,Online,3,"? 48,177.00","? 1,44,531.00",Net Banking,C01774
T001791,05-03-2025,Headphones,Accessories,South,Online,3,"? 5,541.00","? 16,623.00",Credit Card,C00824
T001792,24-07-2025,Mouse,Accessories,North,Online,4,"? 2,684.00","? 10,736.00",Net Banking,C01073
T001793,28-07-2025,Printer,Electronics,North,Online,4,"? 26,244.00","? 1,04,976.00",Credit Card,C00521
T001794,13-03-2025,Smartphone,Electronics,South,Online,1,"? 65,666.00","? 65,666.00",Cash,C00394
T001795,04-10-2025,Headphones,Accessories,South,Online,4,"? 2,067.00","? 8,268.00",Cash,C02443
T001796,01-10-2025,Printer,Electronics,West,Offline,1,"? 23,265.00","? 23,265.00",Credit Card,C00096
T001797,16-11-2025,Gaming Chair,Furniture,South,Offline,1,"? 14,909.00","? 14,909.00",Net Banking,C00085
T001798,04-12-2025,Smartphone,Electronics,South,Offline,1,"? 36,416.00","? 36,416.00",Cash,C01060
T001799,05-04-2025,Camera,Electronics,East,Online,1,"? 72,791.00","? 72,791.00",UPI,C00416
T001800,15-06-2025,Speaker,Accessories,South,Offline,2,"? 11,241.00","? 22,482.00",Net Banking,C00595
T001801,01-02-2025,Router,Networking,East,Online,3,"? 4,237.00","? 12,711.00",UPI,C01992
T001802,11-01-2025,Laptop,Electronics,South,Offline,1,"? 91,060.00","? 91,060.00",Cash,C00726
T001803,28-10-2025,Camera,Electronics,East,Online,3,"? 51,411.00","? 1,54,233.00",UPI,C01924
T001804,05-08-2025,Monitor,Electronics,South,Offline,1,"? 23,319.00","? 23,319.00",Cash,C00221
T001805,16-10-2025,Printer,Electronics,West,Offline,3,"? 25,916.00","? 77,748.00",UPI,C01343
T001806,12-04-2025,Mouse,Accessories,North,Online,4,"? 2,715.00","? 10,860.00",Credit Card,C00479
T001807,24-09-2025,Monitor,Electronics,East,Online,4,"? 23,721.00","? 94,884.00",UPI,C02440
T001808,02-08-2025,Headphones,Accessories,North,Offline,3,"? 1,407.00","? 4,221.00",UPI,C02493
T001809,28-06-2025,Headphones,Accessories,West,Online,1,"? 8,204.00","? 8,204.00",UPI,C00319
T001810,29-03-2025,Router,Networking,South,Offline,2,"? 4,015.00","? 8,030.00",Net Banking,C01341
T001811,10-02-2025,Smartphone,Electronics,South,Online,3,"? 39,517.00","? 1,18,551.00",Credit Card,C00293
T001812,17-03-2025,Monitor,Electronics,West,Online,5,"? 9,739.00","? 48,695.00",Cash,C00516
T001813,15-02-2025,Webcam,Accessories,North,Offline,2,"? 5,552.00","? 11,104.00",Cash,C01080
T001814,09-06-2025,Speaker,Accessories,North,Online,5,"? 1,758.00","? 8,790.00",Cash,C00570
T001815,21-03-2025,Smartphone,Electronics,North,Online,3,"? 53,554.00","? 1,60,662.00",Cash,C00762
T001816,06-11-2025,Printer,Electronics,North,Online,1,"? 18,013.00","? 18,013.00",Credit Card,C00144
T001817,27-03-2025,Gaming Chair,Furniture,East,Offline,5,"? 20,596.00","? 1,02,980.00",UPI,C00309
T001818,02-04-2025,Headphones,Accessories,North,Online,3,"? 4,683.00","? 14,049.00",Net Banking,C00018
T001819,28-05-2025,Laptop,Electronics,East,Offline,2,"? 87,488.00","? 1,74,976.00",Credit Card,C01375
T001820,10-06-2025,Router,Networking,West,Online,1,"? 7,753.00","? 7,753.00",Credit Card,C01190
T001821,21-07-2025,Headphones,Accessories,South,Online,5,"? 4,726.00","? 23,630.00",Credit Card,C01568
T001822,30-08-2025,Tablet,Electronics,East,Online,3,"? 10,678.00","? 32,034.00",Cash,C01136
T001823,19-12-2025,Power Bank,Accessories,North,Offline,1,"? 2,083.00","? 2,083.00",UPI,C02273
T001824,02-01-2025,Keyboard,Accessories,South,Online,1,"? 1,606.00","? 1,606.00",Credit Card,C00852
T001825,13-08-2025,Mouse,Accessories,East,Online,4,? 667.00,"? 2,668.00",UPI,C01840
T001826,16-10-2025,Monitor,Electronics,South,Offline,1,"? 14,126.00","? 14,126.00",Credit Card,C00154
T001827,21-08-2025,Smartphone,Electronics,West,Offline,3,"? 42,679.00","? 1,28,037.00",Net Banking,C00110
T001828,18-03-2025,Keyboard,Accessories,North,Offline,2,"? 1,900.00","? 3,800.00",Net Banking,C00338
T001829,26-04-2025,Webcam,Accessories,West,Online,4,"? 6,855.00","? 27,420.00",Net Banking,C01965
T001830,03-06-2025,Keyboard,Accessories,South,Online,3,"? 1,816.00","? 5,448.00",Credit Card,C00507
T001831,13-04-2025,Camera,Electronics,West,Online,3,"? 47,366.00","? 1,42,098.00",Cash,C02221
T001832,13-07-2025,Power Bank,Accessories,North,Offline,3,"? 3,444.00","? 10,332.00",Credit Card,C01807
T001833,15-06-2025,Smartwatch,Accessories,East,Online,5,"? 19,442.00","? 97,210.00",UPI,C00799
T001834,25-12-2025,Camera,Electronics,West,Online,5,"? 76,436.00","? 3,82,180.00",Credit Card,C02447
T001835,31-03-2025,Camera,Electronics,North,Online,2,"? 60,920.00","? 1,21,840.00",UPI,C02150
T001836,23-06-2025,Mouse,Accessories,South,Online,3,"? 1,187.00","? 3,561.00",UPI,C00989
T001837,02-05-2025,Tablet,Electronics,West,Offline,5,"? 22,686.00","? 1,13,430.00",UPI,C02026
T001838,23-05-2025,Headphones,Accessories,East,Offline,5,"? 11,836.00","? 59,180.00",UPI,C01273
T001839,16-04-2025,Camera,Electronics,West,Offline,5,"? 30,356.00","? 1,51,780.00",Cash,C00485
T001840,01-11-2025,Router,Networking,South,Online,2,"? 5,957.00","? 11,914.00",Credit Card,C02043
T001841,26-12-2025,Printer,Electronics,South,Offline,2,"? 14,395.00","? 28,790.00",UPI,C02007
T001842,13-11-2025,Headphones,Accessories,South,Online,3,"? 3,491.00","? 10,473.00",Net Banking,C00174
T001843,03-05-2025,Tablet,Electronics,West,Online,4,"? 31,206.00","? 1,24,824.00",UPI,C01867
T001844,09-01-2025,Gaming Chair,Furniture,West,Online,3,"? 21,928.00","? 65,784.00",UPI,C01382
T001845,19-09-2025,Smartphone,Electronics,West,Online,5,"? 54,772.00","? 2,73,860.00",Net Banking,C01463
T001846,14-03-2025,Smartwatch,Accessories,East,Online,5,"? 13,560.00","? 67,800.00",Cash,C01054
T001847,25-12-2025,Headphones,Accessories,North,Online,1,"? 8,011.00","? 8,011.00",Net Banking,C00067
T001848,11-08-2025,Router,Networking,West,Offline,3,"? 7,200.00","? 21,600.00",Credit Card,C00488
T001849,10-02-2025,Router,Networking,East,Offline,5,"? 5,058.00","? 25,290.00",Cash,C00785
T001850,23-07-2025,Monitor,Electronics,South,Online,5,"? 12,862.00","? 64,310.00",Credit Card,C01562
T001851,21-09-2025,Mouse,Accessories,West,Online,4,"? 1,654.00","? 6,616.00",Cash,C01142
T001852,24-11-2025,Keyboard,Accessories,West,Online,1,"? 1,926.00","? 1,926.00",Credit Card,C00721
T001853,27-06-2025,Speaker,Accessories,West,Online,3,"? 14,182.00","? 42,546.00",Credit Card,C01381
T001854,14-12-2025,Power Bank,Accessories,East,Online,2,"? 4,311.00","? 8,622.00",Credit Card,C00248
T001855,14-11-2025,Smartphone,Electronics,West,Online,3,"? 57,379.00","? 1,72,137.00",Cash,C01984
T001856,25-03-2025,Tablet,Electronics,West,Offline,3,"? 25,096.00","? 75,288.00",Credit Card,C01631
T001857,14-11-2025,Camera,Electronics,North,Offline,4,"? 80,047.00","? 3,20,188.00",UPI,C00726
T001858,21-04-2025,Printer,Electronics,East,Online,3,"? 20,106.00","? 60,318.00",Credit Card,C02424
T001859,08-09-2025,Router,Networking,North,Offline,4,"? 1,855.00","? 7,420.00",Cash,C00894
T001860,07-01-2025,Printer,Electronics,North,Offline,4,"? 25,856.00","? 1,03,424.00",Credit Card,C02150
T001861,25-03-2025,Webcam,Accessories,North,Online,5,"? 9,932.00","? 49,660.00",Credit Card,C01995
T001862,27-07-2025,Smartwatch,Accessories,North,Online,2,"? 17,700.00","? 35,400.00",Net Banking,C00057
T001863,10-11-2025,Gaming Chair,Furniture,South,Offline,4,"? 21,850.00","? 87,400.00",UPI,C00431
T001864,22-01-2025,Tablet,Electronics,West,Offline,1,"? 27,238.00","? 27,238.00",UPI,C00162
T001865,03-01-2025,Smartphone,Electronics,North,Online,1,"? 59,703.00","? 59,703.00",Cash,C01965
T001866,07-05-2025,Monitor,Electronics,East,Offline,2,"? 34,890.00","? 69,780.00",Credit Card,C02080
T001867,24-10-2025,Webcam,Accessories,West,Online,4,"? 7,863.00","? 31,452.00",Credit Card,C01196
T001868,07-07-2025,Keyboard,Accessories,North,Offline,2,"? 4,324.00","? 8,648.00",UPI,C01006
T001869,28-12-2025,Camera,Electronics,North,Online,5,"? 35,379.00","? 1,76,895.00",UPI,C02145
T001870,14-01-2025,Speaker,Accessories,East,Online,1,"? 6,946.00","? 6,946.00",Net Banking,C00139
T001871,12-01-2025,Power Bank,Accessories,South,Offline,3,"? 1,860.00","? 5,580.00",Credit Card,C02340
T001872,28-03-2025,Mouse,Accessories,East,Offline,1,? 781.00,? 781.00,Cash,C00141
T001873,12-01-2025,Laptop,Electronics,South,Online,4,"? 72,415.00","? 2,89,660.00",Credit Card,C01337
T001874,25-01-2025,Laptop,Electronics,South,Online,2,"? 72,566.00","? 1,45,132.00",UPI,C01689
T001875,28-10-2025,Camera,Electronics,South,Online,1,"? 86,668.00","? 86,668.00",Credit Card,C00198
T001876,31-08-2025,Smartphone,Electronics,North,Online,3,"? 66,628.00","? 1,99,884.00",Cash,C01445
T001877,02-05-2025,Camera,Electronics,North,Online,3,"? 72,287.00","? 2,16,861.00",Net Banking,C01882
T001878,27-05-2025,Webcam,Accessories,South,Offline,2,"? 3,579.00","? 7,158.00",UPI,C02180
T001879,24-02-2025,Tablet,Electronics,South,Online,2,"? 10,944.00","? 21,888.00",Credit Card,C02413
T001880,26-08-2025,Power Bank,Accessories,North,Offline,1,"? 4,762.00","? 4,762.00",Credit Card,C00538
T001881,22-12-2025,Laptop,Electronics,South,Offline,4,"? 89,442.00","? 3,57,768.00",UPI,C01293
T001882,22-06-2025,Gaming Chair,Furniture,North,Online,5,"? 18,721.00","? 93,605.00",UPI,C02120
T001883,09-08-2025,Smartwatch,Accessories,South,Offline,3,"? 14,493.00","? 43,479.00",UPI,C00303
T001884,29-04-2025,Webcam,Accessories,North,Offline,2,"? 2,334.00","? 4,668.00",Credit Card,C02429
T001885,05-11-2025,Webcam,Accessories,East,Online,5,"? 5,250.00","? 26,250.00",Net Banking,C02027
T001886,02-07-2025,Tablet,Electronics,South,Offline,5,"? 14,184.00","? 70,920.00",UPI,C01194
T001887,15-10-2025,Laptop,Electronics,South,Offline,5,"? 77,963.00","? 3,89,815.00",Net Banking,C02335
T001888,03-11-2025,Monitor,Electronics,East,Offline,4,"? 15,178.00","? 60,712.00",Cash,C00168
T001889,27-10-2025,Power Bank,Accessories,West,Online,2,"? 1,006.00","? 2,012.00",Credit Card,C00215
T001890,23-03-2025,Speaker,Accessories,South,Offline,3,"? 9,665.00","? 28,995.00",Credit Card,C01140
T001891,30-07-2025,Keyboard,Accessories,West,Online,2,"? 4,234.00","? 8,468.00",Net Banking,C00144
T001892,30-05-2025,Printer,Electronics,East,Offline,1,"? 20,844.00","? 20,844.00",Credit Card,C02378
T001893,06-02-2025,Tablet,Electronics,South,Offline,3,"? 38,882.00","? 1,16,646.00",Credit Card,C02284
T001894,18-12-2025,Printer,Electronics,West,Online,2,"? 14,151.00","? 28,302.00",Credit Card,C01888
T001895,08-11-2025,Printer,Electronics,South,Online,3,"? 6,028.00","? 18,084.00",UPI,C00469
T001896,27-12-2025,Webcam,Accessories,South,Online,1,"? 9,879.00","? 9,879.00",Net Banking,C02013
T001897,28-02-2025,Power Bank,Accessories,North,Online,3,"? 2,660.00","? 7,980.00",UPI,C01328
T001898,11-05-2025,Webcam,Accessories,West,Offline,5,"? 9,434.00","? 47,170.00",UPI,C01517
T001899,21-07-2025,Router,Networking,North,Online,4,"? 6,769.00","? 27,076.00",Net Banking,C01744
T001900,31-08-2025,Power Bank,Accessories,North,Online,1,"? 3,372.00","? 3,372.00",Credit Card,C00968
T001901,04-02-2025,Laptop,Electronics,West,Online,3,"? 98,049.00","? 2,94,147.00",Net Banking,C01935
T001902,03-04-2025,Tablet,Electronics,West,Offline,1,"? 30,398.00","? 30,398.00",Cash,C02197
T001903,26-07-2025,Keyboard,Accessories,North,Online,5,"? 4,952.00","? 24,760.00",Cash,C00135
T001904,19-12-2025,Monitor,Electronics,South,Offline,4,"? 10,127.00","? 40,508.00",Credit Card,C00820
T001905,28-11-2025,Headphones,Accessories,South,Offline,1,"? 11,083.00","? 11,083.00",Credit Card,C00019
T001906,01-11-2025,Smartwatch,Accessories,East,Offline,5,"? 11,933.00","? 59,665.00",Cash,C00893
T001907,16-12-2025,Printer,Electronics,South,Online,5,"? 21,877.00","? 1,09,385.00",Credit Card,C00141
T001908,01-08-2025,Keyboard,Accessories,West,Online,5,"? 2,513.00","? 12,565.00",Cash,C02010
T001909,08-06-2025,Power Bank,Accessories,West,Online,3,? 959.00,"? 2,877.00",Credit Card,C01324
T001910,24-01-2025,Mouse,Accessories,East,Online,2,? 743.00,"? 1,486.00",Credit Card,C00406
T001911,20-10-2025,Mouse,Accessories,West,Offline,1,? 604.00,? 604.00,Net Banking,C00500
T001912,04-01-2025,Headphones,Accessories,North,Online,2,"? 9,496.00","? 18,992.00",Net Banking,C00035
T001913,08-08-2025,Headphones,Accessories,East,Online,5,"? 11,909.00","? 59,545.00",Net Banking,C01763
T001914,30-12-2025,Headphones,Accessories,East,Offline,2,"? 9,591.00","? 19,182.00",UPI,C00656
T001915,20-01-2025,Gaming Chair,Furniture,South,Online,5,"? 19,712.00","? 98,560.00",UPI,C01453
T001916,01-06-2025,Webcam,Accessories,South,Online,5,"? 7,749.00","? 38,745.00",UPI,C00656
T001917,19-02-2025,Speaker,Accessories,North,Online,4,"? 7,985.00","? 31,940.00",UPI,C02406
T001918,26-06-2025,Smartwatch,Accessories,North,Offline,4,"? 11,177.00","? 44,708.00",Cash,C00024
T001919,06-04-2025,Smartwatch,Accessories,South,Online,2,"? 3,805.00","? 7,610.00",Credit Card,C00434
T001920,15-04-2025,Monitor,Electronics,South,Offline,1,"? 29,431.00","? 29,431.00",Credit Card,C02263
T001921,07-09-2025,Printer,Electronics,North,Online,2,"? 27,924.00","? 55,848.00",UPI,C00364
T001922,27-04-2025,Smartphone,Electronics,South,Online,1,"? 49,864.00","? 49,864.00",UPI,C00825
T001923,20-12-2025,Speaker,Accessories,East,Offline,2,"? 13,993.00","? 27,986.00",Cash,C02284
T001924,16-08-2025,Mouse,Accessories,North,Offline,3,"? 1,641.00","? 4,923.00",Credit Card,C01147
T001925,07-03-2025,Laptop,Electronics,South,Online,3,"? 66,035.00","? 1,98,105.00",Credit Card,C00568
T001926,01-12-2025,Laptop,Electronics,West,Offline,1,"? 73,318.00","? 73,318.00",UPI,C00598
T001927,19-09-2025,Headphones,Accessories,West,Online,4,"? 10,537.00","? 42,148.00",Cash,C00604
T001928,22-10-2025,Camera,Electronics,North,Offline,1,"? 89,318.00","? 89,318.00",Cash,C01357
T001929,31-08-2025,Mouse,Accessories,West,Offline,2,"? 1,910.00","? 3,820.00",Cash,C01272
T001930,05-07-2025,Smartphone,Electronics,West,Offline,5,"? 34,884.00","? 1,74,420.00",UPI,C01361
T001931,03-09-2025,Speaker,Accessories,East,Offline,3,"? 10,574.00","? 31,722.00",Net Banking,C02121
T001932,05-05-2025,Smartphone,Electronics,North,Online,5,"? 42,349.00","? 2,11,745.00",Net Banking,C00744
T001933,25-09-2025,Laptop,Electronics,West,Offline,3,"? 76,907.00","? 2,30,721.00",Credit Card,C01730
T001934,11-05-2025,Camera,Electronics,South,Offline,2,"? 28,624.00","? 57,248.00",Cash,C00234
T001935,25-08-2025,Smartphone,Electronics,North,Online,3,"? 22,889.00","? 68,667.00",Cash,C01212
T001936,18-01-2025,Router,Networking,North,Online,1,"? 4,180.00","? 4,180.00",Cash,C01301
T001937,09-02-2025,Webcam,Accessories,West,Offline,5,"? 6,738.00","? 33,690.00",UPI,C02467
T001938,21-01-2025,Mouse,Accessories,West,Online,5,"? 2,812.00","? 14,060.00",Credit Card,C02001
T001939,13-08-2025,Printer,Electronics,East,Offline,2,"? 24,201.00","? 48,402.00",UPI,C00423
T001940,21-12-2025,Keyboard,Accessories,South,Online,5,"? 1,317.00","? 6,585.00",Cash,C02073
T001941,09-10-2025,Camera,Electronics,East,Offline,2,"? 26,285.00","? 52,570.00",Net Banking,C01452
T001942,08-01-2025,Smartphone,Electronics,East,Online,4,"? 48,224.00","? 1,92,896.00",Credit Card,C01211
T001943,10-04-2025,Power Bank,Accessories,South,Online,1,"? 1,300.00","? 1,300.00",Credit Card,C01767
T001944,28-08-2025,Webcam,Accessories,West,Offline,3,"? 9,574.00","? 28,722.00",UPI,C02403
T001945,28-03-2025,Camera,Electronics,East,Offline,3,"? 48,994.00","? 1,46,982.00",UPI,C02160
T001946,25-10-2025,Webcam,Accessories,North,Online,3,"? 3,815.00","? 11,445.00",UPI,C01903
T001947,14-01-2025,Camera,Electronics,East,Online,4,"? 43,014.00","? 1,72,056.00",Net Banking,C00641
T001948,30-11-2025,Router,Networking,South,Offline,1,"? 6,473.00","? 6,473.00",Cash,C01442
T001949,02-01-2025,Printer,Electronics,East,Offline,5,"? 10,774.00","? 53,870.00",Cash,C00577
T001950,20-10-2025,Mouse,Accessories,East,Offline,5,"? 2,461.00","? 12,305.00",Net Banking,C00026
T001951,21-11-2025,Speaker,Accessories,North,Offline,1,"? 2,503.00","? 2,503.00",Cash,C00530
T001952,10-02-2025,Laptop,Electronics,South,Online,1,"? 70,580.00","? 70,580.00",Cash,C00932
T001953,14-11-2025,Power Bank,Accessories,North,Offline,3,"? 1,866.00","? 5,598.00",UPI,C01790
T001954,12-11-2025,Printer,Electronics,West,Offline,5,"? 19,622.00","? 98,110.00",UPI,C00940
T001955,21-04-2025,Smartphone,Electronics,South,Online,1,"? 52,484.00","? 52,484.00",Cash,C01576
T001956,14-01-2025,Headphones,Accessories,East,Online,5,"? 10,820.00","? 54,100.00",Credit Card,C01866
T001957,19-08-2025,Printer,Electronics,North,Online,1,"? 22,087.00","? 22,087.00",Cash,C01311
T001958,25-03-2025,Headphones,Accessories,North,Offline,2,"? 7,608.00","? 15,216.00",Credit Card,C01466
T001959,10-05-2025,Tablet,Electronics,South,Offline,3,"? 13,234.00","? 39,702.00",Net Banking,C02212
T001960,19-08-2025,Laptop,Electronics,North,Offline,1,"? 56,494.00","? 56,494.00",Credit Card,C00335
T001961,22-11-2025,Mouse,Accessories,South,Online,4,"? 2,681.00","? 10,724.00",Credit Card,C02462
T001962,25-05-2025,Webcam,Accessories,West,Offline,1,"? 5,998.00","? 5,998.00",UPI,C01584
T001963,11-12-2025,Keyboard,Accessories,South,Offline,2,"? 3,098.00","? 6,196.00",UPI,C00590
T001964,28-01-2025,Camera,Electronics,South,Online,4,"? 75,323.00","? 3,01,292.00",UPI,C01367
T001965,07-03-2025,Headphones,Accessories,West,Online,4,"? 9,095.00","? 36,380.00",Cash,C02331
T001966,12-06-2025,Keyboard,Accessories,West,Offline,1,"? 4,369.00","? 4,369.00",Net Banking,C02412
T001967,17-08-2025,Keyboard,Accessories,East,Offline,2,"? 2,165.00","? 4,330.00",Cash,C02302
T001968,18-09-2025,Router,Networking,North,Online,4,"? 7,569.00","? 30,276.00",Cash,C01471
T001969,13-06-2025,Headphones,Accessories,West,Online,3,"? 2,961.00","? 8,883.00",UPI,C00922
T001970,28-10-2025,Gaming Chair,Furniture,West,Online,3,"? 21,940.00","? 65,820.00",Credit Card,C00171
T001971,30-10-2025,Router,Networking,North,Online,5,"? 2,375.00","? 11,875.00",Net Banking,C00203
T001972,14-10-2025,Keyboard,Accessories,North,Online,5,"? 4,769.00","? 23,845.00",Cash,C01665
T001973,10-01-2025,Camera,Electronics,East,Offline,2,"? 82,674.00","? 1,65,348.00",Net Banking,C00280
T001974,14-07-2025,Speaker,Accessories,East,Offline,4,"? 13,593.00","? 54,372.00",Credit Card,C00404
T001975,28-04-2025,Monitor,Electronics,South,Offline,3,"? 16,734.00","? 50,202.00",Net Banking,C01032
T001976,27-09-2025,Router,Networking,East,Online,3,"? 5,016.00","? 15,048.00",UPI,C00798
T001977,21-03-2025,Tablet,Electronics,West,Offline,2,"? 25,032.00","? 50,064.00",UPI,C01406
T001978,03-04-2025,Headphones,Accessories,West,Offline,4,"? 5,499.00","? 21,996.00",Cash,C02066
T001979,23-09-2025,Camera,Electronics,North,Online,2,"? 60,001.00","? 1,20,002.00",Net Banking,C01869
T001980,28-11-2025,Router,Networking,East,Online,1,"? 2,928.00","? 2,928.00",Cash,C01146
T001981,16-12-2025,Power Bank,Accessories,South,Offline,3,"? 1,374.00","? 4,122.00",Cash,C01150
T001982,27-12-2025,Gaming Chair,Furniture,South,Offline,2,"? 25,842.00","? 51,684.00",UPI,C01903
T001983,14-09-2025,Webcam,Accessories,South,Online,2,"? 8,895.00","? 17,790.00",Credit Card,C01764
T001984,13-05-2025,Laptop,Electronics,South,Online,1,"? 76,075.00","? 76,075.00",Credit Card,C00595
T001985,03-10-2025,Headphones,Accessories,North,Offline,5,"? 10,683.00","? 53,415.00",UPI,C01421
T001986,21-09-2025,Speaker,Accessories,East,Online,3,"? 4,672.00","? 14,016.00",Credit Card,C00489
T001987,20-06-2025,Camera,Electronics,East,Offline,2,"? 71,622.00","? 1,43,244.00",UPI,C02480
T001988,01-01-2025,Camera,Electronics,East,Offline,3,"? 56,195.00","? 1,68,585.00",UPI,C02236
T001989,09-11-2025,Power Bank,Accessories,East,Online,5,"? 3,315.00","? 16,575.00",Cash,C01178
T001990,05-03-2025,Gaming Chair,Furniture,South,Online,2,"? 19,743.00","? 39,486.00",Credit Card,C00124
T001991,11-10-2025,Printer,Electronics,South,Online,1,"? 10,206.00","? 10,206.00",UPI,C01929
T001992,01-05-2025,Monitor,Electronics,North,Online,3,"? 26,584.00","? 79,752.00",UPI,C00607
T001993,17-04-2025,Speaker,Accessories,North,Online,1,"? 4,464.00","? 4,464.00",Cash,C00122
T001994,24-06-2025,Headphones,Accessories,South,Offline,5,"? 7,905.00","? 39,525.00",Cash,C01095
T001995,23-07-2025,Power Bank,Accessories,West,Offline,5,"? 4,113.00","? 20,565.00",Credit Card,C00905
T001996,14-06-2025,Mouse,Accessories,East,Offline,3,"? 1,081.00","? 3,243.00",UPI,C02152
T001997,01-11-2025,Camera,Electronics,North,Offline,5,"? 82,208.00","? 4,11,040.00",UPI,C00673
T001998,30-04-2025,Tablet,Electronics,South,Offline,4,"? 34,854.00","? 1,39,416.00",Credit Card,C01185
T001999,13-02-2025,Printer,Electronics,East,Offline,3,"? 10,458.00","? 31,374.00",UPI,C00889
T002000,08-11-2025,Camera,Electronics,East,Online,4,"? 38,032.00","? 1,52,128.00",Net Banking,C01716
T002001,05-06-2025,Headphones,Accessories,South,Offline,5,"? 6,527.00","? 32,635.00",Credit Card,C01704
T002002,26-07-2025,Smartphone,Electronics,West,Online,3,"? 44,272.00","? 1,32,816.00",UPI,C01078
T002003,18-04-2025,Camera,Electronics,West,Online,4,"? 55,109.00","? 2,20,436.00",Net Banking,C02500
T002004,08-09-2025,Smartwatch,Accessories,North,Offline,5,"? 19,902.00","? 99,510.00",Net Banking,C01890
T002005,30-11-2025,Smartphone,Electronics,South,Online,2,"? 49,606.00","? 99,212.00",Credit Card,C00561
T002006,10-05-2025,Gaming Chair,Furniture,North,Offline,2,"? 25,254.00","? 50,508.00",Cash,C01896
T002007,20-10-2025,Camera,Electronics,West,Online,1,"? 25,538.00","? 25,538.00",Net Banking,C01157
T002008,20-01-2025,Keyboard,Accessories,North,Online,2,"? 3,977.00","? 7,954.00",Credit Card,C00979
T002009,09-10-2025,Speaker,Accessories,North,Offline,4,"? 11,033.00","? 44,132.00",Cash,C00146
T002010,12-10-2025,Camera,Electronics,West,Online,2,"? 79,650.00","? 1,59,300.00",Cash,C01155
T002011,01-01-2025,Laptop,Electronics,East,Online,3,"? 55,477.00","? 1,66,431.00",UPI,C01089
T002012,29-04-2025,Gaming Chair,Furniture,East,Online,3,"? 17,363.00","? 52,089.00",Cash,C01827
T002013,04-02-2025,Keyboard,Accessories,West,Offline,3,"? 4,772.00","? 14,316.00",Net Banking,C00836
T002014,17-07-2025,Headphones,Accessories,East,Online,2,"? 2,128.00","? 4,256.00",Credit Card,C00328
T002015,02-09-2025,Tablet,Electronics,South,Online,2,"? 21,819.00","? 43,638.00",UPI,C02476
T002016,28-02-2025,Smartphone,Electronics,East,Offline,1,"? 27,191.00","? 27,191.00",Cash,C02382
T002017,21-11-2025,Mouse,Accessories,West,Offline,5,"? 2,803.00","? 14,015.00",Credit Card,C01322
T002018,10-06-2025,Printer,Electronics,South,Offline,1,"? 18,079.00","? 18,079.00",Credit Card,C00626
T002019,28-06-2025,Power Bank,Accessories,North,Online,4,"? 2,084.00","? 8,336.00",Net Banking,C02445
T002020,25-07-2025,Tablet,Electronics,West,Offline,3,"? 18,762.00","? 56,286.00",UPI,C00534
T002021,12-01-2025,Keyboard,Accessories,West,Offline,2,"? 3,564.00","? 7,128.00",UPI,C00057
T002022,03-10-2025,Printer,Electronics,East,Online,5,"? 12,045.00","? 60,225.00",UPI,C00694
T002023,30-06-2025,Smartphone,Electronics,South,Online,5,"? 59,944.00","? 2,99,720.00",Credit Card,C00118
T002024,30-08-2025,Mouse,Accessories,West,Offline,2,"? 2,377.00","? 4,754.00",UPI,C01620
T002025,04-08-2025,Smartwatch,Accessories,South,Offline,1,"? 10,638.00","? 10,638.00",Credit Card,C00565
T002026,08-09-2025,Smartwatch,Accessories,South,Offline,5,"? 15,070.00","? 75,350.00",UPI,C00496
T002027,26-10-2025,Speaker,Accessories,East,Offline,1,"? 10,972.00","? 10,972.00",Credit Card,C01886
T002028,06-05-2025,Mouse,Accessories,West,Online,2,"? 1,343.00","? 2,686.00",UPI,C00801
T002029,05-08-2025,Printer,Electronics,South,Online,1,"? 29,423.00","? 29,423.00",UPI,C01536
T002030,02-11-2025,Headphones,Accessories,South,Online,3,"? 9,828.00","? 29,484.00",Cash,C00641
T002031,12-10-2025,Printer,Electronics,North,Online,2,"? 8,973.00","? 17,946.00",Cash,C00163
T002032,04-07-2025,Webcam,Accessories,East,Online,2,"? 6,126.00","? 12,252.00",Credit Card,C00251
T002033,08-02-2025,Gaming Chair,Furniture,West,Online,5,"? 24,502.00","? 1,22,510.00",Net Banking,C00644
T002034,11-08-2025,Router,Networking,South,Offline,5,"? 5,661.00","? 28,305.00",Credit Card,C00329
T002035,03-07-2025,Speaker,Accessories,East,Online,5,"? 3,792.00","? 18,960.00",Cash,C02166
T002036,27-06-2025,Camera,Electronics,West,Online,3,"? 34,859.00","? 1,04,577.00",Credit Card,C00369
T002037,21-10-2025,Printer,Electronics,South,Offline,3,"? 22,807.00","? 68,421.00",Net Banking,C01139
T002038,06-12-2025,Router,Networking,West,Offline,4,"? 5,319.00","? 21,276.00",UPI,C00195
T002039,31-05-2025,Headphones,Accessories,West,Online,2,"? 8,703.00","? 17,406.00",Credit Card,C00724
T002040,06-05-2025,Tablet,Electronics,East,Offline,5,"? 11,280.00","? 56,400.00",UPI,C01663
T002041,28-10-2025,Smartphone,Electronics,East,Offline,2,"? 28,241.00","? 56,482.00",Net Banking,C00138
T002042,04-11-2025,Printer,Electronics,North,Online,1,"? 16,011.00","? 16,011.00",UPI,C01684
T002043,02-12-2025,Power Bank,Accessories,North,Online,3,"? 4,232.00","? 12,696.00",Cash,C01320
T002044,22-08-2025,Smartphone,Electronics,North,Online,4,"? 64,914.00","? 2,59,656.00",Credit Card,C00156
T002045,08-01-2025,Keyboard,Accessories,South,Offline,1,"? 2,329.00","? 2,329.00",Credit Card,C01059
T002046,07-12-2025,Smartwatch,Accessories,North,Online,2,"? 7,499.00","? 14,998.00",Credit Card,C00519
T002047,09-05-2025,Gaming Chair,Furniture,West,Online,3,"? 16,634.00","? 49,902.00",UPI,C00182
T002048,21-09-2025,Smartwatch,Accessories,East,Offline,5,"? 5,014.00","? 25,070.00",UPI,C02017
T002049,06-06-2025,Headphones,Accessories,West,Online,1,"? 11,773.00","? 11,773.00",Net Banking,C00170
T002050,18-12-2025,Keyboard,Accessories,East,Online,3,"? 2,197.00","? 6,591.00",UPI,C01318
T002051,24-12-2025,Smartwatch,Accessories,East,Online,2,"? 10,280.00","? 20,560.00",Credit Card,C01747
T002052,05-01-2025,Speaker,Accessories,West,Online,2,"? 11,941.00","? 23,882.00",UPI,C01388
T002053,27-03-2025,Headphones,Accessories,West,Offline,1,"? 10,171.00","? 10,171.00",UPI,C01361
T002054,24-06-2025,Router,Networking,South,Offline,1,"? 1,961.00","? 1,961.00",Cash,C02050
T002055,17-10-2025,Printer,Electronics,East,Online,1,"? 25,936.00","? 25,936.00",UPI,C00423
T002056,12-07-2025,Router,Networking,North,Online,4,"? 4,256.00","? 17,024.00",Credit Card,C00146
T002057,07-11-2025,Keyboard,Accessories,South,Online,5,"? 4,328.00","? 21,640.00",Credit Card,C02374
T002058,29-04-2025,Speaker,Accessories,North,Offline,3,"? 12,193.00","? 36,579.00",Cash,C00588
T002059,06-08-2025,Camera,Electronics,South,Offline,2,"? 27,637.00","? 55,274.00",Credit Card,C00230
T002060,24-04-2025,Camera,Electronics,East,Offline,2,"? 66,158.00","? 1,32,316.00",Cash,C01942
T002061,25-05-2025,Router,Networking,West,Online,5,"? 6,146.00","? 30,730.00",Cash,C01870
T002062,26-01-2025,Camera,Electronics,West,Online,1,"? 72,135.00","? 72,135.00",Net Banking,C01293
T002063,16-05-2025,Router,Networking,East,Online,1,"? 4,560.00","? 4,560.00",Net Banking,C00585
T002064,30-10-2025,Tablet,Electronics,West,Offline,2,"? 12,950.00","? 25,900.00",Net Banking,C01242
T002065,20-08-2025,Camera,Electronics,East,Offline,5,"? 73,692.00","? 3,68,460.00",Net Banking,C00953
T002066,17-03-2025,Keyboard,Accessories,East,Offline,2,"? 4,430.00","? 8,860.00",Net Banking,C01385
T002067,24-11-2025,Gaming Chair,Furniture,East,Offline,1,"? 15,661.00","? 15,661.00",UPI,C01389
T002068,11-12-2025,Laptop,Electronics,South,Online,3,"? 86,189.00","? 2,58,567.00",Net Banking,C00106
T002069,29-10-2025,Smartwatch,Accessories,West,Online,1,"? 3,990.00","? 3,990.00",UPI,C01657
T002070,16-10-2025,Camera,Electronics,South,Online,3,"? 33,057.00","? 99,171.00",UPI,C01822
T002071,01-01-2025,Keyboard,Accessories,North,Online,4,"? 4,556.00","? 18,224.00",Credit Card,C00285
T002072,27-05-2025,Webcam,Accessories,East,Online,5,"? 2,982.00","? 14,910.00",UPI,C00596
T002073,14-10-2025,Speaker,Accessories,West,Online,4,"? 4,045.00","? 16,180.00",Net Banking,C00526
T002074,22-05-2025,Monitor,Electronics,North,Online,1,"? 12,220.00","? 12,220.00",Cash,C00877
T002075,22-02-2025,Speaker,Accessories,East,Offline,5,"? 13,991.00","? 69,955.00",Credit Card,C02228
T002076,31-10-2025,Webcam,Accessories,North,Offline,1,"? 2,142.00","? 2,142.00",Cash,C01063
T002077,10-03-2025,Webcam,Accessories,South,Online,5,"? 5,418.00","? 27,090.00",UPI,C01207
T002078,27-12-2025,Printer,Electronics,South,Online,5,"? 7,586.00","? 37,930.00",UPI,C00552
T002079,31-03-2025,Speaker,Accessories,West,Offline,1,"? 3,909.00","? 3,909.00",Cash,C01689
T002080,08-08-2025,Tablet,Electronics,North,Offline,1,"? 16,504.00","? 16,504.00",Credit Card,C00764
T002081,11-07-2025,Smartphone,Electronics,North,Offline,5,"? 43,425.00","? 2,17,125.00",Net Banking,C01017
T002082,04-03-2025,Router,Networking,South,Offline,5,"? 6,735.00","? 33,675.00",UPI,C00466
T002083,14-03-2025,Headphones,Accessories,South,Offline,1,"? 1,054.00","? 1,054.00",Credit Card,C01954
T002084,10-06-2025,Monitor,Electronics,West,Online,1,"? 22,627.00","? 22,627.00",UPI,C01336
T002085,18-06-2025,Speaker,Accessories,East,Online,2,"? 14,862.00","? 29,724.00",Cash,C00302
T002086,30-03-2025,Monitor,Electronics,West,Online,2,"? 25,225.00","? 50,450.00",Cash,C00696
T002087,25-06-2025,Tablet,Electronics,South,Offline,2,"? 49,696.00","? 99,392.00",Net Banking,C00459
T002088,26-09-2025,Headphones,Accessories,West,Online,4,"? 5,587.00","? 22,348.00",Net Banking,C01947
T002089,14-03-2025,Tablet,Electronics,East,Offline,5,"? 37,196.00","? 1,85,980.00",Cash,C02138
T002090,02-09-2025,Camera,Electronics,South,Offline,3,"? 39,290.00","? 1,17,870.00",Credit Card,C02164
T002091,18-03-2025,Smartphone,Electronics,East,Online,4,"? 69,240.00","? 2,76,960.00",Credit Card,C02448
T002092,08-06-2025,Headphones,Accessories,West,Offline,5,"? 11,186.00","? 55,930.00",Net Banking,C01524
T002093,20-11-2025,Keyboard,Accessories,East,Online,3,"? 2,632.00","? 7,896.00",Net Banking,C01684
T002094,08-04-2025,Speaker,Accessories,South,Offline,2,"? 6,556.00","? 13,112.00",Cash,C01807
T002095,12-04-2025,Gaming Chair,Furniture,South,Offline,3,"? 13,982.00","? 41,946.00",Cash,C00110
T002096,12-05-2025,Speaker,Accessories,East,Online,1,"? 3,772.00","? 3,772.00",Cash,C02248
T002097,12-04-2025,Smartwatch,Accessories,West,Online,1,"? 8,141.00","? 8,141.00",Net Banking,C00792
T002098,19-01-2025,Tablet,Electronics,West,Online,5,"? 34,678.00","? 1,73,390.00",Cash,C00987
T002099,23-03-2025,Smartphone,Electronics,West,Offline,4,"? 24,161.00","? 96,644.00",Cash,C01244
T002100,06-10-2025,Printer,Electronics,West,Online,2,"? 7,071.00","? 14,142.00",UPI,C00073
T002101,05-12-2025,Webcam,Accessories,North,Offline,5,"? 2,236.00","? 11,180.00",Credit Card,C00878
T002102,31-12-2025,Laptop,Electronics,North,Online,2,"? 75,941.00","? 1,51,882.00",Credit Card,C02483
T002103,27-11-2025,Printer,Electronics,East,Offline,1,"? 12,376.00","? 12,376.00",Cash,C01696
T002104,09-05-2025,Laptop,Electronics,North,Offline,4,"? 74,133.00","? 2,96,532.00",UPI,C00592
T002105,10-12-2025,Webcam,Accessories,North,Offline,4,"? 5,130.00","? 20,520.00",UPI,C00115
T002106,06-11-2025,Gaming Chair,Furniture,North,Online,1,"? 8,227.00","? 8,227.00",Cash,C00025
T002107,30-03-2025,Mouse,Accessories,East,Offline,3,"? 2,969.00","? 8,907.00",Credit Card,C02225
T002108,01-08-2025,Keyboard,Accessories,North,Online,4,"? 4,270.00","? 17,080.00",Cash,C01303
T002109,23-05-2025,Mouse,Accessories,West,Online,3,? 844.00,"? 2,532.00",Credit Card,C02341
T002110,06-03-2025,Webcam,Accessories,West,Online,2,"? 9,493.00","? 18,986.00",Credit Card,C01244
T002111,17-03-2025,Tablet,Electronics,East,Online,4,"? 24,675.00","? 98,700.00",UPI,C01027
T002112,18-07-2025,Gaming Chair,Furniture,East,Offline,1,"? 9,619.00","? 9,619.00",Net Banking,C00315
T002113,23-05-2025,Tablet,Electronics,East,Online,3,"? 22,885.00","? 68,655.00",UPI,C01431
T002114,12-11-2025,Router,Networking,South,Offline,2,"? 3,704.00","? 7,408.00",UPI,C01569
T002115,03-04-2025,Speaker,Accessories,North,Online,2,"? 4,203.00","? 8,406.00",UPI,C02111
T002116,01-11-2025,Laptop,Electronics,East,Online,4,"? 90,510.00","? 3,62,040.00",Net Banking,C01113
T002117,12-08-2025,Headphones,Accessories,East,Online,4,"? 8,574.00","? 34,296.00",UPI,C00103
T002118,18-10-2025,Power Bank,Accessories,East,Online,5,"? 1,981.00","? 9,905.00",UPI,C01877
T002119,12-04-2025,Smartphone,Electronics,West,Online,5,"? 26,448.00","? 1,32,240.00",Cash,C01723
T002120,24-09-2025,Camera,Electronics,East,Offline,4,"? 69,949.00","? 2,79,796.00",Credit Card,C00159
T002121,21-12-2025,Monitor,Electronics,West,Offline,5,"? 33,410.00","? 1,67,050.00",Cash,C00734
T002122,20-04-2025,Tablet,Electronics,West,Online,1,"? 39,028.00","? 39,028.00",Net Banking,C00359
T002123,26-11-2025,Mouse,Accessories,South,Online,1,"? 2,809.00","? 2,809.00",UPI,C02029
T002124,22-09-2025,Mouse,Accessories,East,Online,5,? 407.00,"? 2,035.00",Credit Card,C00765
T002125,03-01-2025,Power Bank,Accessories,South,Offline,4,"? 3,319.00","? 13,276.00",UPI,C00192
T002126,26-03-2025,Printer,Electronics,East,Offline,1,"? 16,411.00","? 16,411.00",Cash,C00244
T002127,09-10-2025,Keyboard,Accessories,North,Offline,2,"? 4,574.00","? 9,148.00",Net Banking,C00934
T002128,24-11-2025,Laptop,Electronics,East,Online,4,"? 97,711.00","? 3,90,844.00",Credit Card,C00583
T002129,31-10-2025,Monitor,Electronics,East,Online,3,"? 21,617.00","? 64,851.00",UPI,C01101
T002130,27-04-2025,Laptop,Electronics,East,Online,3,"? 78,304.00","? 2,34,912.00",UPI,C00733
T002131,09-08-2025,Tablet,Electronics,East,Offline,4,"? 13,329.00","? 53,316.00",Net Banking,C01800
T002132,03-06-2025,Speaker,Accessories,East,Online,5,"? 7,569.00","? 37,845.00",UPI,C00781
T002133,02-06-2025,Smartwatch,Accessories,East,Offline,1,"? 13,563.00","? 13,563.00",Net Banking,C00794
T002134,12-01-2025,Monitor,Electronics,South,Online,1,"? 13,584.00","? 13,584.00",Credit Card,C01003
T002135,13-05-2025,Printer,Electronics,North,Online,4,"? 14,805.00","? 59,220.00",Credit Card,C00091
T002136,31-10-2025,Webcam,Accessories,South,Online,2,"? 9,801.00","? 19,602.00",Cash,C02436
T002137,20-10-2025,Mouse,Accessories,North,Offline,5,"? 1,109.00","? 5,545.00",UPI,C01642
T002138,27-10-2025,Printer,Electronics,South,Online,2,"? 21,488.00","? 42,976.00",Cash,C01928
T002139,16-08-2025,Speaker,Accessories,South,Offline,4,"? 12,704.00","? 50,816.00",Credit Card,C00436
T002140,28-09-2025,Tablet,Electronics,East,Online,4,"? 21,110.00","? 84,440.00",UPI,C01829
T002141,12-02-2025,Router,Networking,South,Online,2,"? 2,660.00","? 5,320.00",UPI,C01917
T002142,09-12-2025,Smartwatch,Accessories,North,Online,3,"? 14,173.00","? 42,519.00",Cash,C00047
T002143,22-11-2025,Camera,Electronics,West,Offline,4,"? 72,762.00","? 2,91,048.00",Credit Card,C00970
T002144,29-10-2025,Monitor,Electronics,North,Online,5,"? 29,128.00","? 1,45,640.00",Net Banking,C02355
T002145,30-12-2025,Power Bank,Accessories,South,Online,2,"? 2,803.00","? 5,606.00",UPI,C00114
T002146,21-01-2025,Laptop,Electronics,West,Online,3,"? 97,566.00","? 2,92,698.00",Credit Card,C01082
T002147,17-04-2025,Monitor,Electronics,East,Online,2,"? 32,419.00","? 64,838.00",UPI,C00044
T002148,02-12-2025,Mouse,Accessories,West,Offline,3,"? 2,066.00","? 6,198.00",Cash,C02402
T002149,30-10-2025,Laptop,Electronics,East,Online,3,"? 51,527.00","? 1,54,581.00",Cash,C01803
T002150,27-04-2025,Router,Networking,North,Offline,5,"? 3,413.00","? 17,065.00",Cash,C01036
T002151,04-05-2025,Router,Networking,West,Offline,4,"? 5,841.00","? 23,364.00",Net Banking,C00394
T002152,08-10-2025,Camera,Electronics,West,Offline,3,"? 47,757.00","? 1,43,271.00",Net Banking,C01590
T002153,19-10-2025,Power Bank,Accessories,West,Online,4,"? 4,146.00","? 16,584.00",Credit Card,C00760
T002154,22-07-2025,Camera,Electronics,East,Online,5,"? 35,205.00","? 1,76,025.00",Credit Card,C01438
T002155,20-02-2025,Webcam,Accessories,East,Offline,4,"? 8,734.00","? 34,936.00",Credit Card,C01935
T002156,28-09-2025,Power Bank,Accessories,North,Offline,1,"? 3,663.00","? 3,663.00",UPI,C01526
T002157,20-11-2025,Keyboard,Accessories,North,Online,3,"? 1,205.00","? 3,615.00",Credit Card,C01672
T002158,04-10-2025,Laptop,Electronics,South,Online,5,"? 70,634.00","? 3,53,170.00",UPI,C00230
T002159,21-05-2025,Smartphone,Electronics,East,Offline,2,"? 57,966.00","? 1,15,932.00",Cash,C00356
T002160,02-10-2025,Smartwatch,Accessories,North,Online,5,"? 14,398.00","? 71,990.00",UPI,C02472
T002161,17-10-2025,Smartphone,Electronics,West,Offline,3,"? 21,626.00","? 64,878.00",Cash,C00500
T002162,30-11-2025,Gaming Chair,Furniture,West,Online,5,"? 10,855.00","? 54,275.00",Net Banking,C01797
T002163,21-02-2025,Camera,Electronics,West,Online,2,"? 23,964.00","? 47,928.00",Credit Card,C01504
T002164,27-01-2025,Laptop,Electronics,North,Online,1,"? 97,377.00","? 97,377.00",UPI,C00020
T002165,06-06-2025,Keyboard,Accessories,West,Online,3,"? 2,374.00","? 7,122.00",UPI,C00215
T002166,27-08-2025,Monitor,Electronics,West,Online,3,"? 33,766.00","? 1,01,298.00",UPI,C00744
T002167,05-06-2025,Monitor,Electronics,East,Offline,5,"? 21,330.00","? 1,06,650.00",Cash,C02166
T002168,18-10-2025,Router,Networking,East,Offline,4,"? 3,892.00","? 15,568.00",Credit Card,C01655
T002169,16-05-2025,Router,Networking,North,Offline,4,"? 3,421.00","? 13,684.00",UPI,C01474
T002170,24-05-2025,Monitor,Electronics,East,Offline,2,"? 18,884.00","? 37,768.00",UPI,C01683
T002171,16-04-2025,Speaker,Accessories,South,Online,1,"? 5,933.00","? 5,933.00",Credit Card,C00263
T002172,07-06-2025,Keyboard,Accessories,North,Online,1,"? 2,527.00","? 2,527.00",Cash,C01977
T002173,26-05-2025,Speaker,Accessories,South,Offline,5,"? 12,191.00","? 60,955.00",Credit Card,C00336
T002174,02-01-2025,Tablet,Electronics,South,Online,5,"? 41,063.00","? 2,05,315.00",UPI,C00522
T002175,18-03-2025,Laptop,Electronics,North,Online,4,"? 83,484.00","? 3,33,936.00",UPI,C01157
T002176,12-05-2025,Smartphone,Electronics,East,Offline,1,"? 64,782.00","? 64,782.00",UPI,C01017
T002177,31-03-2025,Smartwatch,Accessories,East,Online,1,"? 5,768.00","? 5,768.00",Cash,C02252
T002178,11-12-2025,Router,Networking,North,Offline,1,"? 2,236.00","? 2,236.00",Credit Card,C00984
T002179,16-12-2025,Camera,Electronics,South,Offline,2,"? 50,084.00","? 1,00,168.00",UPI,C01560
T002180,20-09-2025,Smartwatch,Accessories,North,Online,2,"? 18,151.00","? 36,302.00",Cash,C02264
T002181,17-12-2025,Camera,Electronics,North,Online,5,"? 44,802.00","? 2,24,010.00",Credit Card,C00234
T002182,18-04-2025,Gaming Chair,Furniture,West,Offline,4,"? 27,741.00","? 1,10,964.00",UPI,C01591
T002183,15-03-2025,Laptop,Electronics,West,Online,3,"? 92,267.00","? 2,76,801.00",Credit Card,C00402
T002184,08-02-2025,Laptop,Electronics,South,Online,4,"? 99,074.00","? 3,96,296.00",UPI,C01707
T002185,08-06-2025,Webcam,Accessories,East,Online,2,"? 5,704.00","? 11,408.00",Credit Card,C00390
T002186,12-03-2025,Printer,Electronics,West,Offline,2,"? 26,614.00","? 53,228.00",Cash,C00173
T002187,08-11-2025,Smartphone,Electronics,West,Offline,5,"? 20,033.00","? 1,00,165.00",Credit Card,C00507
T002188,29-08-2025,Mouse,Accessories,South,Offline,3,? 690.00,"? 2,070.00",UPI,C02192
T002189,25-10-2025,Camera,Electronics,North,Offline,1,"? 28,157.00","? 28,157.00",Cash,C00247
T002190,05-02-2025,Headphones,Accessories,West,Offline,3,"? 8,675.00","? 26,025.00",UPI,C02368
T002191,25-03-2025,Mouse,Accessories,East,Online,3,"? 2,052.00","? 6,156.00",Cash,C00685
T002192,20-09-2025,Monitor,Electronics,South,Offline,3,"? 26,251.00","? 78,753.00",Credit Card,C02282
T002193,06-11-2025,Smartwatch,Accessories,West,Online,5,"? 18,410.00","? 92,050.00",Credit Card,C00562
T002194,21-06-2025,Router,Networking,South,Online,2,"? 7,656.00","? 15,312.00",Net Banking,C01443
T002195,22-06-2025,Power Bank,Accessories,West,Offline,1,"? 1,732.00","? 1,732.00",Cash,C00062
T002196,28-12-2025,Power Bank,Accessories,West,Online,3,"? 4,258.00","? 12,774.00",UPI,C01095
T002197,16-02-2025,Laptop,Electronics,South,Offline,1,"? 72,151.00","? 72,151.00",Net Banking,C01919
T002198,21-05-2025,Headphones,Accessories,East,Online,3,"? 1,466.00","? 4,398.00",Credit Card,C01826
T002199,28-04-2025,Camera,Electronics,East,Offline,2,"? 52,400.00","? 1,04,800.00",UPI,C00944
T002200,04-10-2025,Tablet,Electronics,North,Online,1,"? 23,536.00","? 23,536.00",Credit Card,C00117
T002201,02-08-2025,Camera,Electronics,West,Online,4,"? 22,700.00","? 90,800.00",Credit Card,C01544
T002202,08-08-2025,Webcam,Accessories,North,Online,2,"? 5,277.00","? 10,554.00",Credit Card,C01224
T002203,26-01-2025,Power Bank,Accessories,South,Online,1,"? 3,487.00","? 3,487.00",UPI,C00989
T002204,09-01-2025,Smartwatch,Accessories,North,Online,3,"? 7,332.00","? 21,996.00",Cash,C01716
T002205,28-09-2025,Camera,Electronics,South,Offline,3,"? 41,440.00","? 1,24,320.00",Credit Card,C02385
T002206,10-01-2025,Router,Networking,East,Offline,2,"? 3,004.00","? 6,008.00",Credit Card,C00184
T002207,01-05-2025,Camera,Electronics,South,Online,2,"? 52,947.00","? 1,05,894.00",Credit Card,C01454
T002208,05-05-2025,Router,Networking,South,Online,3,"? 4,085.00","? 12,255.00",Net Banking,C02328
T002209,19-06-2025,Keyboard,Accessories,North,Online,1,"? 2,769.00","? 2,769.00",Cash,C01737
T002210,13-03-2025,Smartphone,Electronics,West,Online,4,"? 53,232.00","? 2,12,928.00",Net Banking,C01987
T002211,01-06-2025,Mouse,Accessories,North,Offline,5,"? 1,162.00","? 5,810.00",UPI,C01324
T002212,27-07-2025,Router,Networking,East,Online,2,"? 2,421.00","? 4,842.00",UPI,C00516
T002213,18-02-2025,Tablet,Electronics,East,Offline,3,"? 45,860.00","? 1,37,580.00",Credit Card,C02038
T002214,03-06-2025,Webcam,Accessories,East,Online,1,"? 7,027.00","? 7,027.00",Credit Card,C00119
T002215,13-12-2025,Laptop,Electronics,West,Online,2,"? 94,559.00","? 1,89,118.00",UPI,C00792
T002216,20-10-2025,Camera,Electronics,North,Offline,1,"? 33,727.00","? 33,727.00",Cash,C02482
T002217,09-03-2025,Tablet,Electronics,South,Online,2,"? 39,967.00","? 79,934.00",Cash,C02011
T002218,19-02-2025,Printer,Electronics,South,Offline,3,"? 29,849.00","? 89,547.00",Credit Card,C01426
T002219,01-06-2025,Camera,Electronics,West,Offline,1,"? 22,719.00","? 22,719.00",Net Banking,C00668
T002220,19-01-2025,Speaker,Accessories,East,Offline,3,"? 9,613.00","? 28,839.00",Credit Card,C01437
T002221,10-04-2025,Speaker,Accessories,West,Online,1,"? 14,424.00","? 14,424.00",Credit Card,C02377
T002222,01-03-2025,Webcam,Accessories,South,Offline,2,"? 1,651.00","? 3,302.00",UPI,C00103
T002223,16-06-2025,Keyboard,Accessories,East,Offline,5,? 712.00,"? 3,560.00",Credit Card,C00871
T002224,21-07-2025,Speaker,Accessories,West,Online,5,"? 10,406.00","? 52,030.00",Credit Card,C01365
T002225,11-12-2025,Keyboard,Accessories,South,Online,4,"? 3,850.00","? 15,400.00",Credit Card,C01965
T002226,26-05-2025,Headphones,Accessories,South,Online,4,"? 4,625.00","? 18,500.00",Credit Card,C01927
T002227,13-06-2025,Webcam,Accessories,West,Online,3,"? 9,940.00","? 29,820.00",Credit Card,C01069
T002228,30-08-2025,Monitor,Electronics,South,Offline,1,"? 9,144.00","? 9,144.00",Credit Card,C02393
T002229,10-03-2025,Smartwatch,Accessories,North,Online,4,"? 6,534.00","? 26,136.00",Cash,C02458
T002230,24-06-2025,Mouse,Accessories,North,Offline,2,"? 2,747.00","? 5,494.00",Cash,C01606
T002231,18-02-2025,Printer,Electronics,East,Online,5,"? 6,720.00","? 33,600.00",Cash,C00049
T002232,18-04-2025,Router,Networking,North,Online,1,"? 6,068.00","? 6,068.00",UPI,C00119
T002233,14-08-2025,Router,Networking,North,Offline,5,"? 4,729.00","? 23,645.00",Credit Card,C00852
T002234,10-06-2025,Gaming Chair,Furniture,West,Online,1,"? 9,006.00","? 9,006.00",Credit Card,C01426
T002235,29-04-2025,Smartwatch,Accessories,East,Offline,4,"? 13,490.00","? 53,960.00",Net Banking,C00468
T002236,29-05-2025,Speaker,Accessories,West,Offline,4,"? 12,160.00","? 48,640.00",UPI,C01554
T002237,30-05-2025,Gaming Chair,Furniture,West,Offline,3,"? 15,099.00","? 45,297.00",Credit Card,C00047
T002238,20-10-2025,Smartwatch,Accessories,North,Offline,1,"? 14,311.00","? 14,311.00",Net Banking,C00001
T002239,23-05-2025,Gaming Chair,Furniture,North,Offline,2,"? 28,197.00","? 56,394.00",UPI,C00161
T002240,09-06-2025,Headphones,Accessories,South,Offline,4,"? 1,537.00","? 6,148.00",Credit Card,C01319
T002241,11-01-2025,Keyboard,Accessories,South,Online,3,"? 3,524.00","? 10,572.00",Net Banking,C00624
T002242,18-05-2025,Smartphone,Electronics,East,Offline,4,"? 50,453.00","? 2,01,812.00",Cash,C00023
T002243,19-03-2025,Tablet,Electronics,North,Offline,5,"? 11,980.00","? 59,900.00",Net Banking,C01294
T002244,18-03-2025,Laptop,Electronics,South,Online,4,"? 55,906.00","? 2,23,624.00",Credit Card,C02005
T002245,11-09-2025,Smartphone,Electronics,West,Online,1,"? 48,307.00","? 48,307.00",Credit Card,C01964
T002246,15-09-2025,Smartphone,Electronics,North,Online,3,"? 38,430.00","? 1,15,290.00",UPI,C01317
T002247,16-11-2025,Monitor,Electronics,East,Offline,1,"? 20,076.00","? 20,076.00",Credit Card,C01612
T002248,18-10-2025,Monitor,Electronics,East,Online,2,"? 15,261.00","? 30,522.00",Credit Card,C00499
T002249,20-09-2025,Smartphone,Electronics,West,Offline,2,"? 45,398.00","? 90,796.00",UPI,C01701
T002250,26-03-2025,Router,Networking,South,Offline,4,"? 6,016.00","? 24,064.00",Credit Card,C00487
T002251,26-05-2025,Gaming Chair,Furniture,West,Offline,3,"? 17,220.00","? 51,660.00",Net Banking,C00379
T002252,19-11-2025,Keyboard,Accessories,South,Online,3,? 751.00,"? 2,253.00",Cash,C00775
T002253,11-02-2025,Webcam,Accessories,North,Online,3,"? 9,934.00","? 29,802.00",Net Banking,C01645
T002254,05-05-2025,Smartwatch,Accessories,East,Offline,3,"? 3,686.00","? 11,058.00",Cash,C00889
T002255,16-06-2025,Tablet,Electronics,South,Offline,4,"? 29,205.00","? 1,16,820.00",Cash,C00692
T002256,29-08-2025,Smartwatch,Accessories,West,Online,1,"? 10,096.00","? 10,096.00",Cash,C00014
T002257,07-10-2025,Smartwatch,Accessories,North,Online,4,"? 12,032.00","? 48,128.00",UPI,C02292
T002258,07-07-2025,Smartwatch,Accessories,South,Online,1,"? 10,616.00","? 10,616.00",Cash,C01847
T002259,29-10-2025,Tablet,Electronics,North,Online,5,"? 18,545.00","? 92,725.00",Credit Card,C02262
T002260,19-01-2025,Webcam,Accessories,North,Offline,5,"? 5,190.00","? 25,950.00",Credit Card,C02097
T002261,09-03-2025,Tablet,Electronics,West,Offline,1,"? 18,484.00","? 18,484.00",Credit Card,C01105
T002262,06-08-2025,Headphones,Accessories,West,Offline,4,"? 1,716.00","? 6,864.00",Cash,C01571
T002263,12-04-2025,Mouse,Accessories,North,Online,2,? 928.00,"? 1,856.00",UPI,C00878
T002264,11-02-2025,Power Bank,Accessories,North,Online,4,"? 4,920.00","? 19,680.00",Credit Card,C00181
T002265,15-10-2025,Power Bank,Accessories,South,Online,2,"? 3,278.00","? 6,556.00",Credit Card,C00672
T002266,16-06-2025,Power Bank,Accessories,West,Offline,4,"? 3,164.00","? 12,656.00",Net Banking,C00870
T002267,19-04-2025,Gaming Chair,Furniture,South,Online,3,"? 8,637.00","? 25,911.00",UPI,C00217
T002268,05-02-2025,Smartphone,Electronics,East,Offline,3,"? 55,747.00","? 1,67,241.00",Net Banking,C01290
T002269,20-08-2025,Camera,Electronics,South,Online,5,"? 79,749.00","? 3,98,745.00",Net Banking,C00625
T002270,17-08-2025,Headphones,Accessories,North,Online,5,"? 10,491.00","? 52,455.00",Credit Card,C02238
T002271,19-12-2025,Headphones,Accessories,East,Online,1,"? 4,948.00","? 4,948.00",Net Banking,C02050
T002272,13-06-2025,Laptop,Electronics,South,Offline,2,"? 62,631.00","? 1,25,262.00",Credit Card,C01599
T002273,14-03-2025,Camera,Electronics,East,Online,3,"? 47,182.00","? 1,41,546.00",Net Banking,C00460
T002274,16-05-2025,Monitor,Electronics,West,Online,4,"? 16,903.00","? 67,612.00",Cash,C00632
T002275,19-12-2025,Laptop,Electronics,South,Offline,1,"? 77,186.00","? 77,186.00",Cash,C00757
T002276,11-03-2025,Monitor,Electronics,South,Offline,4,"? 33,014.00","? 1,32,056.00",UPI,C00131
T002277,15-07-2025,Mouse,Accessories,West,Online,3,"? 1,854.00","? 5,562.00",Net Banking,C00530
T002278,26-09-2025,Printer,Electronics,South,Online,3,"? 26,622.00","? 79,866.00",UPI,C01255
T002279,18-02-2025,Monitor,Electronics,East,Online,3,"? 26,167.00","? 78,501.00",Cash,C01834
T002280,12-11-2025,Smartwatch,Accessories,West,Offline,3,"? 16,688.00","? 50,064.00",Credit Card,C00232
T002281,10-05-2025,Monitor,Electronics,East,Offline,4,"? 25,872.00","? 1,03,488.00",UPI,C02464
T002282,05-01-2025,Gaming Chair,Furniture,South,Online,1,"? 24,851.00","? 24,851.00",Credit Card,C01148
T002283,27-01-2025,Webcam,Accessories,South,Offline,3,"? 7,083.00","? 21,249.00",UPI,C00562
T002284,09-06-2025,Speaker,Accessories,South,Online,5,"? 14,664.00","? 73,320.00",Cash,C00177
T002285,29-05-2025,Camera,Electronics,South,Online,1,"? 82,358.00","? 82,358.00",Cash,C01096
T002286,21-09-2025,Power Bank,Accessories,East,Offline,5,"? 2,576.00","? 12,880.00",UPI,C02173
T002287,18-08-2025,Webcam,Accessories,South,Online,4,"? 2,581.00","? 10,324.00",UPI,C02431
T002288,19-07-2025,Power Bank,Accessories,West,Offline,3,"? 3,725.00","? 11,175.00",Net Banking,C02233
T002289,19-02-2025,Tablet,Electronics,West,Offline,1,"? 46,852.00","? 46,852.00",Credit Card,C00084
T002290,08-03-2025,Webcam,Accessories,North,Online,3,"? 9,128.00","? 27,384.00",Net Banking,C00665
T002291,27-10-2025,Camera,Electronics,West,Online,3,"? 26,195.00","? 78,585.00",Net Banking,C01047
T002292,27-02-2025,Mouse,Accessories,North,Online,1,"? 1,411.00","? 1,411.00",UPI,C00984
T002293,16-09-2025,Power Bank,Accessories,West,Offline,3,"? 1,613.00","? 4,839.00",Net Banking,C00906
T002294,08-12-2025,Headphones,Accessories,West,Online,3,"? 11,508.00","? 34,524.00",UPI,C01938
T002295,22-11-2025,Smartwatch,Accessories,South,Online,2,"? 2,272.00","? 4,544.00",Credit Card,C01731
T002296,10-05-2025,Printer,Electronics,West,Online,2,"? 21,682.00","? 43,364.00",UPI,C01121
T002297,03-08-2025,Mouse,Accessories,South,Offline,1,"? 2,116.00","? 2,116.00",UPI,C01610
T002298,21-06-2025,Headphones,Accessories,South,Online,1,"? 7,276.00","? 7,276.00",Net Banking,C00539
T002299,15-09-2025,Keyboard,Accessories,West,Online,3,"? 3,675.00","? 11,025.00",UPI,C02211
T002300,12-04-2025,Camera,Electronics,East,Offline,5,"? 84,311.00","? 4,21,555.00",UPI,C02110
T002301,28-07-2025,Gaming Chair,Furniture,South,Online,1,"? 8,356.00","? 8,356.00",UPI,C00402
T002302,18-10-2025,Speaker,Accessories,West,Online,3,"? 1,703.00","? 5,109.00",Credit Card,C00263
T002303,20-12-2025,Mouse,Accessories,East,Offline,5,"? 1,996.00","? 9,980.00",Credit Card,C00199
T002304,13-10-2025,Router,Networking,West,Offline,2,"? 1,996.00","? 3,992.00",UPI,C01238
T002305,26-04-2025,Camera,Electronics,West,Online,1,"? 32,989.00","? 32,989.00",Credit Card,C01532
T002306,21-09-2025,Router,Networking,East,Online,3,"? 6,432.00","? 19,296.00",Credit Card,C00027
T002307,30-05-2025,Printer,Electronics,West,Online,2,"? 22,446.00","? 44,892.00",UPI,C01005
T002308,27-10-2025,Headphones,Accessories,South,Online,4,"? 2,579.00","? 10,316.00",UPI,C00972
T002309,05-02-2025,Camera,Electronics,North,Offline,2,"? 81,678.00","? 1,63,356.00",UPI,C01219
T002310,29-11-2025,Tablet,Electronics,North,Offline,3,"? 14,876.00","? 44,628.00",Net Banking,C01463
T002311,14-10-2025,Monitor,Electronics,West,Offline,5,"? 15,850.00","? 79,250.00",Credit Card,C02371
T002312,30-10-2025,Webcam,Accessories,North,Online,4,"? 5,625.00","? 22,500.00",Credit Card,C00345
T002313,07-11-2025,Laptop,Electronics,North,Offline,4,"? 55,328.00","? 2,21,312.00",UPI,C01634
T002314,27-07-2025,Printer,Electronics,North,Online,4,"? 22,200.00","? 88,800.00",UPI,C01226
T002315,16-04-2025,Router,Networking,South,Offline,1,"? 2,580.00","? 2,580.00",Cash,C00760
T002316,07-06-2025,Laptop,Electronics,South,Online,3,"? 61,696.00","? 1,85,088.00",Credit Card,C01372
T002317,01-05-2025,Smartphone,Electronics,North,Offline,4,"? 51,147.00","? 2,04,588.00",UPI,C02059
T002318,24-02-2025,Router,Networking,East,Online,2,"? 3,098.00","? 6,196.00",UPI,C00435
T002319,12-01-2025,Monitor,Electronics,East,Online,5,"? 24,119.00","? 1,20,595.00",Credit Card,C00840
T002320,25-05-2025,Printer,Electronics,East,Offline,3,"? 22,012.00","? 66,036.00",Credit Card,C02196
T002321,16-05-2025,Mouse,Accessories,South,Online,2,"? 2,028.00","? 4,056.00",Cash,C01918
T002322,03-01-2025,Tablet,Electronics,South,Online,1,"? 29,562.00","? 29,562.00",Credit Card,C02317
T002323,24-05-2025,Mouse,Accessories,South,Offline,4,"? 1,417.00","? 5,668.00",Cash,C00236
T002324,30-01-2025,Keyboard,Accessories,South,Offline,2,"? 4,072.00","? 8,144.00",Credit Card,C00643
T002325,25-08-2025,Smartphone,Electronics,North,Offline,3,"? 38,147.00","? 1,14,441.00",Credit Card,C00911
T002326,06-10-2025,Tablet,Electronics,South,Online,2,"? 27,453.00","? 54,906.00",Cash,C02300
T002327,14-12-2025,Speaker,Accessories,North,Online,1,"? 4,276.00","? 4,276.00",Credit Card,C00892
T002328,25-04-2025,Router,Networking,East,Offline,5,"? 2,692.00","? 13,460.00",Credit Card,C00761
T002329,14-04-2025,Power Bank,Accessories,North,Online,4,"? 1,613.00","? 6,452.00",UPI,C01226
T002330,28-04-2025,Router,Networking,East,Offline,3,"? 2,652.00","? 7,956.00",Credit Card,C02297
T002331,05-01-2025,Camera,Electronics,South,Online,4,"? 74,984.00","? 2,99,936.00",UPI,C00814
T002332,26-12-2025,Camera,Electronics,East,Online,4,"? 21,883.00","? 87,532.00",UPI,C02421
T002333,05-09-2025,Router,Networking,East,Online,4,"? 1,767.00","? 7,068.00",Credit Card,C00176
T002334,30-12-2025,Power Bank,Accessories,North,Offline,2,"? 4,471.00","? 8,942.00",Credit Card,C01249
T002335,17-11-2025,Webcam,Accessories,East,Online,2,"? 4,312.00","? 8,624.00",UPI,C00865
T002336,01-05-2025,Smartwatch,Accessories,West,Online,5,"? 14,872.00","? 74,360.00",Cash,C01687
T002337,13-10-2025,Camera,Electronics,East,Online,1,"? 26,562.00","? 26,562.00",Cash,C02487
T002338,29-05-2025,Headphones,Accessories,South,Online,3,"? 8,013.00","? 24,039.00",UPI,C01335
T002339,25-03-2025,Smartphone,Electronics,East,Online,2,"? 20,177.00","? 40,354.00",Credit Card,C02102
T002340,19-08-2025,Headphones,Accessories,West,Online,4,"? 5,085.00","? 20,340.00",UPI,C02369
T002341,15-10-2025,Power Bank,Accessories,North,Offline,1,"? 1,183.00","? 1,183.00",Net Banking,C01243
T002342,10-06-2025,Monitor,Electronics,East,Online,3,"? 27,234.00","? 81,702.00",Credit Card,C00928
T002343,29-09-2025,Smartwatch,Accessories,West,Online,3,"? 19,433.00","? 58,299.00",Credit Card,C01493
T002344,07-02-2025,Smartwatch,Accessories,South,Offline,3,"? 10,989.00","? 32,967.00",UPI,C00404
T002345,14-08-2025,Router,Networking,South,Online,3,"? 5,967.00","? 17,901.00",Net Banking,C00347
T002346,22-05-2025,Power Bank,Accessories,North,Offline,5,"? 3,775.00","? 18,875.00",Credit Card,C00489
T002347,19-10-2025,Power Bank,Accessories,South,Online,3,"? 2,090.00","? 6,270.00",Cash,C02407
T002348,31-05-2025,Camera,Electronics,West,Online,1,"? 43,983.00","? 43,983.00",Credit Card,C01081
T002349,24-04-2025,Tablet,Electronics,East,Online,2,"? 17,186.00","? 34,372.00",Cash,C01111
T002350,25-08-2025,Router,Networking,West,Online,1,"? 3,687.00","? 3,687.00",Credit Card,C02426
T002351,07-03-2025,Monitor,Electronics,North,Offline,4,"? 16,258.00","? 65,032.00",Cash,C00931
T002352,27-12-2025,Keyboard,Accessories,East,Online,5,"? 2,092.00","? 10,460.00",UPI,C02127
T002353,07-12-2025,Smartphone,Electronics,West,Offline,5,"? 22,791.00","? 1,13,955.00",Net Banking,C01387
T002354,15-09-2025,Smartphone,Electronics,North,Online,4,"? 42,597.00","? 1,70,388.00",UPI,C00970
T002355,06-09-2025,Printer,Electronics,North,Online,1,"? 12,770.00","? 12,770.00",UPI,C00308
T002356,27-11-2025,Router,Networking,East,Offline,1,"? 3,201.00","? 3,201.00",Credit Card,C01935
T002357,19-11-2025,Mouse,Accessories,East,Offline,4,? 978.00,"? 3,912.00",Credit Card,C00977
T002358,29-06-2025,Camera,Electronics,South,Online,3,"? 70,757.00","? 2,12,271.00",UPI,C00691
T002359,09-07-2025,Printer,Electronics,South,Online,3,"? 13,987.00","? 41,961.00",Cash,C02271
T002360,03-06-2025,Gaming Chair,Furniture,East,Offline,2,"? 15,165.00","? 30,330.00",Cash,C00164
T002361,15-07-2025,Keyboard,Accessories,South,Offline,1,"? 2,678.00","? 2,678.00",Credit Card,C01319
T002362,07-11-2025,Webcam,Accessories,East,Online,1,"? 6,005.00","? 6,005.00",Cash,C00651
T002363,19-09-2025,Smartwatch,Accessories,South,Offline,4,"? 7,807.00","? 31,228.00",Credit Card,C02010
T002364,23-05-2025,Power Bank,Accessories,West,Online,4,"? 3,470.00","? 13,880.00",Cash,C02360
T002365,08-12-2025,Laptop,Electronics,North,Offline,3,"? 65,156.00","? 1,95,468.00",Credit Card,C02218
T002366,12-11-2025,Power Bank,Accessories,East,Offline,1,"? 4,516.00","? 4,516.00",Net Banking,C02095
T002367,11-04-2025,Keyboard,Accessories,East,Offline,1,"? 4,984.00","? 4,984.00",Credit Card,C00006
T002368,01-09-2025,Keyboard,Accessories,East,Offline,5,"? 2,854.00","? 14,270.00",Net Banking,C01571
T002369,12-01-2025,Tablet,Electronics,West,Online,2,"? 24,227.00","? 48,454.00",Net Banking,C00904
T002370,27-08-2025,Tablet,Electronics,North,Online,2,"? 24,265.00","? 48,530.00",UPI,C01202
T002371,18-02-2025,Webcam,Accessories,South,Online,3,"? 4,304.00","? 12,912.00",Net Banking,C01147
T002372,11-02-2025,Tablet,Electronics,South,Online,1,"? 28,604.00","? 28,604.00",Credit Card,C00757
T002373,15-06-2025,Tablet,Electronics,North,Online,5,"? 38,565.00","? 1,92,825.00",UPI,C00912
T002374,23-03-2025,Mouse,Accessories,South,Offline,1,"? 1,398.00","? 1,398.00",UPI,C00843
T002375,18-10-2025,Camera,Electronics,East,Online,4,"? 45,790.00","? 1,83,160.00",Credit Card,C01852
T002376,07-06-2025,Speaker,Accessories,North,Online,3,"? 11,385.00","? 34,155.00",UPI,C00563
T002377,04-08-2025,Smartphone,Electronics,West,Online,2,"? 38,358.00","? 76,716.00",Cash,C01838
T002378,07-06-2025,Camera,Electronics,North,Offline,1,"? 50,944.00","? 50,944.00",Cash,C02375
T002379,14-05-2025,Router,Networking,East,Online,3,"? 7,303.00","? 21,909.00",Net Banking,C01932
T002380,08-03-2025,Camera,Electronics,North,Online,2,"? 72,546.00","? 1,45,092.00",Cash,C01029
T002381,02-12-2025,Smartphone,Electronics,West,Offline,1,"? 19,025.00","? 19,025.00",Credit Card,C00043
T002382,07-01-2025,Tablet,Electronics,West,Offline,5,"? 38,155.00","? 1,90,775.00",Net Banking,C01590
T002383,14-01-2025,Camera,Electronics,North,Offline,3,"? 44,512.00","? 1,33,536.00",Credit Card,C02179
T002384,14-03-2025,Power Bank,Accessories,North,Offline,1,"? 3,603.00","? 3,603.00",Net Banking,C01239
T002385,12-06-2025,Mouse,Accessories,South,Online,2,"? 2,630.00","? 5,260.00",Net Banking,C00908
T002386,07-03-2025,Tablet,Electronics,South,Offline,2,"? 47,580.00","? 95,160.00",Net Banking,C00577
T002387,13-12-2025,Mouse,Accessories,East,Online,5,? 858.00,"? 4,290.00",UPI,C00260
T002388,10-05-2025,Printer,Electronics,South,Online,3,"? 22,058.00","? 66,174.00",UPI,C02484
T002389,25-07-2025,Speaker,Accessories,East,Online,3,"? 11,393.00","? 34,179.00",UPI,C02431
T002390,03-10-2025,Camera,Electronics,East,Online,1,"? 77,970.00","? 77,970.00",Cash,C01442
T002391,13-09-2025,Power Bank,Accessories,North,Online,2,"? 3,256.00","? 6,512.00",Credit Card,C01499
T002392,23-09-2025,Webcam,Accessories,South,Online,2,"? 1,706.00","? 3,412.00",Credit Card,C01133
T002393,25-01-2025,Speaker,Accessories,West,Offline,5,"? 13,008.00","? 65,040.00",UPI,C00528
T002394,08-10-2025,Headphones,Accessories,West,Online,5,"? 2,356.00","? 11,780.00",UPI,C01678
T002395,10-09-2025,Mouse,Accessories,North,Offline,3,"? 1,072.00","? 3,216.00",UPI,C00870
T002396,06-11-2025,Printer,Electronics,West,Online,2,"? 17,788.00","? 35,576.00",UPI,C02032
T002397,16-10-2025,Gaming Chair,Furniture,West,Offline,1,"? 15,156.00","? 15,156.00",UPI,C00586
T002398,13-06-2025,Monitor,Electronics,North,Online,4,"? 22,265.00","? 89,060.00",UPI,C01589
T002399,05-04-2025,Monitor,Electronics,West,Offline,1,"? 16,151.00","? 16,151.00",Credit Card,C01142
T002400,27-09-2025,Printer,Electronics,North,Offline,5,"? 16,987.00","? 84,935.00",Cash,C00575
T002401,17-11-2025,Gaming Chair,Furniture,East,Offline,1,"? 20,560.00","? 20,560.00",Credit Card,C00141
T002402,20-04-2025,Smartwatch,Accessories,South,Online,2,"? 4,673.00","? 9,346.00",Cash,C02273
T002403,02-12-2025,Gaming Chair,Furniture,West,Online,3,"? 22,999.00","? 68,997.00",Credit Card,C01207
T002404,06-11-2025,Smartwatch,Accessories,North,Online,4,"? 19,433.00","? 77,732.00",UPI,C02209
T002405,26-08-2025,Tablet,Electronics,West,Online,3,"? 16,823.00","? 50,469.00",Credit Card,C01086
T002406,25-01-2025,Smartwatch,Accessories,South,Online,4,"? 8,876.00","? 35,504.00",Credit Card,C00397
T002407,21-05-2025,Monitor,Electronics,West,Offline,4,"? 28,388.00","? 1,13,552.00",UPI,C01865
T002408,27-04-2025,Power Bank,Accessories,East,Online,2,? 890.00,"? 1,780.00",Credit Card,C01421
T002409,25-01-2025,Smartwatch,Accessories,North,Online,2,"? 10,667.00","? 21,334.00",UPI,C02064
T002410,20-03-2025,Headphones,Accessories,South,Online,5,"? 9,056.00","? 45,280.00",Net Banking,C02277
T002411,09-03-2025,Monitor,Electronics,East,Online,5,"? 10,046.00","? 50,230.00",UPI,C00438
T002412,22-06-2025,Mouse,Accessories,West,Offline,4,"? 1,125.00","? 4,500.00",UPI,C02462
T002413,12-01-2025,Webcam,Accessories,West,Offline,5,"? 6,807.00","? 34,035.00",UPI,C01856
T002414,15-10-2025,Gaming Chair,Furniture,West,Online,2,"? 15,736.00","? 31,472.00",Credit Card,C00652
T002415,08-05-2025,Gaming Chair,Furniture,South,Online,5,"? 11,690.00","? 58,450.00",UPI,C02178
T002416,06-04-2025,Keyboard,Accessories,North,Offline,4,"? 4,725.00","? 18,900.00",Cash,C00655
T002417,02-04-2025,Smartwatch,Accessories,South,Online,3,"? 4,745.00","? 14,235.00",Credit Card,C00849
T002418,21-05-2025,Gaming Chair,Furniture,East,Offline,1,"? 10,639.00","? 10,639.00",Credit Card,C01187
T002419,31-01-2025,Smartwatch,Accessories,North,Offline,5,"? 2,076.00","? 10,380.00",UPI,C00478
T002420,30-11-2025,Router,Networking,South,Online,2,"? 7,973.00","? 15,946.00",UPI,C01659
T002421,20-01-2025,Camera,Electronics,West,Online,3,"? 30,622.00","? 91,866.00",Net Banking,C01062
T002422,26-05-2025,Smartphone,Electronics,East,Online,2,"? 67,656.00","? 1,35,312.00",Cash,C00976
T002423,12-11-2025,Router,Networking,West,Offline,5,"? 3,924.00","? 19,620.00",Cash,C01788
T002424,09-06-2025,Webcam,Accessories,South,Online,4,"? 7,984.00","? 31,936.00",UPI,C00519
T002425,15-12-2025,Headphones,Accessories,East,Online,1,"? 6,296.00","? 6,296.00",UPI,C01192
T002426,12-02-2025,Monitor,Electronics,North,Offline,1,"? 30,951.00","? 30,951.00",Credit Card,C00065
T002427,11-09-2025,Monitor,Electronics,North,Offline,3,"? 30,470.00","? 91,410.00",Credit Card,C02500
T002428,10-05-2025,Speaker,Accessories,South,Online,1,"? 3,721.00","? 3,721.00",Cash,C00853
T002429,01-03-2025,Laptop,Electronics,South,Online,4,"? 50,405.00","? 2,01,620.00",Cash,C00170
T002430,31-05-2025,Smartphone,Electronics,North,Offline,2,"? 66,281.00","? 1,32,562.00",UPI,C00738
T002431,14-10-2025,Smartwatch,Accessories,North,Online,4,"? 14,308.00","? 57,232.00",Cash,C02279
T002432,05-01-2025,Printer,Electronics,South,Online,3,"? 29,218.00","? 87,654.00",Credit Card,C00962
T002433,23-09-2025,Camera,Electronics,North,Offline,3,"? 35,345.00","? 1,06,035.00",Credit Card,C00006
T002434,11-12-2025,Speaker,Accessories,East,Online,1,"? 1,897.00","? 1,897.00",Net Banking,C00264
T002435,10-05-2025,Power Bank,Accessories,South,Online,4,"? 2,600.00","? 10,400.00",Credit Card,C00931
T002436,24-09-2025,Router,Networking,East,Online,2,"? 4,973.00","? 9,946.00",Credit Card,C00053
T002437,27-06-2025,Speaker,Accessories,West,Online,4,"? 11,500.00","? 46,000.00",UPI,C02067
T002438,10-09-2025,Mouse,Accessories,East,Offline,2,"? 1,293.00","? 2,586.00",UPI,C02313
T002439,25-02-2025,Camera,Electronics,South,Offline,2,"? 40,310.00","? 80,620.00",UPI,C02208
T002440,24-03-2025,Smartwatch,Accessories,West,Offline,4,"? 10,629.00","? 42,516.00",Cash,C02433
T002441,09-04-2025,Laptop,Electronics,North,Offline,5,"? 88,159.00","? 4,40,795.00",Net Banking,C00875
T002442,29-05-2025,Webcam,Accessories,East,Offline,4,"? 6,899.00","? 27,596.00",Credit Card,C02178
T002443,25-11-2025,Webcam,Accessories,East,Online,2,"? 1,722.00","? 3,444.00",Cash,C01280
T002444,05-06-2025,Keyboard,Accessories,South,Online,3,"? 2,310.00","? 6,930.00",UPI,C00250
T002445,09-07-2025,Power Bank,Accessories,North,Offline,3,"? 2,760.00","? 8,280.00",Credit Card,C00618
T002446,20-09-2025,Monitor,Electronics,South,Online,1,"? 24,230.00","? 24,230.00",Cash,C02404
T002447,21-03-2025,Mouse,Accessories,North,Online,3,? 908.00,"? 2,724.00",UPI,C02360
T002448,09-09-2025,Smartphone,Electronics,South,Online,5,"? 51,768.00","? 2,58,840.00",Cash,C01507
T002449,07-04-2025,Power Bank,Accessories,North,Online,2,"? 3,464.00","? 6,928.00",Net Banking,C02080
T002450,17-09-2025,Smartwatch,Accessories,West,Online,4,"? 19,449.00","? 77,796.00",UPI,C00093
T002451,17-09-2025,Gaming Chair,Furniture,South,Offline,4,"? 21,487.00","? 85,948.00",UPI,C00891
T002452,13-04-2025,Speaker,Accessories,West,Online,5,"? 6,864.00","? 34,320.00",UPI,C01960
T002453,09-02-2025,Headphones,Accessories,South,Offline,3,"? 10,468.00","? 31,404.00",UPI,C00034
T002454,30-09-2025,Printer,Electronics,South,Online,2,"? 11,393.00","? 22,786.00",UPI,C00852
T002455,11-04-2025,Camera,Electronics,South,Online,3,"? 43,885.00","? 1,31,655.00",UPI,C01368
T002456,25-12-2025,Laptop,Electronics,East,Online,1,"? 50,603.00","? 50,603.00",UPI,C00609
T002457,04-11-2025,Power Bank,Accessories,South,Online,3,? 988.00,"? 2,964.00",UPI,C00508
T002458,09-08-2025,Keyboard,Accessories,North,Offline,1,"? 1,375.00","? 1,375.00",Credit Card,C02361
T002459,04-11-2025,Tablet,Electronics,East,Online,4,"? 24,546.00","? 98,184.00",UPI,C00944
T002460,04-05-2025,Speaker,Accessories,North,Online,2,"? 11,688.00","? 23,376.00",Cash,C01228
T002461,19-08-2025,Printer,Electronics,North,Online,1,"? 21,456.00","? 21,456.00",Cash,C00032
T002462,27-06-2025,Smartwatch,Accessories,North,Online,3,"? 16,674.00","? 50,022.00",Credit Card,C00637
T002463,04-03-2025,Router,Networking,North,Online,3,"? 1,546.00","? 4,638.00",UPI,C00620
T002464,26-04-2025,Keyboard,Accessories,North,Online,4,"? 1,519.00","? 6,076.00",Net Banking,C00723
T002465,10-07-2025,Speaker,Accessories,West,Online,5,"? 5,307.00","? 26,535.00",UPI,C01000
T002466,03-03-2025,Printer,Electronics,East,Offline,5,"? 25,406.00","? 1,27,030.00",UPI,C00002
T002467,13-09-2025,Printer,Electronics,North,Offline,3,"? 7,080.00","? 21,240.00",UPI,C01011
T002468,07-01-2025,Monitor,Electronics,West,Online,5,"? 11,146.00","? 55,730.00",Cash,C01486
T002469,04-06-2025,Printer,Electronics,West,Online,2,"? 23,661.00","? 47,322.00",Credit Card,C01207
T002470,02-04-2025,Headphones,Accessories,North,Offline,5,"? 7,741.00","? 38,705.00",Cash,C01313
T002471,14-01-2025,Keyboard,Accessories,South,Offline,2,"? 2,917.00","? 5,834.00",Cash,C02144
T002472,17-08-2025,Smartwatch,Accessories,North,Online,3,"? 4,886.00","? 14,658.00",Net Banking,C01786
T002473,27-03-2025,Smartwatch,Accessories,West,Online,3,"? 15,344.00","? 46,032.00",Cash,C00211
T002474,13-05-2025,Headphones,Accessories,North,Online,3,"? 6,634.00","? 19,902.00",UPI,C01988
T002475,02-07-2025,Smartphone,Electronics,West,Online,4,"? 56,755.00","? 2,27,020.00",Net Banking,C01482
T002476,03-03-2025,Power Bank,Accessories,North,Online,5,"? 4,128.00","? 20,640.00",Cash,C00783
T002477,07-08-2025,Keyboard,Accessories,West,Online,1,"? 3,706.00","? 3,706.00",Credit Card,C00112
T002478,03-09-2025,Printer,Electronics,North,Offline,1,"? 12,958.00","? 12,958.00",Cash,C01389
T002479,18-08-2025,Power Bank,Accessories,South,Online,3,"? 3,189.00","? 9,567.00",Cash,C02024
T002480,20-03-2025,Laptop,Electronics,South,Online,5,"? 86,911.00","? 4,34,555.00",UPI,C01147
T002481,29-05-2025,Gaming Chair,Furniture,West,Offline,2,"? 22,699.00","? 45,398.00",Credit Card,C00303
T002482,18-05-2025,Mouse,Accessories,South,Offline,1,"? 1,821.00","? 1,821.00",UPI,C00697
T002483,10-11-2025,Keyboard,Accessories,South,Online,3,"? 1,918.00","? 5,754.00",Net Banking,C00861
T002484,06-03-2025,Tablet,Electronics,East,Online,1,"? 19,952.00","? 19,952.00",Cash,C00255
T002485,13-01-2025,Laptop,Electronics,North,Online,1,"? 91,684.00","? 91,684.00",Credit Card,C01253
T002486,01-08-2025,Router,Networking,North,Offline,1,"? 2,844.00","? 2,844.00",UPI,C01365
T002487,30-08-2025,Headphones,Accessories,South,Online,3,"? 1,137.00","? 3,411.00",Cash,C01589
T002488,01-08-2025,Webcam,Accessories,South,Online,3,"? 5,950.00","? 17,850.00",Cash,C00342
T002489,30-06-2025,Gaming Chair,Furniture,West,Online,4,"? 22,156.00","? 88,624.00",UPI,C00258
T002490,04-12-2025,Printer,Electronics,North,Offline,4,"? 19,381.00","? 77,524.00",Cash,C00982
T002491,22-06-2025,Webcam,Accessories,East,Online,4,"? 6,406.00","? 25,624.00",Net Banking,C02277
T002492,09-06-2025,Smartphone,Electronics,East,Online,1,"? 28,893.00","? 28,893.00",Cash,C01364
T002493,13-06-2025,Tablet,Electronics,South,Online,5,"? 38,130.00","? 1,90,650.00",Cash,C00432
T002494,07-07-2025,Smartphone,Electronics,West,Offline,3,"? 45,415.00","? 1,36,245.00",Net Banking,C00118
T002495,10-07-2025,Gaming Chair,Furniture,West,Offline,4,"? 24,360.00","? 97,440.00",Credit Card,C01981
T002496,04-11-2025,Smartphone,Electronics,North,Offline,5,"? 34,143.00","? 1,70,715.00",Credit Card,C02074
T002497,13-09-2025,Camera,Electronics,South,Offline,4,"? 20,388.00","? 81,552.00",Net Banking,C00340
T002498,02-07-2025,Speaker,Accessories,South,Online,4,"? 13,616.00","? 54,464.00",Credit Card,C02219
T002499,27-04-2025,Speaker,Accessories,West,Online,5,"? 4,922.00","? 24,610.00",Credit Card,C01277
T002500,09-10-2025,Monitor,Electronics,East,Online,4,"? 15,012.00","? 60,048.00",Cash,C00532
T002501,15-07-2025,Tablet,Electronics,East,Online,1,"? 14,852.00","? 14,852.00",Credit Card,C00349
T002502,03-02-2025,Mouse,Accessories,North,Online,1,? 995.00,? 995.00,UPI,C02425
T002503,21-02-2025,Monitor,Electronics,South,Online,1,"? 16,627.00","? 16,627.00",Cash,C01597
T002504,22-04-2025,Tablet,Electronics,South,Online,2,"? 39,048.00","? 78,096.00",UPI,C00151
T002505,09-09-2025,Smartphone,Electronics,East,Online,4,"? 49,750.00","? 1,99,000.00",Credit Card,C01772
T002506,23-03-2025,Router,Networking,South,Offline,2,"? 3,938.00","? 7,876.00",Net Banking,C00829
T002507,20-08-2025,Router,Networking,South,Online,3,"? 4,368.00","? 13,104.00",Credit Card,C02278
T002508,15-08-2025,Monitor,Electronics,West,Online,5,"? 20,401.00","? 1,02,005.00",UPI,C02384
T002509,21-08-2025,Tablet,Electronics,North,Online,3,"? 18,209.00","? 54,627.00",Net Banking,C00275
T002510,09-08-2025,Mouse,Accessories,North,Offline,2,? 634.00,"? 1,268.00",Cash,C00715
T002511,11-02-2025,Power Bank,Accessories,North,Offline,1,"? 4,766.00","? 4,766.00",Credit Card,C01228
T002512,21-01-2025,Laptop,Electronics,West,Online,4,"? 68,076.00","? 2,72,304.00",Credit Card,C01252
T002513,11-02-2025,Gaming Chair,Furniture,North,Online,4,"? 27,154.00","? 1,08,616.00",Net Banking,C00257
T002514,23-04-2025,Webcam,Accessories,North,Offline,1,"? 5,876.00","? 5,876.00",UPI,C00681
T002515,15-04-2025,Power Bank,Accessories,East,Online,4,"? 4,067.00","? 16,268.00",Net Banking,C01032
T002516,11-07-2025,Keyboard,Accessories,East,Offline,5,"? 1,838.00","? 9,190.00",UPI,C02384
T002517,17-01-2025,Power Bank,Accessories,North,Online,5,"? 2,495.00","? 12,475.00",Cash,C01643
T002518,30-04-2025,Power Bank,Accessories,West,Online,5,"? 2,386.00","? 11,930.00",Credit Card,C00980
T002519,09-05-2025,Router,Networking,West,Offline,3,"? 6,013.00","? 18,039.00",Net Banking,C01724
T002520,10-05-2025,Printer,Electronics,West,Online,1,"? 27,064.00","? 27,064.00",Cash,C01800
T002521,01-03-2025,Power Bank,Accessories,South,Online,5,"? 3,469.00","? 17,345.00",Cash,C02378
T002522,17-02-2025,Tablet,Electronics,South,Online,2,"? 17,965.00","? 35,930.00",UPI,C00243
T002523,29-01-2025,Gaming Chair,Furniture,West,Offline,5,"? 26,652.00","? 1,33,260.00",Credit Card,C02213
T002524,07-04-2025,Mouse,Accessories,East,Online,3,"? 2,456.00","? 7,368.00",Cash,C00959
T002525,10-01-2025,Router,Networking,South,Online,2,"? 7,528.00","? 15,056.00",UPI,C00480
T002526,30-08-2025,Keyboard,Accessories,West,Online,1,"? 3,122.00","? 3,122.00",Credit Card,C02331
T002527,10-11-2025,Monitor,Electronics,South,Offline,1,"? 20,821.00","? 20,821.00",Credit Card,C01119
T002528,20-08-2025,Tablet,Electronics,South,Online,5,"? 29,870.00","? 1,49,350.00",Cash,C00935
T002529,04-10-2025,Tablet,Electronics,South,Online,2,"? 23,410.00","? 46,820.00",UPI,C00774
T002530,11-10-2025,Headphones,Accessories,South,Online,2,"? 6,801.00","? 13,602.00",Credit Card,C00209
T002531,22-07-2025,Tablet,Electronics,West,Offline,5,"? 29,133.00","? 1,45,665.00",Credit Card,C01546
T002532,04-09-2025,Printer,Electronics,South,Offline,5,"? 29,359.00","? 1,46,795.00",Net Banking,C00481
T002533,17-10-2025,Speaker,Accessories,North,Online,4,"? 13,733.00","? 54,932.00",Credit Card,C01549
T002534,21-09-2025,Headphones,Accessories,West,Offline,4,"? 2,405.00","? 9,620.00",Credit Card,C01004
T002535,02-08-2025,Keyboard,Accessories,West,Online,5,"? 2,586.00","? 12,930.00",Cash,C00364
T002536,19-07-2025,Monitor,Electronics,West,Online,3,"? 19,179.00","? 57,537.00",Credit Card,C02471
T002537,20-03-2025,Speaker,Accessories,South,Offline,4,"? 5,075.00","? 20,300.00",UPI,C01959
T002538,09-12-2025,Router,Networking,West,Online,5,"? 6,042.00","? 30,210.00",Net Banking,C01638
T002539,10-12-2025,Monitor,Electronics,East,Offline,2,"? 10,727.00","? 21,454.00",Cash,C02261
T002540,22-06-2025,Webcam,Accessories,North,Offline,4,"? 7,987.00","? 31,948.00",UPI,C01193
T002541,10-03-2025,Smartwatch,Accessories,East,Online,3,"? 16,760.00","? 50,280.00",Net Banking,C01232
T002542,28-03-2025,Smartwatch,Accessories,North,Online,1,"? 8,291.00","? 8,291.00",Credit Card,C02018
T002543,11-04-2025,Keyboard,Accessories,North,Offline,2,"? 3,596.00","? 7,192.00",Cash,C01883
T002544,08-01-2025,Camera,Electronics,South,Online,3,"? 49,403.00","? 1,48,209.00",UPI,C01451
T002545,29-11-2025,Mouse,Accessories,North,Online,3,"? 2,901.00","? 8,703.00",Cash,C01598
T002546,19-07-2025,Router,Networking,North,Online,3,"? 2,437.00","? 7,311.00",UPI,C00521
T002547,28-03-2025,Router,Networking,East,Online,2,"? 3,580.00","? 7,160.00",UPI,C00940
T002548,12-02-2025,Camera,Electronics,North,Offline,3,"? 21,755.00","? 65,265.00",Cash,C01698
T002549,19-04-2025,Gaming Chair,Furniture,West,Online,1,"? 11,390.00","? 11,390.00",Credit Card,C00019
T002550,01-06-2025,Mouse,Accessories,West,Offline,4,"? 2,120.00","? 8,480.00",Credit Card,C01510
T002551,17-01-2025,Router,Networking,North,Offline,2,"? 2,716.00","? 5,432.00",Cash,C01882
T002552,13-05-2025,Headphones,Accessories,West,Online,3,"? 2,203.00","? 6,609.00",Credit Card,C00530
T002553,28-05-2025,Keyboard,Accessories,South,Online,5,"? 2,590.00","? 12,950.00",UPI,C02285
T002554,04-10-2025,Mouse,Accessories,West,Offline,4,"? 1,941.00","? 7,764.00",Cash,C02152
T002555,20-08-2025,Smartwatch,Accessories,South,Offline,2,"? 9,688.00","? 19,376.00",UPI,C00937
T002556,10-11-2025,Smartwatch,Accessories,North,Online,5,"? 8,500.00","? 42,500.00",Cash,C00237
T002557,16-08-2025,Smartphone,Electronics,South,Online,5,"? 54,484.00","? 2,72,420.00",UPI,C01662
T002558,19-05-2025,Mouse,Accessories,South,Online,3,"? 2,911.00","? 8,733.00",Net Banking,C01972
T002559,30-07-2025,Power Bank,Accessories,North,Online,2,"? 3,777.00","? 7,554.00",UPI,C01195
T002560,28-01-2025,Keyboard,Accessories,North,Online,3,"? 4,446.00","? 13,338.00",Cash,C00597
T002561,20-02-2025,Speaker,Accessories,South,Offline,1,"? 9,790.00","? 9,790.00",Credit Card,C02086
T002562,18-09-2025,Laptop,Electronics,East,Online,5,"? 68,579.00","? 3,42,895.00",Cash,C00943
T002563,18-09-2025,Headphones,Accessories,North,Offline,1,"? 5,665.00","? 5,665.00",Cash,C00391
T002564,16-12-2025,Tablet,Electronics,North,Offline,3,"? 23,014.00","? 69,042.00",Net Banking,C01844
T002565,18-12-2025,Power Bank,Accessories,East,Online,4,"? 1,801.00","? 7,204.00",UPI,C00617
T002566,08-01-2025,Webcam,Accessories,West,Online,5,"? 8,849.00","? 44,245.00",UPI,C02465
T002567,16-11-2025,Tablet,Electronics,East,Offline,4,"? 46,397.00","? 1,85,588.00",UPI,C00985
T002568,18-05-2025,Mouse,Accessories,West,Offline,2,"? 2,451.00","? 4,902.00",UPI,C01048
T002569,07-02-2025,Speaker,Accessories,East,Offline,5,"? 2,563.00","? 12,815.00",UPI,C01311
T002570,21-04-2025,Power Bank,Accessories,South,Online,1,"? 1,438.00","? 1,438.00",Credit Card,C01279
T002571,08-08-2025,Camera,Electronics,North,Online,4,"? 29,334.00","? 1,17,336.00",Credit Card,C01559
T002572,03-12-2025,Headphones,Accessories,East,Offline,2,"? 11,312.00","? 22,624.00",UPI,C02375
T002573,11-08-2025,Webcam,Accessories,North,Online,5,"? 4,775.00","? 23,875.00",UPI,C00630
T002574,16-05-2025,Power Bank,Accessories,West,Offline,2,"? 1,776.00","? 3,552.00",Cash,C00399
T002575,13-09-2025,Monitor,Electronics,South,Online,1,"? 20,383.00","? 20,383.00",Cash,C00156
T002576,26-12-2025,Speaker,Accessories,North,Offline,5,"? 13,042.00","? 65,210.00",Cash,C01883
T002577,25-11-2025,Printer,Electronics,East,Online,2,"? 17,406.00","? 34,812.00",Cash,C01151
T002578,18-02-2025,Tablet,Electronics,East,Offline,3,"? 21,739.00","? 65,217.00",Credit Card,C00277
T002579,19-10-2025,Smartwatch,Accessories,South,Online,5,"? 6,069.00","? 30,345.00",UPI,C00637
T002580,20-11-2025,Headphones,Accessories,West,Offline,5,"? 7,402.00","? 37,010.00",Cash,C00874
T002581,19-03-2025,Gaming Chair,Furniture,South,Online,5,"? 20,333.00","? 1,01,665.00",Cash,C00910
T002582,15-04-2025,Power Bank,Accessories,South,Online,5,"? 1,145.00","? 5,725.00",Credit Card,C00021
T002583,18-06-2025,Camera,Electronics,North,Online,3,"? 57,710.00","? 1,73,130.00",UPI,C01550
T002584,05-08-2025,Webcam,Accessories,West,Offline,1,"? 4,442.00","? 4,442.00",Credit Card,C01265
T002585,29-04-2025,Keyboard,Accessories,South,Offline,3,"? 1,776.00","? 5,328.00",Cash,C02155
T002586,09-07-2025,Speaker,Accessories,North,Online,3,"? 10,863.00","? 32,589.00",Cash,C00716
T002587,12-09-2025,Camera,Electronics,North,Online,2,"? 23,770.00","? 47,540.00",Cash,C00540
T002588,23-09-2025,Headphones,Accessories,West,Online,4,"? 6,652.00","? 26,608.00",Credit Card,C01245
T002589,29-05-2025,Monitor,Electronics,West,Online,4,"? 19,353.00","? 77,412.00",Net Banking,C01638
T002590,13-06-2025,Tablet,Electronics,North,Online,2,"? 18,424.00","? 36,848.00",Cash,C02115
T002591,20-05-2025,Speaker,Accessories,West,Offline,3,"? 13,490.00","? 40,470.00",UPI,C01825
T002592,13-12-2025,Smartwatch,Accessories,North,Online,2,"? 10,048.00","? 20,096.00",UPI,C00242
T002593,15-09-2025,Router,Networking,West,Offline,5,"? 5,646.00","? 28,230.00",UPI,C00396
T002594,26-09-2025,Laptop,Electronics,West,Offline,2,"? 94,867.00","? 1,89,734.00",UPI,C01227
T002595,30-06-2025,Router,Networking,West,Offline,2,"? 5,199.00","? 10,398.00",UPI,C00220
T002596,09-06-2025,Webcam,Accessories,East,Offline,5,"? 1,950.00","? 9,750.00",UPI,C00419
T002597,17-12-2025,Keyboard,Accessories,West,Online,4,"? 2,062.00","? 8,248.00",Cash,C01238
T002598,15-10-2025,Speaker,Accessories,East,Offline,5,"? 1,850.00","? 9,250.00",UPI,C02407
T002599,15-10-2025,Smartwatch,Accessories,North,Online,1,"? 11,500.00","? 11,500.00",Credit Card,C00501
T002600,14-08-2025,Monitor,Electronics,South,Online,2,"? 12,004.00","? 24,008.00",Credit Card,C01043
T002601,11-01-2025,Printer,Electronics,South,Offline,2,"? 17,117.00","? 34,234.00",Cash,C00787
T002602,10-01-2025,Monitor,Electronics,South,Offline,4,"? 29,062.00","? 1,16,248.00",Net Banking,C00676
T002603,28-09-2025,Monitor,Electronics,North,Online,3,"? 24,628.00","? 73,884.00",UPI,C02262
T002604,30-09-2025,Power Bank,Accessories,West,Online,5,"? 3,073.00","? 15,365.00",UPI,C00222
T002605,02-07-2025,Gaming Chair,Furniture,East,Online,3,"? 23,162.00","? 69,486.00",Credit Card,C01924
T002606,02-06-2025,Router,Networking,North,Online,1,"? 1,940.00","? 1,940.00",Cash,C02317
T002607,11-11-2025,Tablet,Electronics,South,Offline,5,"? 19,659.00","? 98,295.00",Cash,C01108
T002608,30-11-2025,Headphones,Accessories,South,Online,1,"? 6,915.00","? 6,915.00",UPI,C00743
T002609,04-05-2025,Webcam,Accessories,South,Online,1,"? 1,911.00","? 1,911.00",Credit Card,C01926
T002610,24-04-2025,Speaker,Accessories,South,Online,1,"? 2,313.00","? 2,313.00",Cash,C02092
T002611,05-10-2025,Headphones,Accessories,East,Offline,5,"? 5,678.00","? 28,390.00",Net Banking,C01612
T002612,01-08-2025,Webcam,Accessories,South,Offline,5,"? 3,230.00","? 16,150.00",Net Banking,C00976
T002613,21-06-2025,Webcam,Accessories,East,Offline,4,"? 8,143.00","? 32,572.00",Net Banking,C00161
T002614,15-10-2025,Gaming Chair,Furniture,South,Online,2,"? 21,269.00","? 42,538.00",Cash,C00748
T002615,23-06-2025,Speaker,Accessories,North,Offline,3,"? 3,474.00","? 10,422.00",Net Banking,C01401
T002616,23-04-2025,Smartwatch,Accessories,East,Online,3,"? 2,549.00","? 7,647.00",UPI,C00308
T002617,02-05-2025,Router,Networking,East,Offline,1,"? 7,760.00","? 7,760.00",Net Banking,C01895
T002618,01-02-2025,Printer,Electronics,North,Online,5,"? 24,321.00","? 1,21,605.00",Net Banking,C00117
T002619,10-08-2025,Power Bank,Accessories,South,Online,5,"? 1,003.00","? 5,015.00",Net Banking,C01626
T002620,29-04-2025,Printer,Electronics,South,Online,1,"? 21,718.00","? 21,718.00",Credit Card,C02387
T002621,08-02-2025,Camera,Electronics,West,Online,2,"? 76,235.00","? 1,52,470.00",Credit Card,C01805
T002622,25-09-2025,Router,Networking,West,Online,3,"? 4,036.00","? 12,108.00",UPI,C00888
T002623,21-08-2025,Power Bank,Accessories,East,Offline,4,? 906.00,"? 3,624.00",UPI,C01674
T002624,18-01-2025,Gaming Chair,Furniture,West,Online,2,"? 28,195.00","? 56,390.00",Cash,C01954
T002625,29-05-2025,Laptop,Electronics,North,Online,5,"? 85,469.00","? 4,27,345.00",UPI,C01631
T002626,29-05-2025,Gaming Chair,Furniture,North,Online,1,"? 20,089.00","? 20,089.00",Credit Card,C00954
T002627,06-05-2025,Gaming Chair,Furniture,North,Online,3,"? 18,411.00","? 55,233.00",Credit Card,C01731
T002628,29-10-2025,Monitor,Electronics,East,Offline,1,"? 15,825.00","? 15,825.00",Cash,C00940
T002629,26-12-2025,Gaming Chair,Furniture,North,Offline,5,"? 13,974.00","? 69,870.00",Credit Card,C01029
T002630,26-08-2025,Laptop,Electronics,East,Offline,1,"? 54,090.00","? 54,090.00",UPI,C02119
T002631,15-05-2025,Smartphone,Electronics,East,Online,3,"? 38,340.00","? 1,15,020.00",Net Banking,C02152
T002632,31-05-2025,Mouse,Accessories,North,Offline,1,"? 2,975.00","? 2,975.00",UPI,C00056
T002633,24-08-2025,Webcam,Accessories,North,Online,3,"? 4,046.00","? 12,138.00",UPI,C01019
T002634,12-08-2025,Monitor,Electronics,East,Offline,1,"? 11,736.00","? 11,736.00",Credit Card,C01331
T002635,22-07-2025,Laptop,Electronics,North,Online,1,"? 97,368.00","? 97,368.00",Cash,C00496
T002636,13-09-2025,Webcam,Accessories,West,Offline,3,"? 3,172.00","? 9,516.00",UPI,C01165
T002637,27-03-2025,Tablet,Electronics,East,Online,1,"? 10,401.00","? 10,401.00",UPI,C00034
T002638,30-05-2025,Mouse,Accessories,South,Online,2,"? 1,001.00","? 2,002.00",Credit Card,C01380
T002639,23-08-2025,Router,Networking,East,Online,4,"? 4,499.00","? 17,996.00",UPI,C01442
T002640,11-12-2025,Printer,Electronics,North,Offline,2,"? 10,313.00","? 20,626.00",Net Banking,C00053
T002641,22-01-2025,Monitor,Electronics,North,Online,4,"? 22,665.00","? 90,660.00",Credit Card,C00330
T002642,14-12-2025,Monitor,Electronics,East,Online,2,"? 19,644.00","? 39,288.00",Credit Card,C00805
T002643,12-10-2025,Webcam,Accessories,East,Offline,4,"? 7,852.00","? 31,408.00",Cash,C01670
T002644,26-09-2025,Printer,Electronics,South,Offline,1,"? 17,826.00","? 17,826.00",Credit Card,C00149
T002645,15-09-2025,Camera,Electronics,South,Offline,3,"? 77,631.00","? 2,32,893.00",Net Banking,C01325
T002646,29-01-2025,Tablet,Electronics,East,Online,3,"? 49,047.00","? 1,47,141.00",Net Banking,C00133
T002647,01-08-2025,Monitor,Electronics,North,Online,5,"? 26,589.00","? 1,32,945.00",UPI,C02307
T002648,10-10-2025,Laptop,Electronics,East,Online,4,"? 81,513.00","? 3,26,052.00",UPI,C01300
T002649,19-02-2025,Monitor,Electronics,West,Offline,5,"? 10,967.00","? 54,835.00",UPI,C02195
T002650,05-04-2025,Router,Networking,West,Offline,5,"? 5,750.00","? 28,750.00",Cash,C00842
T002651,29-03-2025,Mouse,Accessories,North,Offline,4,? 619.00,"? 2,476.00",UPI,C00825
T002652,13-02-2025,Router,Networking,East,Offline,3,"? 2,982.00","? 8,946.00",UPI,C01690
T002653,05-10-2025,Webcam,Accessories,East,Offline,4,"? 4,738.00","? 18,952.00",UPI,C01862
T002654,20-06-2025,Monitor,Electronics,West,Offline,1,"? 16,513.00","? 16,513.00",Credit Card,C00496
T002655,08-07-2025,Laptop,Electronics,East,Online,5,"? 52,738.00","? 2,63,690.00",Cash,C00602
T002656,19-12-2025,Keyboard,Accessories,North,Offline,5,"? 2,536.00","? 12,680.00",Cash,C00944
T002657,03-07-2025,Mouse,Accessories,North,Offline,4,"? 2,959.00","? 11,836.00",UPI,C01440
T002658,03-01-2025,Gaming Chair,Furniture,South,Online,5,"? 9,568.00","? 47,840.00",Cash,C00131
T002659,10-07-2025,Speaker,Accessories,North,Online,3,"? 12,014.00","? 36,042.00",Cash,C00723
T002660,28-04-2025,Smartwatch,Accessories,East,Online,5,"? 16,047.00","? 80,235.00",UPI,C01252
T002661,19-01-2025,Gaming Chair,Furniture,East,Offline,4,"? 12,720.00","? 50,880.00",Cash,C00765
T002662,23-01-2025,Smartwatch,Accessories,West,Offline,3,"? 9,957.00","? 29,871.00",Credit Card,C01118
T002663,30-01-2025,Mouse,Accessories,West,Online,3,? 752.00,"? 2,256.00",Net Banking,C00572
T002664,22-10-2025,Webcam,Accessories,North,Offline,5,"? 8,025.00","? 40,125.00",Credit Card,C00098
T002665,18-04-2025,Speaker,Accessories,South,Online,4,"? 9,435.00","? 37,740.00",Credit Card,C01617
T002666,08-10-2025,Webcam,Accessories,East,Offline,5,"? 9,721.00","? 48,605.00",Credit Card,C00554
T002667,08-05-2025,Tablet,Electronics,South,Offline,1,"? 33,898.00","? 33,898.00",Credit Card,C01687
T002668,17-08-2025,Keyboard,Accessories,East,Offline,1,"? 3,240.00","? 3,240.00",Cash,C00425
T002669,21-04-2025,Mouse,Accessories,North,Online,3,? 894.00,"? 2,682.00",UPI,C01617
T002670,16-05-2025,Laptop,Electronics,North,Offline,5,"? 79,059.00","? 3,95,295.00",Cash,C01769
T002671,28-12-2025,Power Bank,Accessories,West,Online,1,"? 1,672.00","? 1,672.00",Credit Card,C02222
T002672,05-07-2025,Smartphone,Electronics,South,Online,2,"? 32,218.00","? 64,436.00",Credit Card,C00785
T002673,24-05-2025,Power Bank,Accessories,West,Online,1,"? 4,124.00","? 4,124.00",Cash,C01649
T002674,13-03-2025,Headphones,Accessories,North,Offline,5,"? 1,629.00","? 8,145.00",UPI,C00763
T002675,09-05-2025,Router,Networking,South,Offline,5,"? 4,486.00","? 22,430.00",Cash,C01551
T002676,30-12-2025,Monitor,Electronics,East,Offline,1,"? 32,605.00","? 32,605.00",Credit Card,C01910
T002677,18-09-2025,Speaker,Accessories,West,Offline,5,"? 9,579.00","? 47,895.00",Credit Card,C00953
T002678,03-01-2025,Router,Networking,North,Online,5,"? 5,282.00","? 26,410.00",Credit Card,C01193
T002679,14-04-2025,Gaming Chair,Furniture,East,Online,2,"? 14,485.00","? 28,970.00",Credit Card,C00585
T002680,12-08-2025,Camera,Electronics,North,Online,3,"? 31,772.00","? 95,316.00",UPI,C00782
T002681,16-11-2025,Keyboard,Accessories,East,Online,5,"? 2,660.00","? 13,300.00",Cash,C00776
T002682,28-12-2025,Laptop,Electronics,West,Offline,4,"? 62,531.00","? 2,50,124.00",Credit Card,C02027
T002683,20-12-2025,Camera,Electronics,East,Offline,3,"? 77,564.00","? 2,32,692.00",Cash,C00430
T002684,10-01-2025,Smartwatch,Accessories,South,Online,3,"? 7,867.00","? 23,601.00",Cash,C02180
T002685,29-10-2025,Mouse,Accessories,East,Offline,4,"? 1,743.00","? 6,972.00",Cash,C00953
T002686,19-08-2025,Webcam,Accessories,North,Online,1,"? 8,016.00","? 8,016.00",Credit Card,C01198
T002687,07-08-2025,Router,Networking,East,Online,2,"? 6,126.00","? 12,252.00",UPI,C02435
T002688,07-03-2025,Keyboard,Accessories,West,Online,5,"? 2,962.00","? 14,810.00",UPI,C01165
T002689,22-04-2025,Router,Networking,North,Offline,1,"? 3,914.00","? 3,914.00",Cash,C00614
T002690,13-01-2025,Router,Networking,North,Offline,4,"? 3,661.00","? 14,644.00",Cash,C00372
T002691,27-03-2025,Power Bank,Accessories,North,Online,2,"? 4,920.00","? 9,840.00",Credit Card,C00287
T002692,22-08-2025,Printer,Electronics,North,Online,2,"? 11,240.00","? 22,480.00",UPI,C01233
T002693,31-03-2025,Monitor,Electronics,South,Online,2,"? 22,053.00","? 44,106.00",UPI,C01598
T002694,10-11-2025,Webcam,Accessories,North,Online,4,"? 6,622.00","? 26,488.00",Credit Card,C00942
T002695,23-02-2025,Headphones,Accessories,North,Offline,1,"? 5,993.00","? 5,993.00",Cash,C02200
T002696,12-01-2025,Router,Networking,North,Online,5,"? 2,272.00","? 11,360.00",Net Banking,C00577
T002697,28-07-2025,Speaker,Accessories,West,Offline,2,"? 3,992.00","? 7,984.00",Cash,C02269
T002698,14-01-2025,Power Bank,Accessories,West,Online,2,? 819.00,"? 1,638.00",Cash,C00858
T002699,01-05-2025,Smartwatch,Accessories,North,Online,1,"? 15,515.00","? 15,515.00",UPI,C01324
T002700,20-01-2025,Mouse,Accessories,South,Online,2,"? 1,205.00","? 2,410.00",Credit Card,C01379
T002701,16-03-2025,Monitor,Electronics,East,Online,2,"? 24,335.00","? 48,670.00",Cash,C01587
T002702,31-08-2025,Smartwatch,Accessories,South,Offline,4,"? 4,175.00","? 16,700.00",UPI,C00856
T002703,11-08-2025,Printer,Electronics,North,Online,3,"? 8,405.00","? 25,215.00",Net Banking,C01825
T002704,11-03-2025,Gaming Chair,Furniture,North,Online,1,"? 27,747.00","? 27,747.00",UPI,C01216
T002705,08-11-2025,Camera,Electronics,South,Offline,1,"? 27,341.00","? 27,341.00",Cash,C01703
T002706,30-07-2025,Power Bank,Accessories,North,Offline,1,"? 4,226.00","? 4,226.00",UPI,C01268
T002707,11-04-2025,Headphones,Accessories,East,Offline,4,"? 10,072.00","? 40,288.00",Net Banking,C00767
T002708,05-07-2025,Headphones,Accessories,West,Online,4,"? 10,525.00","? 42,100.00",Cash,C02106
T002709,12-05-2025,Router,Networking,East,Online,5,"? 3,184.00","? 15,920.00",Credit Card,C01050
T002710,21-04-2025,Monitor,Electronics,East,Offline,4,"? 19,156.00","? 76,624.00",Net Banking,C00486
T002711,12-05-2025,Laptop,Electronics,East,Offline,1,"? 65,963.00","? 65,963.00",Credit Card,C01141
T002712,20-01-2025,Monitor,Electronics,South,Online,5,"? 25,989.00","? 1,29,945.00",Credit Card,C02290
T002713,24-01-2025,Smartwatch,Accessories,South,Online,3,"? 17,779.00","? 53,337.00",Cash,C00843
T002714,15-08-2025,Router,Networking,East,Online,2,"? 3,542.00","? 7,084.00",Cash,C01117
T002715,03-06-2025,Gaming Chair,Furniture,South,Online,2,"? 8,778.00","? 17,556.00",UPI,C00221
T002716,20-10-2025,Speaker,Accessories,North,Online,5,"? 4,659.00","? 23,295.00",Cash,C00713
T002717,18-08-2025,Laptop,Electronics,West,Online,3,"? 56,395.00","? 1,69,185.00",Credit Card,C00227
T002718,06-11-2025,Headphones,Accessories,South,Online,2,"? 2,746.00","? 5,492.00",UPI,C01606
T002719,25-12-2025,Smartphone,Electronics,South,Online,5,"? 20,974.00","? 1,04,870.00",UPI,C00767
T002720,21-07-2025,Headphones,Accessories,East,Online,4,"? 6,150.00","? 24,600.00",UPI,C00776
T002721,07-02-2025,Monitor,Electronics,West,Online,1,"? 20,132.00","? 20,132.00",Cash,C01150
T002722,17-09-2025,Smartwatch,Accessories,North,Online,3,"? 18,804.00","? 56,412.00",Credit Card,C02338
T002723,07-07-2025,Laptop,Electronics,North,Offline,2,"? 92,811.00","? 1,85,622.00",UPI,C01496
T002724,26-02-2025,Mouse,Accessories,West,Online,1,"? 2,508.00","? 2,508.00",Credit Card,C00752
T002725,20-01-2025,Laptop,Electronics,North,Offline,5,"? 87,442.00","? 4,37,210.00",Credit Card,C00522
T002726,30-09-2025,Printer,Electronics,West,Offline,2,"? 27,729.00","? 55,458.00",UPI,C01748
T002727,29-04-2025,Tablet,Electronics,East,Online,1,"? 46,764.00","? 46,764.00",Cash,C00908
T002728,12-03-2025,Power Bank,Accessories,North,Online,4,"? 2,158.00","? 8,632.00",Cash,C01695
T002729,04-01-2025,Tablet,Electronics,North,Online,3,"? 45,394.00","? 1,36,182.00",UPI,C00262
T002730,09-08-2025,Webcam,Accessories,West,Offline,5,"? 1,990.00","? 9,950.00",Cash,C02158
T002731,14-01-2025,Webcam,Accessories,North,Online,2,"? 7,432.00","? 14,864.00",Credit Card,C01799
T002732,03-01-2025,Keyboard,Accessories,South,Online,4,"? 2,781.00","? 11,124.00",Credit Card,C00501
T002733,04-08-2025,Camera,Electronics,East,Offline,3,"? 50,931.00","? 1,52,793.00",Credit Card,C02061
T002734,17-08-2025,Keyboard,Accessories,North,Offline,3,"? 4,071.00","? 12,213.00",Net Banking,C00063
T002735,02-12-2025,Router,Networking,North,Online,4,"? 6,992.00","? 27,968.00",UPI,C01377
T002736,05-07-2025,Speaker,Accessories,North,Offline,2,"? 11,864.00","? 23,728.00",Cash,C02388
T002737,24-02-2025,Speaker,Accessories,West,Online,3,"? 12,866.00","? 38,598.00",Credit Card,C01043
T002738,11-09-2025,Keyboard,Accessories,East,Offline,5,"? 4,764.00","? 23,820.00",Credit Card,C00742
T002739,24-01-2025,Router,Networking,East,Online,1,"? 7,337.00","? 7,337.00",UPI,C02136
T002740,11-06-2025,Laptop,Electronics,North,Offline,5,"? 81,863.00","? 4,09,315.00",Net Banking,C00581
T002741,07-06-2025,Smartwatch,Accessories,North,Online,3,"? 17,906.00","? 53,718.00",Credit Card,C01174
T002742,23-03-2025,Power Bank,Accessories,West,Online,1,"? 4,629.00","? 4,629.00",Net Banking,C01852
T002743,08-06-2025,Keyboard,Accessories,East,Online,4,"? 2,649.00","? 10,596.00",Cash,C01814
T002744,07-07-2025,Monitor,Electronics,South,Offline,1,"? 11,380.00","? 11,380.00",Credit Card,C02140
T002745,01-03-2025,Router,Networking,North,Online,1,"? 7,189.00","? 7,189.00",Credit Card,C02193
T002746,01-11-2025,Laptop,Electronics,South,Online,1,"? 91,371.00","? 91,371.00",UPI,C01887
T002747,15-11-2025,Smartwatch,Accessories,South,Online,3,"? 9,473.00","? 28,419.00",Cash,C02223
T002748,30-07-2025,Tablet,Electronics,East,Online,2,"? 11,676.00","? 23,352.00",UPI,C01982
T002749,01-06-2025,Smartphone,Electronics,South,Offline,3,"? 55,558.00","? 1,66,674.00",Credit Card,C00703
T002750,19-04-2025,Speaker,Accessories,North,Offline,2,"? 6,782.00","? 13,564.00",UPI,C02183
T002751,17-03-2025,Monitor,Electronics,North,Offline,4,"? 34,222.00","? 1,36,888.00",Credit Card,C00541
T002752,30-01-2025,Mouse,Accessories,West,Offline,4,"? 1,488.00","? 5,952.00",Credit Card,C00237
T002753,10-11-2025,Camera,Electronics,East,Online,4,"? 85,129.00","? 3,40,516.00",Credit Card,C01736
T002754,27-04-2025,Mouse,Accessories,East,Online,4,"? 1,639.00","? 6,556.00",UPI,C01654
T002755,22-12-2025,Smartwatch,Accessories,South,Online,4,"? 2,602.00","? 10,408.00",UPI,C01616
T002756,11-07-2025,Power Bank,Accessories,North,Offline,5,"? 2,737.00","? 13,685.00",Credit Card,C01611
T002757,19-01-2025,Router,Networking,North,Offline,3,"? 1,525.00","? 4,575.00",Cash,C01723
T002758,22-06-2025,Printer,Electronics,West,Online,2,"? 12,812.00","? 25,624.00",UPI,C01065
T002759,16-08-2025,Smartwatch,Accessories,South,Online,4,"? 3,067.00","? 12,268.00",Credit Card,C02294
T002760,16-12-2025,Smartphone,Electronics,North,Online,5,"? 28,401.00","? 1,42,005.00",Net Banking,C00828
T002761,02-07-2025,Tablet,Electronics,East,Online,5,"? 48,020.00","? 2,40,100.00",Net Banking,C00965
T002762,23-04-2025,Headphones,Accessories,West,Offline,5,"? 6,863.00","? 34,315.00",UPI,C02026
T002763,02-07-2025,Webcam,Accessories,East,Online,3,"? 1,879.00","? 5,637.00",UPI,C00624
T002764,26-05-2025,Smartwatch,Accessories,West,Offline,4,"? 7,196.00","? 28,784.00",UPI,C02252
T002765,15-11-2025,Router,Networking,East,Offline,5,"? 3,756.00","? 18,780.00",Credit Card,C01497
T002766,26-04-2025,Tablet,Electronics,South,Offline,5,"? 31,516.00","? 1,57,580.00",Cash,C02106
T002767,23-04-2025,Power Bank,Accessories,North,Offline,4,"? 4,727.00","? 18,908.00",Credit Card,C02096
T002768,08-09-2025,Gaming Chair,Furniture,East,Online,3,"? 28,504.00","? 85,512.00",Net Banking,C01114
T002769,08-09-2025,Mouse,Accessories,South,Offline,5,? 945.00,"? 4,725.00",UPI,C01547
T002770,30-10-2025,Smartwatch,Accessories,East,Online,2,"? 7,259.00","? 14,518.00",Credit Card,C01592
T002771,09-11-2025,Smartwatch,Accessories,South,Offline,1,"? 13,633.00","? 13,633.00",Cash,C00791
T002772,28-04-2025,Keyboard,Accessories,West,Online,1,"? 2,969.00","? 2,969.00",Cash,C00180
T002773,28-10-2025,Mouse,Accessories,South,Online,1,"? 1,552.00","? 1,552.00",UPI,C01140
T002774,10-06-2025,Camera,Electronics,East,Online,3,"? 88,923.00","? 2,66,769.00",Cash,C00028
T002775,17-07-2025,Camera,Electronics,North,Online,5,"? 41,826.00","? 2,09,130.00",UPI,C01139
T002776,17-09-2025,Monitor,Electronics,West,Offline,1,"? 29,936.00","? 29,936.00",Credit Card,C00220
T002777,28-05-2025,Printer,Electronics,West,Offline,1,"? 20,553.00","? 20,553.00",UPI,C01779
T002778,28-08-2025,Speaker,Accessories,South,Online,4,"? 11,562.00","? 46,248.00",Credit Card,C02442
T002779,16-02-2025,Headphones,Accessories,East,Online,5,"? 5,013.00","? 25,065.00",Credit Card,C02039
T002780,17-07-2025,Smartwatch,Accessories,South,Offline,5,"? 8,959.00","? 44,795.00",UPI,C01801
T002781,16-02-2025,Webcam,Accessories,West,Online,4,"? 7,790.00","? 31,160.00",UPI,C01810
T002782,19-03-2025,Smartwatch,Accessories,North,Offline,5,"? 11,559.00","? 57,795.00",Net Banking,C00706
T002783,04-05-2025,Monitor,Electronics,South,Online,2,"? 34,104.00","? 68,208.00",UPI,C00594
T002784,16-03-2025,Printer,Electronics,East,Offline,3,"? 6,551.00","? 19,653.00",Cash,C01704
T002785,25-12-2025,Mouse,Accessories,South,Offline,4,? 533.00,"? 2,132.00",Net Banking,C02114
T002786,17-05-2025,Webcam,Accessories,South,Online,1,"? 8,107.00","? 8,107.00",UPI,C00272
T002787,31-03-2025,Smartwatch,Accessories,South,Online,5,"? 13,103.00","? 65,515.00",Cash,C01073
T002788,21-11-2025,Tablet,Electronics,North,Offline,2,"? 39,858.00","? 79,716.00",Cash,C01378
T002789,02-03-2025,Laptop,Electronics,East,Offline,2,"? 89,367.00","? 1,78,734.00",Net Banking,C02042
T002790,18-05-2025,Speaker,Accessories,East,Offline,3,"? 14,872.00","? 44,616.00",UPI,C00936
T002791,19-02-2025,Printer,Electronics,West,Online,2,"? 11,124.00","? 22,248.00",UPI,C02360
T002792,16-09-2025,Smartwatch,Accessories,West,Online,5,"? 3,060.00","? 15,300.00",Credit Card,C01378
T002793,17-04-2025,Printer,Electronics,South,Online,5,"? 29,768.00","? 1,48,840.00",UPI,C01968
T002794,23-04-2025,Camera,Electronics,West,Online,2,"? 38,570.00","? 77,140.00",Credit Card,C01061
T002795,16-12-2025,Webcam,Accessories,East,Offline,5,"? 4,165.00","? 20,825.00",Credit Card,C00908
T002796,11-09-2025,Power Bank,Accessories,South,Online,5,"? 3,970.00","? 19,850.00",UPI,C00719
T002797,28-04-2025,Router,Networking,West,Offline,1,"? 4,227.00","? 4,227.00",UPI,C01759
T002798,17-07-2025,Gaming Chair,Furniture,North,Offline,4,"? 27,030.00","? 1,08,120.00",Cash,C02402
T002799,03-12-2025,Headphones,Accessories,West,Offline,5,"? 1,595.00","? 7,975.00",Cash,C01568
T002800,31-12-2025,Smartwatch,Accessories,North,Online,5,"? 17,583.00","? 87,915.00",Credit Card,C00364
T002801,20-02-2025,Headphones,Accessories,West,Online,3,"? 5,106.00","? 15,318.00",Credit Card,C01687
T002802,02-09-2025,Smartphone,Electronics,East,Offline,4,"? 69,969.00","? 2,79,876.00",Cash,C00586
T002803,04-02-2025,Power Bank,Accessories,West,Online,4,"? 4,221.00","? 16,884.00",Credit Card,C01301
T002804,29-10-2025,Laptop,Electronics,North,Offline,4,"? 66,303.00","? 2,65,212.00",Cash,C00203
T002805,10-03-2025,Monitor,Electronics,North,Offline,2,"? 10,278.00","? 20,556.00",UPI,C01932
T002806,15-12-2025,Headphones,Accessories,West,Online,1,"? 2,164.00","? 2,164.00",Credit Card,C00615
T002807,16-11-2025,Smartwatch,Accessories,South,Online,1,"? 19,001.00","? 19,001.00",Credit Card,C00175
T002808,18-02-2025,Keyboard,Accessories,North,Online,3,"? 4,844.00","? 14,532.00",Net Banking,C01235
T002809,15-03-2025,Gaming Chair,Furniture,East,Offline,4,"? 8,450.00","? 33,800.00",UPI,C01277
T002810,11-07-2025,Monitor,Electronics,West,Online,4,"? 17,990.00","? 71,960.00",Credit Card,C01378
T002811,18-09-2025,Speaker,Accessories,North,Offline,5,"? 14,278.00","? 71,390.00",Credit Card,C01890
T002812,22-12-2025,Monitor,Electronics,West,Offline,2,"? 15,372.00","? 30,744.00",UPI,C01178
T002813,11-03-2025,Mouse,Accessories,West,Online,2,"? 2,292.00","? 4,584.00",Cash,C01320
T002814,31-03-2025,Headphones,Accessories,South,Offline,3,"? 6,528.00","? 19,584.00",UPI,C00952
T002815,17-09-2025,Keyboard,Accessories,West,Offline,1,"? 3,154.00","? 3,154.00",Cash,C01565
T002816,06-05-2025,Headphones,Accessories,West,Offline,4,"? 11,414.00","? 45,656.00",Net Banking,C02413
T002817,19-08-2025,Webcam,Accessories,West,Online,3,"? 5,308.00","? 15,924.00",UPI,C00934
T002818,22-10-2025,Gaming Chair,Furniture,East,Online,2,"? 17,476.00","? 34,952.00",Credit Card,C01700
T002819,09-05-2025,Mouse,Accessories,West,Online,2,"? 2,927.00","? 5,854.00",Cash,C00266
T002820,07-10-2025,Power Bank,Accessories,East,Online,2,"? 2,557.00","? 5,114.00",UPI,C02223
T002821,09-11-2025,Router,Networking,West,Online,4,"? 1,722.00","? 6,888.00",Credit Card,C00508
T002822,10-04-2025,Power Bank,Accessories,South,Offline,4,"? 1,700.00","? 6,800.00",Credit Card,C01652
T002823,22-11-2025,Webcam,Accessories,South,Online,4,"? 3,865.00","? 15,460.00",Credit Card,C01388
T002824,24-10-2025,Router,Networking,North,Offline,5,"? 5,980.00","? 29,900.00",Cash,C00251
T002825,01-07-2025,Router,Networking,West,Offline,1,"? 3,109.00","? 3,109.00",UPI,C00486
T002826,23-06-2025,Speaker,Accessories,South,Online,2,"? 14,413.00","? 28,826.00",Credit Card,C00197
T002827,12-11-2025,Gaming Chair,Furniture,South,Online,2,"? 9,223.00","? 18,446.00",UPI,C01299
T002828,30-12-2025,Laptop,Electronics,West,Offline,5,"? 51,907.00","? 2,59,535.00",UPI,C01390
T002829,07-07-2025,Smartwatch,Accessories,North,Online,2,"? 16,978.00","? 33,956.00",Net Banking,C01688
T002830,26-02-2025,Webcam,Accessories,East,Online,2,"? 7,310.00","? 14,620.00",UPI,C02303
T002831,31-01-2025,Gaming Chair,Furniture,South,Offline,4,"? 20,161.00","? 80,644.00",Net Banking,C01110
T002832,25-03-2025,Camera,Electronics,South,Online,4,"? 75,600.00","? 3,02,400.00",Net Banking,C02229
T002833,01-06-2025,Power Bank,Accessories,East,Offline,1,"? 2,068.00","? 2,068.00",Cash,C02197
T002834,05-02-2025,Webcam,Accessories,South,Online,2,"? 6,437.00","? 12,874.00",Cash,C01362
T002835,01-08-2025,Camera,Electronics,East,Online,3,"? 37,615.00","? 1,12,845.00",Credit Card,C01073
T002836,30-12-2025,Webcam,Accessories,East,Online,2,"? 2,237.00","? 4,474.00",Cash,C01945
T002837,16-04-2025,Headphones,Accessories,North,Offline,2,"? 5,436.00","? 10,872.00",Credit Card,C01063
T002838,08-12-2025,Speaker,Accessories,East,Offline,1,"? 4,479.00","? 4,479.00",UPI,C00555
T002839,08-08-2025,Mouse,Accessories,East,Online,3,"? 2,351.00","? 7,053.00",Credit Card,C01230
T002840,12-06-2025,Router,Networking,East,Online,2,"? 3,281.00","? 6,562.00",Credit Card,C00226
T002841,08-08-2025,Printer,Electronics,East,Online,3,"? 22,913.00","? 68,739.00",Credit Card,C02486
T002842,27-09-2025,Smartwatch,Accessories,South,Online,4,"? 14,321.00","? 57,284.00",Net Banking,C02080
T002843,30-04-2025,Headphones,Accessories,East,Online,4,"? 8,141.00","? 32,564.00",Credit Card,C01457
T002844,02-12-2025,Webcam,Accessories,South,Online,3,"? 5,918.00","? 17,754.00",Net Banking,C00002
T002845,01-07-2025,Printer,Electronics,West,Online,2,"? 15,396.00","? 30,792.00",Credit Card,C01535
T002846,16-04-2025,Smartwatch,Accessories,West,Online,3,"? 3,986.00","? 11,958.00",UPI,C00303
T002847,05-08-2025,Printer,Electronics,East,Offline,3,"? 6,346.00","? 19,038.00",Cash,C00487
T002848,24-07-2025,Monitor,Electronics,North,Offline,4,"? 13,825.00","? 55,300.00",Cash,C01559
T002849,11-03-2025,Headphones,Accessories,North,Offline,3,"? 2,215.00","? 6,645.00",Net Banking,C00390
T002850,13-02-2025,Speaker,Accessories,South,Offline,5,"? 12,460.00","? 62,300.00",Credit Card,C01321
T002851,25-11-2025,Speaker,Accessories,South,Online,5,"? 9,545.00","? 47,725.00",Credit Card,C02037
T002852,28-10-2025,Mouse,Accessories,West,Online,4,"? 2,102.00","? 8,408.00",UPI,C00990
T002853,16-08-2025,Smartwatch,Accessories,South,Offline,2,"? 2,244.00","? 4,488.00",UPI,C01249
T002854,03-07-2025,Camera,Electronics,North,Offline,2,"? 66,887.00","? 1,33,774.00",Net Banking,C00740
T002855,17-04-2025,Headphones,Accessories,West,Online,4,"? 8,058.00","? 32,232.00",UPI,C00503
T002856,25-03-2025,Smartwatch,Accessories,East,Online,2,"? 13,243.00","? 26,486.00",UPI,C01586
T002857,04-12-2025,Smartwatch,Accessories,South,Offline,1,"? 2,132.00","? 2,132.00",Cash,C02379
T002858,07-09-2025,Speaker,Accessories,East,Offline,5,"? 2,870.00","? 14,350.00",UPI,C00392
T002859,29-12-2025,Webcam,Accessories,South,Offline,1,"? 2,587.00","? 2,587.00",UPI,C01736
T002860,21-01-2025,Printer,Electronics,North,Offline,1,"? 15,839.00","? 15,839.00",Credit Card,C02499
T002861,15-07-2025,Power Bank,Accessories,South,Online,1,"? 2,691.00","? 2,691.00",UPI,C00283
T002862,27-06-2025,Printer,Electronics,North,Online,4,"? 19,415.00","? 77,660.00",Credit Card,C02413
T002863,07-01-2025,Keyboard,Accessories,North,Offline,1,"? 4,702.00","? 4,702.00",Cash,C00189
T002864,11-03-2025,Gaming Chair,Furniture,East,Online,3,"? 18,452.00","? 55,356.00",Credit Card,C00125
T002865,07-05-2025,Headphones,Accessories,South,Online,2,"? 9,310.00","? 18,620.00",Cash,C01815
T002866,09-06-2025,Webcam,Accessories,East,Offline,4,"? 4,403.00","? 17,612.00",UPI,C00940
T002867,05-09-2025,Smartphone,Electronics,North,Online,3,"? 38,206.00","? 1,14,618.00",Credit Card,C00487
T002868,22-07-2025,Gaming Chair,Furniture,North,Online,3,"? 8,894.00","? 26,682.00",Credit Card,C00936
T002869,28-05-2025,Tablet,Electronics,North,Online,5,"? 11,265.00","? 56,325.00",Credit Card,C01823
T002870,23-05-2025,Smartphone,Electronics,North,Online,5,"? 37,807.00","? 1,89,035.00",Credit Card,C01980
T002871,18-07-2025,Smartwatch,Accessories,West,Offline,3,"? 18,746.00","? 56,238.00",Credit Card,C00408
T002872,03-06-2025,Keyboard,Accessories,North,Online,5,"? 2,473.00","? 12,365.00",UPI,C01342
T002873,22-05-2025,Speaker,Accessories,South,Online,2,"? 10,005.00","? 20,010.00",Cash,C00808
T002874,09-11-2025,Smartwatch,Accessories,North,Online,2,"? 9,334.00","? 18,668.00",Cash,C00358
T002875,14-06-2025,Smartphone,Electronics,West,Online,5,"? 43,041.00","? 2,15,205.00",UPI,C00273
T002876,10-11-2025,Power Bank,Accessories,South,Online,1,"? 2,589.00","? 2,589.00",UPI,C01036
T002877,21-01-2025,Smartwatch,Accessories,West,Online,3,"? 4,393.00","? 13,179.00",Credit Card,C01167
T002878,23-03-2025,Printer,Electronics,West,Offline,2,"? 17,802.00","? 35,604.00",Net Banking,C01191
T002879,10-03-2025,Headphones,Accessories,South,Offline,5,"? 9,126.00","? 45,630.00",Net Banking,C00269
T002880,11-05-2025,Power Bank,Accessories,West,Online,5,"? 4,494.00","? 22,470.00",Credit Card,C02142
T002881,28-03-2025,Camera,Electronics,North,Online,2,"? 79,624.00","? 1,59,248.00",UPI,C02154
T002882,06-08-2025,Smartphone,Electronics,East,Online,2,"? 65,141.00","? 1,30,282.00",Credit Card,C01811
T002883,01-11-2025,Tablet,Electronics,East,Offline,1,"? 24,911.00","? 24,911.00",Credit Card,C01737
T002884,11-12-2025,Tablet,Electronics,East,Online,5,"? 30,064.00","? 1,50,320.00",Credit Card,C01337
T002885,07-12-2025,Printer,Electronics,South,Online,5,"? 16,655.00","? 83,275.00",UPI,C01628
T002886,10-06-2025,Headphones,Accessories,South,Online,4,"? 10,096.00","? 40,384.00",UPI,C00236
T002887,27-06-2025,Webcam,Accessories,South,Offline,1,"? 7,910.00","? 7,910.00",Cash,C00060
T002888,27-04-2025,Laptop,Electronics,East,Offline,2,"? 86,165.00","? 1,72,330.00",Cash,C00696
T002889,15-07-2025,Laptop,Electronics,East,Offline,2,"? 70,381.00","? 1,40,762.00",Cash,C01433
T002890,23-11-2025,Webcam,Accessories,South,Online,3,"? 2,410.00","? 7,230.00",Cash,C01384
T002891,27-03-2025,Mouse,Accessories,East,Online,2,"? 2,890.00","? 5,780.00",Net Banking,C00948
T002892,16-10-2025,Mouse,Accessories,West,Online,5,"? 2,285.00","? 11,425.00",UPI,C02135
T002893,22-03-2025,Smartphone,Electronics,West,Offline,2,"? 41,321.00","? 82,642.00",Cash,C00748
T002894,01-06-2025,Printer,Electronics,East,Online,5,"? 24,507.00","? 1,22,535.00",Cash,C01478
T002895,02-03-2025,Printer,Electronics,South,Online,5,"? 24,235.00","? 1,21,175.00",Net Banking,C00377
T002896,02-03-2025,Smartwatch,Accessories,North,Online,1,"? 16,915.00","? 16,915.00",UPI,C00387
T002897,20-12-2025,Webcam,Accessories,North,Offline,2,"? 7,956.00","? 15,912.00",Credit Card,C01869
T002898,28-01-2025,Webcam,Accessories,East,Online,1,"? 3,115.00","? 3,115.00",Cash,C00063
T002899,12-02-2025,Tablet,Electronics,North,Online,5,"? 20,582.00","? 1,02,910.00",Credit Card,C00230
T002900,18-06-2025,Tablet,Electronics,South,Offline,2,"? 37,338.00","? 74,676.00",Net Banking,C02423
T002901,27-03-2025,Power Bank,Accessories,West,Online,2,"? 2,005.00","? 4,010.00",Cash,C02286
T002902,26-06-2025,Tablet,Electronics,West,Online,1,"? 46,794.00","? 46,794.00",Credit Card,C02295
T002903,17-01-2025,Keyboard,Accessories,South,Online,1,"? 3,379.00","? 3,379.00",Cash,C00386
T002904,08-04-2025,Headphones,Accessories,North,Offline,5,"? 3,446.00","? 17,230.00",Cash,C01062
T002905,17-07-2025,Monitor,Electronics,East,Online,5,"? 11,312.00","? 56,560.00",UPI,C00519
T002906,08-04-2025,Webcam,Accessories,West,Online,2,"? 9,514.00","? 19,028.00",Credit Card,C02408
T002907,06-03-2025,Router,Networking,North,Offline,2,"? 6,519.00","? 13,038.00",Credit Card,C01101
T002908,26-11-2025,Speaker,Accessories,North,Online,4,"? 14,079.00","? 56,316.00",Credit Card,C01467
T002909,07-12-2025,Router,Networking,West,Offline,4,"? 3,601.00","? 14,404.00",Credit Card,C01793
T002910,05-01-2025,Speaker,Accessories,West,Offline,3,"? 4,716.00","? 14,148.00",Cash,C00037
T002911,02-01-2025,Speaker,Accessories,East,Online,5,"? 6,975.00","? 34,875.00",UPI,C00409
T002912,22-01-2025,Smartwatch,Accessories,South,Online,3,"? 13,222.00","? 39,666.00",Credit Card,C00844
T002913,22-04-2025,Laptop,Electronics,North,Offline,3,"? 68,908.00","? 2,06,724.00",Credit Card,C01487
T002914,26-02-2025,Printer,Electronics,East,Offline,1,"? 29,882.00","? 29,882.00",UPI,C00554
T002915,07-03-2025,Laptop,Electronics,West,Offline,1,"? 63,603.00","? 63,603.00",Net Banking,C02097
T002916,26-11-2025,Keyboard,Accessories,South,Online,4,"? 4,007.00","? 16,028.00",Cash,C01838
T002917,08-04-2025,Laptop,Electronics,South,Offline,3,"? 63,340.00","? 1,90,020.00",Credit Card,C00246
T002918,24-05-2025,Tablet,Electronics,North,Online,4,"? 28,345.00","? 1,13,380.00",UPI,C00002
T002919,05-05-2025,Webcam,Accessories,South,Online,5,"? 7,803.00","? 39,015.00",Credit Card,C01015
T002920,16-06-2025,Camera,Electronics,West,Offline,2,"? 49,581.00","? 99,162.00",Net Banking,C01924
T002921,27-03-2025,Smartwatch,Accessories,West,Offline,1,"? 6,625.00","? 6,625.00",Net Banking,C02110
T002922,17-03-2025,Webcam,Accessories,West,Online,5,"? 9,792.00","? 48,960.00",Cash,C00880
T002923,10-12-2025,Camera,Electronics,East,Offline,5,"? 23,448.00","? 1,17,240.00",Credit Card,C01872
T002924,21-10-2025,Mouse,Accessories,West,Online,1,"? 2,790.00","? 2,790.00",Credit Card,C00342
T002925,28-02-2025,Gaming Chair,Furniture,East,Online,1,"? 14,047.00","? 14,047.00",Net Banking,C02115
T002926,18-05-2025,Camera,Electronics,West,Offline,3,"? 46,477.00","? 1,39,431.00",UPI,C01402
T002927,09-04-2025,Monitor,Electronics,West,Online,4,"? 29,058.00","? 1,16,232.00",Cash,C00726
T002928,11-07-2025,Power Bank,Accessories,South,Offline,5,"? 2,014.00","? 10,070.00",Credit Card,C01972
T002929,31-08-2025,Printer,Electronics,North,Offline,3,"? 29,990.00","? 89,970.00",UPI,C00057
T002930,15-11-2025,Keyboard,Accessories,West,Online,3,"? 4,326.00","? 12,978.00",Net Banking,C01310
T002931,18-02-2025,Webcam,Accessories,South,Offline,5,"? 9,375.00","? 46,875.00",UPI,C01480
T002932,01-02-2025,Speaker,Accessories,South,Online,5,"? 7,768.00","? 38,840.00",Credit Card,C01747
T002933,04-10-2025,Printer,Electronics,North,Online,2,"? 19,919.00","? 39,838.00",Cash,C00193
T002934,20-01-2025,Monitor,Electronics,South,Offline,4,"? 23,225.00","? 92,900.00",Credit Card,C01936
T002935,03-06-2025,Printer,Electronics,South,Offline,5,"? 29,196.00","? 1,45,980.00",Net Banking,C01146
T002936,09-03-2025,Camera,Electronics,North,Online,1,"? 45,078.00","? 45,078.00",Cash,C01896
T002937,02-08-2025,Headphones,Accessories,East,Online,2,"? 1,172.00","? 2,344.00",UPI,C02151
T002938,23-05-2025,Printer,Electronics,North,Online,4,"? 23,270.00","? 93,080.00",Credit Card,C00667
T002939,20-08-2025,Webcam,Accessories,North,Online,1,"? 7,763.00","? 7,763.00",Credit Card,C00586
T002940,01-08-2025,Mouse,Accessories,West,Offline,1,? 672.00,? 672.00,UPI,C00354
T002941,20-03-2025,Smartwatch,Accessories,West,Online,4,"? 13,621.00","? 54,484.00",UPI,C02223
T002942,02-08-2025,Smartwatch,Accessories,East,Online,2,"? 11,601.00","? 23,202.00",Credit Card,C02062
T002943,26-04-2025,Laptop,Electronics,North,Offline,1,"? 57,056.00","? 57,056.00",Cash,C00898
T002944,02-04-2025,Smartphone,Electronics,North,Online,3,"? 36,337.00","? 1,09,011.00",UPI,C00044
T002945,27-09-2025,Camera,Electronics,East,Online,4,"? 34,245.00","? 1,36,980.00",UPI,C01605
T002946,17-06-2025,Tablet,Electronics,West,Offline,4,"? 42,676.00","? 1,70,704.00",UPI,C02086
T002947,27-02-2025,Gaming Chair,Furniture,North,Online,5,"? 23,678.00","? 1,18,390.00",Credit Card,C00524
T002948,11-10-2025,Gaming Chair,Furniture,East,Offline,2,"? 8,260.00","? 16,520.00",Cash,C01129
T002949,26-01-2025,Monitor,Electronics,West,Online,3,"? 27,736.00","? 83,208.00",Net Banking,C01388
T002950,07-03-2025,Keyboard,Accessories,South,Online,3,"? 2,052.00","? 6,156.00",Net Banking,C00658
T002951,05-09-2025,Power Bank,Accessories,East,Online,5,"? 2,299.00","? 11,495.00",UPI,C01795
T002952,11-09-2025,Camera,Electronics,East,Online,1,"? 65,333.00","? 65,333.00",Net Banking,C02387
T002953,13-02-2025,Speaker,Accessories,North,Online,1,"? 11,832.00","? 11,832.00",Credit Card,C01350
T002954,07-04-2025,Router,Networking,South,Online,3,"? 4,506.00","? 13,518.00",Cash,C02024
T002955,11-02-2025,Webcam,Accessories,West,Online,2,"? 2,322.00","? 4,644.00",UPI,C01863
T002956,15-08-2025,Gaming Chair,Furniture,South,Online,1,"? 24,915.00","? 24,915.00",Credit Card,C00777
T002957,19-09-2025,Smartwatch,Accessories,North,Online,4,"? 2,166.00","? 8,664.00",Net Banking,C01730
T002958,16-06-2025,Router,Networking,North,Offline,5,"? 6,426.00","? 32,130.00",Cash,C01664
T002959,06-10-2025,Laptop,Electronics,West,Offline,2,"? 95,291.00","? 1,90,582.00",Cash,C00756
T002960,30-03-2025,Power Bank,Accessories,West,Offline,1,"? 1,855.00","? 1,855.00",Credit Card,C00559
T002961,27-06-2025,Speaker,Accessories,West,Offline,3,"? 2,754.00","? 8,262.00",Credit Card,C00320
T002962,16-07-2025,Power Bank,Accessories,North,Online,5,"? 4,807.00","? 24,035.00",UPI,C00303
T002963,03-11-2025,Printer,Electronics,West,Online,1,"? 20,992.00","? 20,992.00",Cash,C01099
T002964,24-09-2025,Tablet,Electronics,West,Offline,3,"? 19,723.00","? 59,169.00",Credit Card,C01405
T002965,25-09-2025,Tablet,Electronics,West,Online,1,"? 38,104.00","? 38,104.00",UPI,C01322
T002966,15-03-2025,Smartphone,Electronics,East,Online,5,"? 29,590.00","? 1,47,950.00",Credit Card,C00305
T002967,08-01-2025,Headphones,Accessories,West,Online,4,"? 10,164.00","? 40,656.00",UPI,C02078
T002968,24-10-2025,Power Bank,Accessories,North,Online,4,"? 4,624.00","? 18,496.00",Credit Card,C00008
T002969,13-06-2025,Smartphone,Electronics,East,Online,3,"? 63,183.00","? 1,89,549.00",Cash,C01445
T002970,26-03-2025,Router,Networking,North,Offline,4,"? 6,244.00","? 24,976.00",Cash,C00008
T002971,13-03-2025,Printer,Electronics,South,Offline,5,"? 15,796.00","? 78,980.00",UPI,C01775
T002972,24-02-2025,Power Bank,Accessories,East,Online,3,"? 4,573.00","? 13,719.00",UPI,C01215
T002973,16-02-2025,Camera,Electronics,West,Offline,1,"? 66,357.00","? 66,357.00",Net Banking,C00256
T002974,26-08-2025,Mouse,Accessories,East,Online,2,"? 1,967.00","? 3,934.00",Cash,C02281
T002975,14-04-2025,Monitor,Electronics,North,Offline,1,"? 20,922.00","? 20,922.00",UPI,C02425
T002976,29-07-2025,Tablet,Electronics,East,Offline,5,"? 10,084.00","? 50,420.00",Cash,C00698
T002977,11-02-2025,Keyboard,Accessories,South,Online,3,"? 3,695.00","? 11,085.00",Net Banking,C00839
T002978,12-11-2025,Webcam,Accessories,West,Offline,1,"? 6,656.00","? 6,656.00",UPI,C01924
T002979,25-09-2025,Camera,Electronics,West,Online,3,"? 58,551.00","? 1,75,653.00",Cash,C01637
T002980,20-09-2025,Keyboard,Accessories,South,Online,4,"? 4,865.00","? 19,460.00",Cash,C00430
T002981,02-12-2025,Router,Networking,North,Offline,2,"? 1,653.00","? 3,306.00",Credit Card,C01046
T002982,31-12-2025,Laptop,Electronics,East,Offline,5,"? 59,653.00","? 2,98,265.00",UPI,C01735
T002983,16-09-2025,Keyboard,Accessories,North,Offline,1,"? 3,512.00","? 3,512.00",UPI,C01293
T002984,10-10-2025,Router,Networking,North,Offline,2,"? 7,914.00","? 15,828.00",Net Banking,C01706
T002985,24-04-2025,Gaming Chair,Furniture,North,Offline,5,"? 10,019.00","? 50,095.00",UPI,C02061
T002986,29-12-2025,Tablet,Electronics,West,Offline,5,"? 35,673.00","? 1,78,365.00",UPI,C00994
T002987,09-02-2025,Speaker,Accessories,East,Offline,4,"? 2,070.00","? 8,280.00",Cash,C01221
T002988,08-08-2025,Tablet,Electronics,West,Online,3,"? 26,200.00","? 78,600.00",UPI,C01631
T002989,09-05-2025,Tablet,Electronics,West,Online,3,"? 21,769.00","? 65,307.00",Cash,C00267
T002990,08-01-2025,Camera,Electronics,West,Online,2,"? 58,921.00","? 1,17,842.00",UPI,C01855
T002991,11-04-2025,Speaker,Accessories,East,Online,4,"? 4,191.00","? 16,764.00",Credit Card,C01212
T002992,25-06-2025,Webcam,Accessories,South,Offline,5,"? 9,169.00","? 45,845.00",Credit Card,C00303
T002993,17-04-2025,Speaker,Accessories,West,Online,4,"? 11,801.00","? 47,204.00",UPI,C02052
T002994,11-04-2025,Webcam,Accessories,West,Online,4,"? 7,007.00","? 28,028.00",Net Banking,C01799
T002995,17-09-2025,Camera,Electronics,West,Offline,2,"? 75,001.00","? 1,50,002.00",UPI,C02079
T002996,03-09-2025,Speaker,Accessories,East,Online,3,"? 7,467.00","? 22,401.00",UPI,C01654
T002997,02-10-2025,Monitor,Electronics,East,Online,4,"? 11,655.00","? 46,620.00",UPI,C01745
T002998,01-02-2025,Router,Networking,North,Online,4,"? 7,169.00","? 28,676.00",Cash,C02250
T002999,17-05-2025,Smartwatch,Accessories,West,Offline,4,"? 4,492.00","? 17,968.00",Credit Card,C00542
T003000,12-01-2025,Headphones,Accessories,West,Online,1,"? 10,536.00","? 10,536.00",Net Banking,C02205
T003001,29-10-2025,Router,Networking,East,Offline,4,"? 5,465.00","? 21,860.00",Net Banking,C01745
T003002,16-01-2025,Printer,Electronics,East,Online,4,"? 18,304.00","? 73,216.00",Cash,C01067
T003003,09-05-2025,Printer,Electronics,West,Offline,5,"? 12,512.00","? 62,560.00",Credit Card,C02454
T003004,04-03-2025,Laptop,Electronics,South,Online,1,"? 81,403.00","? 81,403.00",Net Banking,C00688
T003005,19-04-2025,Smartphone,Electronics,North,Online,4,"? 63,011.00","? 2,52,044.00",UPI,C01384
T003006,21-01-2025,Monitor,Electronics,North,Online,4,"? 16,774.00","? 67,096.00",Credit Card,C02480
T003007,07-06-2025,Smartwatch,Accessories,West,Online,2,"? 6,350.00","? 12,700.00",Credit Card,C01904
T003008,26-09-2025,Mouse,Accessories,North,Online,2,"? 2,903.00","? 5,806.00",Net Banking,C02198
T003009,11-06-2025,Laptop,Electronics,North,Online,1,"? 60,882.00","? 60,882.00",Credit Card,C00319
T003010,17-09-2025,Power Bank,Accessories,West,Online,5,"? 3,380.00","? 16,900.00",Credit Card,C00487
T003011,12-04-2025,Camera,Electronics,North,Offline,1,"? 41,178.00","? 41,178.00",Cash,C00977
T003012,11-08-2025,Power Bank,Accessories,East,Online,1,"? 2,237.00","? 2,237.00",Credit Card,C02051
T003013,28-02-2025,Smartwatch,Accessories,West,Offline,2,"? 18,415.00","? 36,830.00",Credit Card,C01361
T003014,04-09-2025,Speaker,Accessories,East,Offline,2,"? 2,214.00","? 4,428.00",Cash,C00936
T003015,08-05-2025,Power Bank,Accessories,West,Online,5,"? 1,839.00","? 9,195.00",Credit Card,C02387
T003016,10-10-2025,Tablet,Electronics,East,Online,4,"? 26,792.00","? 1,07,168.00",UPI,C00764
T003017,21-11-2025,Camera,Electronics,North,Offline,5,"? 44,124.00","? 2,20,620.00",Cash,C01909
T003018,25-01-2025,Power Bank,Accessories,South,Offline,4,"? 1,927.00","? 7,708.00",Credit Card,C00911
T003019,11-05-2025,Power Bank,Accessories,East,Offline,3,"? 1,506.00","? 4,518.00",Cash,C02355
T003020,19-12-2025,Gaming Chair,Furniture,East,Offline,2,"? 20,031.00","? 40,062.00",Credit Card,C01690
T003021,15-07-2025,Smartphone,Electronics,South,Online,3,"? 26,215.00","? 78,645.00",Credit Card,C00901
T003022,08-10-2025,Smartphone,Electronics,South,Online,3,"? 26,851.00","? 80,553.00",UPI,C01198
T003023,03-06-2025,Printer,Electronics,East,Offline,2,"? 6,782.00","? 13,564.00",Credit Card,C00024
T003024,13-05-2025,Router,Networking,East,Offline,3,"? 6,800.00","? 20,400.00",Cash,C01026
T003025,15-08-2025,Headphones,Accessories,East,Offline,1,"? 3,179.00","? 3,179.00",UPI,C01188
T003026,08-07-2025,Headphones,Accessories,West,Offline,4,"? 7,806.00","? 31,224.00",Cash,C01581
T003027,22-09-2025,Mouse,Accessories,East,Online,5,"? 1,578.00","? 7,890.00",Cash,C01008
T003028,14-05-2025,Camera,Electronics,East,Offline,2,"? 87,942.00","? 1,75,884.00",Net Banking,C01375
T003029,30-07-2025,Camera,Electronics,South,Offline,1,"? 66,314.00","? 66,314.00",Net Banking,C01118
T003030,01-03-2025,Router,Networking,South,Online,5,"? 4,307.00","? 21,535.00",Net Banking,C00204
T003031,30-12-2025,Smartphone,Electronics,West,Online,5,"? 60,220.00","? 3,01,100.00",UPI,C00037
T003032,30-12-2025,Tablet,Electronics,West,Online,5,"? 29,148.00","? 1,45,740.00",Net Banking,C00853
T003033,01-08-2025,Tablet,Electronics,North,Offline,3,"? 41,146.00","? 1,23,438.00",UPI,C00634
T003034,04-08-2025,Keyboard,Accessories,East,Online,3,"? 3,424.00","? 10,272.00",Cash,C01253
T003035,14-08-2025,Tablet,Electronics,East,Online,3,"? 45,303.00","? 1,35,909.00",UPI,C00419
T003036,11-05-2025,Speaker,Accessories,South,Online,3,"? 9,904.00","? 29,712.00",Credit Card,C01517
T003037,17-03-2025,Smartwatch,Accessories,North,Online,1,"? 12,140.00","? 12,140.00",UPI,C01764
T003038,13-10-2025,Headphones,Accessories,East,Online,3,"? 5,861.00","? 17,583.00",Credit Card,C00885
T003039,04-10-2025,Tablet,Electronics,North,Offline,2,"? 32,684.00","? 65,368.00",Credit Card,C00328
T003040,05-06-2025,Monitor,Electronics,West,Offline,5,"? 32,240.00","? 1,61,200.00",Credit Card,C01179
T003041,05-09-2025,Gaming Chair,Furniture,East,Online,1,"? 27,530.00","? 27,530.00",Cash,C01031
T003042,06-08-2025,Camera,Electronics,East,Offline,3,"? 21,201.00","? 63,603.00",Cash,C02052
T003043,09-07-2025,Tablet,Electronics,West,Offline,5,"? 20,011.00","? 1,00,055.00",UPI,C00728
T003044,12-06-2025,Keyboard,Accessories,East,Online,1,"? 3,589.00","? 3,589.00",Cash,C00776
T003045,29-06-2025,Router,Networking,West,Online,5,"? 2,144.00","? 10,720.00",UPI,C02093
T003046,03-02-2025,Webcam,Accessories,West,Online,1,"? 7,451.00","? 7,451.00",Cash,C02253
T003047,10-02-2025,Mouse,Accessories,North,Online,4,? 526.00,"? 2,104.00",UPI,C01225
T003048,03-11-2025,Mouse,Accessories,South,Offline,1,? 776.00,? 776.00,Credit Card,C02298
T003049,04-12-2025,Smartphone,Electronics,South,Offline,3,"? 63,472.00","? 1,90,416.00",UPI,C01236
T003050,10-11-2025,Gaming Chair,Furniture,West,Online,5,"? 12,320.00","? 61,600.00",UPI,C00686
T003051,16-03-2025,Tablet,Electronics,North,Offline,5,"? 13,088.00","? 65,440.00",Net Banking,C02339
T003052,06-10-2025,Power Bank,Accessories,West,Offline,5,"? 1,296.00","? 6,480.00",Credit Card,C01985
T003053,25-06-2025,Camera,Electronics,North,Offline,2,"? 28,664.00","? 57,328.00",Cash,C02026
T003054,30-05-2025,Camera,Electronics,North,Online,2,"? 72,534.00","? 1,45,068.00",Credit Card,C01553
T003055,30-09-2025,Webcam,Accessories,South,Offline,3,"? 9,425.00","? 28,275.00",Credit Card,C02380
T003056,21-11-2025,Headphones,Accessories,South,Offline,4,"? 2,160.00","? 8,640.00",Cash,C00430
T003057,18-04-2025,Mouse,Accessories,North,Offline,2,"? 2,922.00","? 5,844.00",Net Banking,C01195
T003058,19-05-2025,Smartphone,Electronics,South,Online,1,"? 19,312.00","? 19,312.00",UPI,C00378
T003059,16-12-2025,Tablet,Electronics,North,Offline,3,"? 30,845.00","? 92,535.00",Cash,C00847
T003060,28-09-2025,Mouse,Accessories,East,Online,4,"? 1,951.00","? 7,804.00",UPI,C00206
T003061,13-12-2025,Mouse,Accessories,West,Offline,1,"? 2,847.00","? 2,847.00",Credit Card,C01627
T003062,16-10-2025,Webcam,Accessories,South,Offline,5,"? 7,144.00","? 35,720.00",Cash,C01161
T003063,31-07-2025,Camera,Electronics,West,Online,2,"? 61,078.00","? 1,22,156.00",UPI,C01749
T003064,29-09-2025,Tablet,Electronics,South,Online,1,"? 46,264.00","? 46,264.00",UPI,C02051
T003065,07-03-2025,Power Bank,Accessories,West,Offline,4,"? 2,516.00","? 10,064.00",UPI,C00514
T003066,05-09-2025,Laptop,Electronics,West,Online,3,"? 77,459.00","? 2,32,377.00",Credit Card,C01391
T003067,05-06-2025,Power Bank,Accessories,South,Online,1,"? 3,714.00","? 3,714.00",Cash,C00797
T003068,16-02-2025,Tablet,Electronics,South,Offline,3,"? 44,440.00","? 1,33,320.00",Net Banking,C00900
T003069,20-07-2025,Smartwatch,Accessories,South,Offline,5,"? 11,394.00","? 56,970.00",Net Banking,C01779
T003070,28-05-2025,Mouse,Accessories,South,Online,4,"? 1,855.00","? 7,420.00",Cash,C01407
T003071,04-05-2025,Headphones,Accessories,North,Online,4,"? 7,545.00","? 30,180.00",UPI,C02022
T003072,01-01-2025,Router,Networking,South,Offline,2,"? 6,161.00","? 12,322.00",Credit Card,C02312
T003073,04-09-2025,Router,Networking,South,Offline,4,"? 5,478.00","? 21,912.00",Cash,C00554
T003074,09-12-2025,Speaker,Accessories,South,Online,1,"? 3,971.00","? 3,971.00",UPI,C01417
T003075,08-05-2025,Speaker,Accessories,East,Online,1,"? 9,809.00","? 9,809.00",Cash,C00494
T003076,10-07-2025,Webcam,Accessories,West,Online,1,"? 1,867.00","? 1,867.00",UPI,C02493
T003077,08-03-2025,Laptop,Electronics,South,Offline,5,"? 63,417.00","? 3,17,085.00",UPI,C00852
T003078,04-01-2025,Keyboard,Accessories,South,Online,4,"? 3,876.00","? 15,504.00",UPI,C02042
T003079,30-10-2025,Smartphone,Electronics,West,Online,4,"? 18,374.00","? 73,496.00",Credit Card,C00809
T003080,21-10-2025,Power Bank,Accessories,West,Online,1,"? 4,612.00","? 4,612.00",UPI,C00460
T003081,23-05-2025,Tablet,Electronics,North,Online,2,"? 32,369.00","? 64,738.00",Net Banking,C01590
T003082,10-07-2025,Headphones,Accessories,West,Offline,2,"? 3,197.00","? 6,394.00",Cash,C00672
T003083,21-01-2025,Keyboard,Accessories,West,Offline,4,"? 2,829.00","? 11,316.00",Credit Card,C01579
T003084,15-08-2025,Keyboard,Accessories,East,Online,4,"? 1,600.00","? 6,400.00",Net Banking,C00581
T003085,09-11-2025,Mouse,Accessories,North,Online,3,? 592.00,"? 1,776.00",Credit Card,C01124
T003086,27-04-2025,Smartwatch,Accessories,East,Online,4,"? 4,770.00","? 19,080.00",Cash,C00716
T003087,29-10-2025,Mouse,Accessories,West,Offline,1,"? 1,497.00","? 1,497.00",Credit Card,C00208
T003088,22-05-2025,Smartphone,Electronics,South,Online,5,"? 59,308.00","? 2,96,540.00",Credit Card,C01296
T003089,08-02-2025,Laptop,Electronics,North,Offline,4,"? 87,948.00","? 3,51,792.00",Credit Card,C01941
T003090,21-12-2025,Power Bank,Accessories,West,Online,4,"? 1,750.00","? 7,000.00",Cash,C02209
T003091,09-09-2025,Camera,Electronics,West,Online,1,"? 23,606.00","? 23,606.00",UPI,C00666
T003092,29-11-2025,Monitor,Electronics,South,Online,3,"? 22,678.00","? 68,034.00",UPI,C00899
T003093,26-07-2025,Laptop,Electronics,South,Offline,4,"? 83,025.00","? 3,32,100.00",UPI,C00089
T003094,29-07-2025,Power Bank,Accessories,South,Online,2,"? 2,021.00","? 4,042.00",Cash,C00340
T003095,25-04-2025,Smartphone,Electronics,North,Offline,2,"? 29,388.00","? 58,776.00",UPI,C01780
T003096,13-08-2025,Speaker,Accessories,East,Offline,2,"? 2,150.00","? 4,300.00",Net Banking,C01785
T003097,14-05-2025,Power Bank,Accessories,North,Online,5,"? 3,118.00","? 15,590.00",Credit Card,C01700
T003098,08-09-2025,Camera,Electronics,South,Online,5,"? 50,920.00","? 2,54,600.00",Credit Card,C02219
T003099,07-08-2025,Keyboard,Accessories,North,Offline,4,"? 3,125.00","? 12,500.00",Cash,C00417
T003100,01-04-2025,Laptop,Electronics,South,Online,4,"? 65,011.00","? 2,60,044.00",Credit Card,C00436
T003101,20-12-2025,Camera,Electronics,East,Offline,4,"? 51,254.00","? 2,05,016.00",Net Banking,C02248
T003102,15-02-2025,Tablet,Electronics,North,Offline,5,"? 43,165.00","? 2,15,825.00",Credit Card,C01899
T003103,07-02-2025,Mouse,Accessories,East,Online,4,"? 1,605.00","? 6,420.00",Cash,C02482
T003104,22-05-2025,Power Bank,Accessories,East,Online,1,"? 3,714.00","? 3,714.00",Credit Card,C00379
T003105,10-04-2025,Monitor,Electronics,South,Online,3,"? 29,786.00","? 89,358.00",UPI,C00830
T003106,24-11-2025,Headphones,Accessories,North,Online,2,"? 8,700.00","? 17,400.00",Credit Card,C01773
T003107,09-07-2025,Power Bank,Accessories,North,Online,2,"? 1,360.00","? 2,720.00",UPI,C01172
T003108,04-02-2025,Tablet,Electronics,East,Offline,1,"? 18,381.00","? 18,381.00",Net Banking,C01824
T003109,27-05-2025,Laptop,Electronics,South,Offline,4,"? 91,164.00","? 3,64,656.00",Cash,C00816
T003110,30-01-2025,Power Bank,Accessories,East,Offline,5,"? 3,815.00","? 19,075.00",Credit Card,C01243
T003111,30-11-2025,Printer,Electronics,East,Offline,4,"? 27,483.00","? 1,09,932.00",Cash,C02225
T003112,25-03-2025,Camera,Electronics,East,Online,4,"? 88,907.00","? 3,55,628.00",UPI,C01490
T003113,08-10-2025,Keyboard,Accessories,East,Online,2,"? 3,741.00","? 7,482.00",Credit Card,C00794
T003114,10-12-2025,Keyboard,Accessories,North,Online,2,"? 2,405.00","? 4,810.00",UPI,C00890
T003115,27-09-2025,Printer,Electronics,West,Online,5,"? 27,782.00","? 1,38,910.00",Credit Card,C01308
T003116,03-06-2025,Laptop,Electronics,North,Online,2,"? 99,864.00","? 1,99,728.00",Credit Card,C01857
T003117,12-04-2025,Keyboard,Accessories,South,Online,4,"? 4,156.00","? 16,624.00",Cash,C00887
T003118,03-08-2025,Power Bank,Accessories,West,Offline,1,"? 3,484.00","? 3,484.00",Credit Card,C02458
T003119,30-05-2025,Smartwatch,Accessories,East,Offline,5,"? 6,406.00","? 32,030.00",UPI,C02054
T003120,24-03-2025,Router,Networking,North,Online,1,"? 6,473.00","? 6,473.00",Credit Card,C02490
T003121,20-04-2025,Speaker,Accessories,West,Offline,4,"? 13,291.00","? 53,164.00",UPI,C02094
T003122,02-10-2025,Webcam,Accessories,East,Offline,5,"? 9,149.00","? 45,745.00",Cash,C00217
T003123,20-07-2025,Keyboard,Accessories,North,Online,1,"? 4,577.00","? 4,577.00",UPI,C01233
T003124,11-10-2025,Gaming Chair,Furniture,West,Online,5,"? 27,906.00","? 1,39,530.00",Credit Card,C00346
T003125,22-06-2025,Speaker,Accessories,North,Offline,4,"? 7,151.00","? 28,604.00",Credit Card,C01429
T003126,23-11-2025,Monitor,Electronics,West,Offline,5,"? 20,818.00","? 1,04,090.00",UPI,C02073
T003127,25-07-2025,Smartwatch,Accessories,South,Offline,4,"? 6,112.00","? 24,448.00",Credit Card,C01376
T003128,04-03-2025,Smartphone,Electronics,North,Online,5,"? 46,773.00","? 2,33,865.00",Cash,C01149
T003129,14-03-2025,Power Bank,Accessories,North,Online,5,"? 1,354.00","? 6,770.00",Cash,C01087
T003130,08-09-2025,Power Bank,Accessories,West,Online,2,"? 2,940.00","? 5,880.00",Credit Card,C00339
T003131,04-05-2025,Smartphone,Electronics,South,Offline,4,"? 52,745.00","? 2,10,980.00",UPI,C00322
T003132,01-05-2025,Camera,Electronics,North,Online,3,"? 51,297.00","? 1,53,891.00",Net Banking,C00163
T003133,02-10-2025,Smartwatch,Accessories,South,Online,5,"? 10,775.00","? 53,875.00",Cash,C00336
T003134,30-04-2025,Tablet,Electronics,South,Online,1,"? 31,325.00","? 31,325.00",Net Banking,C01267
T003135,13-11-2025,Camera,Electronics,North,Online,2,"? 76,481.00","? 1,52,962.00",Net Banking,C01330
T003136,13-06-2025,Tablet,Electronics,East,Online,2,"? 20,188.00","? 40,376.00",Credit Card,C01176
T003137,13-10-2025,Monitor,Electronics,West,Offline,5,"? 8,841.00","? 44,205.00",Credit Card,C01119
T003138,22-09-2025,Mouse,Accessories,North,Online,3,"? 2,775.00","? 8,325.00",Cash,C02026
T003139,16-11-2025,Laptop,Electronics,South,Online,2,"? 86,806.00","? 1,73,612.00",Cash,C00407
T003140,10-06-2025,Power Bank,Accessories,West,Online,4,"? 2,604.00","? 10,416.00",Cash,C02385
T003141,04-11-2025,Router,Networking,North,Offline,5,"? 2,229.00","? 11,145.00",Cash,C00097
T003142,30-03-2025,Power Bank,Accessories,West,Online,5,"? 2,263.00","? 11,315.00",Cash,C02404
T003143,22-05-2025,Smartwatch,Accessories,West,Online,3,"? 16,906.00","? 50,718.00",UPI,C02488
T003144,22-07-2025,Printer,Electronics,South,Offline,4,"? 20,879.00","? 83,516.00",Credit Card,C02367
T003145,05-11-2025,Headphones,Accessories,East,Online,4,"? 5,946.00","? 23,784.00",UPI,C00917
T003146,15-08-2025,Laptop,Electronics,East,Online,3,"? 93,127.00","? 2,79,381.00",Net Banking,C02131
T003147,30-11-2025,Monitor,Electronics,West,Online,1,"? 31,502.00","? 31,502.00",UPI,C01736
T003148,10-08-2025,Smartwatch,Accessories,South,Online,4,"? 8,657.00","? 34,628.00",Credit Card,C01434
T003149,10-02-2025,Smartphone,Electronics,South,Online,1,"? 63,757.00","? 63,757.00",Credit Card,C02153
T003150,15-07-2025,Webcam,Accessories,North,Offline,1,"? 3,072.00","? 3,072.00",Cash,C00179
T003151,09-03-2025,Power Bank,Accessories,West,Offline,5,"? 2,193.00","? 10,965.00",Net Banking,C01596
T003152,21-09-2025,Laptop,Electronics,North,Offline,5,"? 98,544.00","? 4,92,720.00",UPI,C02386
T003153,02-01-2025,Gaming Chair,Furniture,South,Online,2,"? 24,640.00","? 49,280.00",UPI,C00206
T003154,27-12-2025,Power Bank,Accessories,West,Online,5,? 927.00,"? 4,635.00",Credit Card,C02258
T003155,05-05-2025,Power Bank,Accessories,East,Offline,4,"? 2,182.00","? 8,728.00",UPI,C00741
T003156,20-04-2025,Power Bank,Accessories,East,Online,4,"? 4,528.00","? 18,112.00",UPI,C00860
T003157,27-03-2025,Tablet,Electronics,North,Online,1,"? 24,392.00","? 24,392.00",Net Banking,C00634
T003158,30-04-2025,Printer,Electronics,West,Offline,4,"? 20,917.00","? 83,668.00",UPI,C01660
T003159,07-05-2025,Laptop,Electronics,South,Online,5,"? 80,643.00","? 4,03,215.00",Cash,C00353
T003160,12-09-2025,Headphones,Accessories,North,Offline,5,"? 7,867.00","? 39,335.00",UPI,C01414
T003161,02-07-2025,Monitor,Electronics,East,Online,5,"? 32,238.00","? 1,61,190.00",Net Banking,C00647
T003162,16-01-2025,Monitor,Electronics,South,Online,3,"? 10,205.00","? 30,615.00",UPI,C01724
T003163,03-03-2025,Camera,Electronics,West,Offline,4,"? 28,513.00","? 1,14,052.00",Credit Card,C01469
T003164,07-06-2025,Power Bank,Accessories,East,Online,2,"? 3,156.00","? 6,312.00",UPI,C01669
T003165,25-09-2025,Speaker,Accessories,South,Offline,4,"? 5,879.00","? 23,516.00",Net Banking,C01126
T003166,04-02-2025,Router,Networking,East,Online,4,"? 4,613.00","? 18,452.00",UPI,C00161
T003167,24-09-2025,Speaker,Accessories,West,Online,3,"? 11,609.00","? 34,827.00",Cash,C01381
T003168,05-03-2025,Monitor,Electronics,North,Online,4,"? 20,148.00","? 80,592.00",UPI,C01829
T003169,19-02-2025,Camera,Electronics,South,Online,1,"? 75,429.00","? 75,429.00",UPI,C00143
T003170,12-09-2025,Monitor,Electronics,South,Offline,5,"? 20,901.00","? 1,04,505.00",Credit Card,C01437
T003171,29-05-2025,Headphones,Accessories,West,Offline,5,"? 11,888.00","? 59,440.00",UPI,C01283
T003172,21-11-2025,Monitor,Electronics,East,Offline,3,"? 17,708.00","? 53,124.00",Cash,C01640
T003173,31-10-2025,Printer,Electronics,East,Offline,5,"? 17,485.00","? 87,425.00",Net Banking,C00813
T003174,03-10-2025,Mouse,Accessories,East,Offline,1,? 628.00,? 628.00,Net Banking,C00099
T003175,23-12-2025,Gaming Chair,Furniture,South,Online,3,"? 22,117.00","? 66,351.00",Cash,C00216
T003176,21-06-2025,Power Bank,Accessories,South,Online,2,"? 3,845.00","? 7,690.00",Net Banking,C01779
T003177,20-07-2025,Smartphone,Electronics,East,Offline,5,"? 45,001.00","? 2,25,005.00",Cash,C02486
T003178,20-11-2025,Printer,Electronics,South,Online,4,"? 20,220.00","? 80,880.00",UPI,C02451
T003179,04-02-2025,Speaker,Accessories,North,Online,1,"? 9,810.00","? 9,810.00",Credit Card,C02061
T003180,04-08-2025,Monitor,Electronics,West,Offline,1,"? 24,221.00","? 24,221.00",Credit Card,C02361
T003181,06-03-2025,Router,Networking,West,Online,5,"? 3,871.00","? 19,355.00",Net Banking,C00235
T003182,08-01-2025,Smartwatch,Accessories,South,Online,2,"? 7,016.00","? 14,032.00",Net Banking,C01865
T003183,28-10-2025,Webcam,Accessories,North,Online,4,"? 7,802.00","? 31,208.00",Cash,C00243
T003184,09-12-2025,Power Bank,Accessories,North,Online,2,"? 4,718.00","? 9,436.00",Cash,C01760
T003185,28-11-2025,Tablet,Electronics,East,Online,2,"? 32,836.00","? 65,672.00",Cash,C02389
T003186,17-03-2025,Mouse,Accessories,West,Online,5,"? 2,696.00","? 13,480.00",Net Banking,C01248
T003187,23-06-2025,Gaming Chair,Furniture,West,Online,4,"? 29,180.00","? 1,16,720.00",Credit Card,C02233
T003188,16-02-2025,Gaming Chair,Furniture,West,Online,5,"? 23,865.00","? 1,19,325.00",Credit Card,C00686
T003189,15-01-2025,Webcam,Accessories,South,Online,5,"? 3,941.00","? 19,705.00",UPI,C01121
T003190,27-12-2025,Smartphone,Electronics,North,Offline,1,"? 42,275.00","? 42,275.00",Net Banking,C00321
T003191,27-05-2025,Router,Networking,East,Online,5,"? 2,517.00","? 12,585.00",Credit Card,C01841
T003192,26-01-2025,Tablet,Electronics,South,Offline,3,"? 30,885.00","? 92,655.00",UPI,C00127
T003193,04-11-2025,Power Bank,Accessories,East,Offline,4,"? 3,847.00","? 15,388.00",UPI,C00900
T003194,03-04-2025,Printer,Electronics,South,Online,1,"? 19,492.00","? 19,492.00",Credit Card,C02263
T003195,20-08-2025,Headphones,Accessories,West,Online,4,"? 11,260.00","? 45,040.00",UPI,C01074
T003196,21-01-2025,Headphones,Accessories,East,Online,1,"? 6,794.00","? 6,794.00",UPI,C02316
T003197,03-11-2025,Tablet,Electronics,North,Offline,3,"? 21,857.00","? 65,571.00",Credit Card,C00083
T003198,07-02-2025,Smartwatch,Accessories,North,Online,5,"? 6,250.00","? 31,250.00",Cash,C02292
T003199,03-10-2025,Tablet,Electronics,South,Online,1,"? 39,230.00","? 39,230.00",UPI,C00225
T003200,06-06-2025,Printer,Electronics,West,Online,1,"? 13,391.00","? 13,391.00",Credit Card,C02159
T003201,28-06-2025,Webcam,Accessories,South,Online,1,"? 3,946.00","? 3,946.00",Cash,C00390
T003202,12-05-2025,Tablet,Electronics,East,Online,3,"? 42,492.00","? 1,27,476.00",Credit Card,C02372
T003203,07-11-2025,Smartphone,Electronics,North,Offline,4,"? 38,507.00","? 1,54,028.00",Cash,C00023
T003204,14-12-2025,Power Bank,Accessories,North,Online,3,"? 2,199.00","? 6,597.00",Credit Card,C00156
T003205,28-01-2025,Smartwatch,Accessories,North,Online,1,"? 12,711.00","? 12,711.00",Cash,C00098
T003206,17-09-2025,Keyboard,Accessories,North,Offline,1,"? 4,627.00","? 4,627.00",Credit Card,C00304
T003207,17-03-2025,Laptop,Electronics,East,Offline,5,"? 53,687.00","? 2,68,435.00",Cash,C02210
T003208,08-03-2025,Gaming Chair,Furniture,North,Online,3,"? 24,367.00","? 73,101.00",Credit Card,C02020
T003209,08-12-2025,Power Bank,Accessories,South,Online,3,"? 1,352.00","? 4,056.00",UPI,C00604
T003210,13-07-2025,Speaker,Accessories,North,Online,2,"? 7,043.00","? 14,086.00",UPI,C01466
T003211,11-06-2025,Keyboard,Accessories,East,Online,4,"? 1,429.00","? 5,716.00",Credit Card,C00674
T003212,13-12-2025,Camera,Electronics,West,Online,2,"? 48,573.00","? 97,146.00",Net Banking,C01081
T003213,27-12-2025,Tablet,Electronics,West,Online,2,"? 47,876.00","? 95,752.00",UPI,C00541
T003214,14-09-2025,Headphones,Accessories,North,Online,4,"? 5,266.00","? 21,064.00",UPI,C01741
T003215,13-03-2025,Keyboard,Accessories,West,Offline,5,"? 1,493.00","? 7,465.00",Cash,C02484
T003216,28-03-2025,Monitor,Electronics,East,Online,5,"? 30,068.00","? 1,50,340.00",Credit Card,C02402
T003217,19-09-2025,Webcam,Accessories,North,Online,4,"? 9,816.00","? 39,264.00",Net Banking,C01491
T003218,02-08-2025,Printer,Electronics,East,Offline,4,"? 14,366.00","? 57,464.00",Credit Card,C01544
T003219,02-06-2025,Keyboard,Accessories,West,Offline,3,"? 3,251.00","? 9,753.00",UPI,C01628
T003220,29-07-2025,Mouse,Accessories,West,Online,3,"? 2,200.00","? 6,600.00",Cash,C00670
T003221,02-03-2025,Webcam,Accessories,North,Online,3,"? 4,956.00","? 14,868.00",Net Banking,C00343
T003222,25-09-2025,Gaming Chair,Furniture,West,Offline,3,"? 27,142.00","? 81,426.00",Cash,C00084
T003223,19-09-2025,Smartwatch,Accessories,North,Online,1,"? 14,031.00","? 14,031.00",Cash,C00849
T003224,06-08-2025,Gaming Chair,Furniture,North,Offline,1,"? 28,139.00","? 28,139.00",UPI,C02458
T003225,10-10-2025,Power Bank,Accessories,South,Offline,5,"? 4,442.00","? 22,210.00",Credit Card,C01977
T003226,16-05-2025,Webcam,Accessories,South,Online,1,"? 9,619.00","? 9,619.00",Credit Card,C02081
T003227,28-12-2025,Printer,Electronics,South,Offline,1,"? 16,162.00","? 16,162.00",Credit Card,C01870
T003228,03-04-2025,Headphones,Accessories,East,Offline,3,"? 2,660.00","? 7,980.00",Credit Card,C01744
T003229,19-04-2025,Camera,Electronics,West,Offline,3,"? 47,151.00","? 1,41,453.00",Credit Card,C00789
T003230,29-08-2025,Speaker,Accessories,West,Online,4,"? 9,729.00","? 38,916.00",UPI,C02019
T003231,21-12-2025,Keyboard,Accessories,South,Offline,3,"? 3,224.00","? 9,672.00",UPI,C00384
T003232,22-05-2025,Smartwatch,Accessories,North,Online,4,"? 15,009.00","? 60,036.00",Net Banking,C01926
T003233,18-10-2025,Laptop,Electronics,North,Offline,4,"? 69,960.00","? 2,79,840.00",Cash,C00215
T003234,25-08-2025,Smartwatch,Accessories,North,Offline,1,"? 13,727.00","? 13,727.00",Credit Card,C00858
T003235,06-12-2025,Router,Networking,North,Online,3,"? 7,625.00","? 22,875.00",Net Banking,C01225
T003236,08-11-2025,Smartwatch,Accessories,East,Online,1,"? 15,921.00","? 15,921.00",UPI,C02445
T003237,26-06-2025,Gaming Chair,Furniture,West,Online,3,"? 21,021.00","? 63,063.00",UPI,C00684
T003238,21-05-2025,Printer,Electronics,South,Online,1,"? 25,307.00","? 25,307.00",Credit Card,C02255
T003239,08-07-2025,Laptop,Electronics,East,Online,1,"? 94,001.00","? 94,001.00",Net Banking,C01312
T003240,18-02-2025,Webcam,Accessories,West,Online,1,"? 4,208.00","? 4,208.00",Credit Card,C00571
T003241,29-10-2025,Smartwatch,Accessories,East,Online,5,"? 14,600.00","? 73,000.00",Credit Card,C01617
T003242,09-07-2025,Webcam,Accessories,North,Offline,1,"? 5,671.00","? 5,671.00",UPI,C02477
T003243,16-05-2025,Mouse,Accessories,East,Offline,2,"? 2,709.00","? 5,418.00",UPI,C01975
T003244,12-02-2025,Speaker,Accessories,East,Online,2,"? 9,922.00","? 19,844.00",Credit Card,C02013
T003245,19-12-2025,Keyboard,Accessories,North,Online,2,"? 3,450.00","? 6,900.00",UPI,C01853
T003246,31-03-2025,Keyboard,Accessories,North,Online,4,"? 3,393.00","? 13,572.00",UPI,C00552
T003247,22-10-2025,Power Bank,Accessories,South,Online,1,"? 3,604.00","? 3,604.00",UPI,C00082
T003248,07-12-2025,Mouse,Accessories,South,Offline,2,"? 1,748.00","? 3,496.00",Credit Card,C00113
T003249,02-09-2025,Keyboard,Accessories,West,Offline,4,"? 1,541.00","? 6,164.00",Credit Card,C00601
T003250,11-07-2025,Smartwatch,Accessories,South,Online,2,"? 7,575.00","? 15,150.00",Cash,C01548
T003251,14-11-2025,Camera,Electronics,South,Offline,3,"? 31,775.00","? 95,325.00",Net Banking,C02046
T003252,16-04-2025,Smartwatch,Accessories,West,Offline,5,"? 12,681.00","? 63,405.00",Credit Card,C01940
T003253,29-12-2025,Printer,Electronics,East,Online,1,"? 20,918.00","? 20,918.00",Cash,C01113
T003254,06-11-2025,Gaming Chair,Furniture,East,Online,5,"? 21,106.00","? 1,05,530.00",Credit Card,C01391
T003255,21-08-2025,Monitor,Electronics,East,Online,5,"? 27,918.00","? 1,39,590.00",Credit Card,C00216
T003256,22-09-2025,Gaming Chair,Furniture,North,Online,3,"? 8,607.00","? 25,821.00",Net Banking,C01585
T003257,10-12-2025,Power Bank,Accessories,West,Online,3,"? 4,760.00","? 14,280.00",Credit Card,C00270
T003258,06-02-2025,Webcam,Accessories,East,Online,3,"? 5,757.00","? 17,271.00",UPI,C00825
T003259,01-11-2025,Camera,Electronics,South,Online,4,"? 83,492.00","? 3,33,968.00",Cash,C00572
T003260,10-02-2025,Gaming Chair,Furniture,South,Online,2,"? 18,223.00","? 36,446.00",Credit Card,C01480
T003261,17-01-2025,Headphones,Accessories,South,Online,1,"? 1,201.00","? 1,201.00",Net Banking,C02385
T003262,10-12-2025,Headphones,Accessories,West,Online,3,"? 7,559.00","? 22,677.00",UPI,C00299
T003263,04-10-2025,Camera,Electronics,West,Online,1,"? 82,860.00","? 82,860.00",UPI,C01238
T003264,03-11-2025,Smartwatch,Accessories,South,Online,1,"? 3,364.00","? 3,364.00",UPI,C02112
T003265,28-02-2025,Router,Networking,North,Online,1,"? 2,251.00","? 2,251.00",Cash,C00770
T003266,02-07-2025,Router,Networking,North,Offline,3,"? 6,545.00","? 19,635.00",UPI,C01513
T003267,10-02-2025,Tablet,Electronics,East,Offline,3,"? 15,344.00","? 46,032.00",Credit Card,C00328
T003268,08-02-2025,Webcam,Accessories,East,Online,2,"? 2,705.00","? 5,410.00",UPI,C01410
T003269,11-07-2025,Monitor,Electronics,East,Online,3,"? 17,512.00","? 52,536.00",UPI,C00614
T003270,24-09-2025,Mouse,Accessories,East,Offline,3,"? 1,730.00","? 5,190.00",Credit Card,C02012
T003271,27-05-2025,Smartwatch,Accessories,East,Offline,1,"? 10,622.00","? 10,622.00",Net Banking,C00418
T003272,29-11-2025,Camera,Electronics,West,Online,2,"? 84,177.00","? 1,68,354.00",UPI,C02360
T003273,07-05-2025,Tablet,Electronics,West,Offline,5,"? 47,451.00","? 2,37,255.00",Cash,C01484
T003274,15-02-2025,Webcam,Accessories,North,Online,3,"? 3,774.00","? 11,322.00",Credit Card,C00370
T003275,14-02-2025,Smartwatch,Accessories,North,Offline,3,"? 5,365.00","? 16,095.00",Net Banking,C02053
T003276,01-01-2025,Tablet,Electronics,West,Offline,5,"? 27,647.00","? 1,38,235.00",Net Banking,C00109
T003277,17-06-2025,Camera,Electronics,North,Online,1,"? 40,620.00","? 40,620.00",UPI,C01916
T003278,18-04-2025,Smartwatch,Accessories,South,Offline,2,"? 6,299.00","? 12,598.00",Cash,C00183
T003279,19-01-2025,Laptop,Electronics,North,Online,1,"? 53,733.00","? 53,733.00",Cash,C01655
T003280,28-11-2025,Keyboard,Accessories,South,Online,4,"? 2,365.00","? 9,460.00",Credit Card,C01719
T003281,13-03-2025,Camera,Electronics,South,Online,3,"? 20,860.00","? 62,580.00",UPI,C01109
T003282,19-04-2025,Headphones,Accessories,East,Offline,4,"? 1,844.00","? 7,376.00",Credit Card,C01198
T003283,25-09-2025,Headphones,Accessories,North,Online,3,"? 11,130.00","? 33,390.00",Net Banking,C00564
T003284,28-08-2025,Monitor,Electronics,South,Offline,4,"? 24,520.00","? 98,080.00",Credit Card,C01982
T003285,28-10-2025,Smartphone,Electronics,North,Offline,5,"? 37,131.00","? 1,85,655.00",UPI,C00644
T003286,31-03-2025,Headphones,Accessories,North,Online,3,"? 7,494.00","? 22,482.00",Cash,C00184
T003287,13-04-2025,Webcam,Accessories,West,Online,3,"? 7,286.00","? 21,858.00",Credit Card,C01291
T003288,07-09-2025,Smartphone,Electronics,West,Online,4,"? 41,796.00","? 1,67,184.00",UPI,C02226
T003289,08-01-2025,Laptop,Electronics,East,Offline,2,"? 59,345.00","? 1,18,690.00",UPI,C01687
T003290,02-06-2025,Camera,Electronics,North,Offline,4,"? 81,518.00","? 3,26,072.00",UPI,C00286
T003291,13-12-2025,Router,Networking,West,Online,3,"? 2,478.00","? 7,434.00",Credit Card,C00123
T003292,23-06-2025,Router,Networking,South,Online,3,"? 2,068.00","? 6,204.00",Cash,C02045
T003293,09-12-2025,Tablet,Electronics,South,Online,2,"? 37,486.00","? 74,972.00",Net Banking,C00088
T003294,07-06-2025,Power Bank,Accessories,East,Online,1,"? 3,210.00","? 3,210.00",UPI,C00537
T003295,03-08-2025,Monitor,Electronics,South,Online,2,"? 19,598.00","? 39,196.00",UPI,C00542
T003296,26-06-2025,Keyboard,Accessories,North,Offline,1,? 833.00,? 833.00,Credit Card,C00679
T003297,24-06-2025,Power Bank,Accessories,South,Offline,3,"? 2,861.00","? 8,583.00",UPI,C00892
T003298,06-12-2025,Mouse,Accessories,East,Offline,5,? 682.00,"? 3,410.00",Cash,C01931
T003299,04-12-2025,Smartphone,Electronics,East,Online,5,"? 58,813.00","? 2,94,065.00",Cash,C01609
T003300,26-05-2025,Keyboard,Accessories,South,Online,4,"? 4,430.00","? 17,720.00",Credit Card,C00420
T003301,20-11-2025,Gaming Chair,Furniture,North,Online,2,"? 19,684.00","? 39,368.00",Credit Card,C01747
T003302,10-06-2025,Monitor,Electronics,West,Online,2,"? 32,702.00","? 65,404.00",Cash,C00692
T003303,07-05-2025,Monitor,Electronics,North,Online,5,"? 14,122.00","? 70,610.00",Credit Card,C00517
T003304,23-03-2025,Headphones,Accessories,North,Online,1,"? 2,795.00","? 2,795.00",Cash,C00714
T003305,27-05-2025,Keyboard,Accessories,North,Offline,2,"? 2,549.00","? 5,098.00",UPI,C01280
T003306,27-08-2025,Gaming Chair,Furniture,South,Online,1,"? 28,697.00","? 28,697.00",Net Banking,C00654
T003307,25-03-2025,Smartwatch,Accessories,West,Offline,1,"? 10,187.00","? 10,187.00",Credit Card,C00916
T003308,23-04-2025,Printer,Electronics,North,Online,1,"? 10,840.00","? 10,840.00",Credit Card,C01964
T003309,13-08-2025,Monitor,Electronics,West,Online,1,"? 18,919.00","? 18,919.00",Cash,C02039
T003310,28-11-2025,Smartphone,Electronics,East,Online,4,"? 18,726.00","? 74,904.00",Credit Card,C00100
T003311,31-08-2025,Power Bank,Accessories,West,Online,4,"? 4,360.00","? 17,440.00",Credit Card,C01305
T003312,23-05-2025,Router,Networking,South,Offline,5,"? 1,759.00","? 8,795.00",Cash,C02217
T003313,10-02-2025,Mouse,Accessories,East,Online,4,"? 1,641.00","? 6,564.00",UPI,C00325
T003314,15-09-2025,Mouse,Accessories,East,Offline,2,"? 2,243.00","? 4,486.00",UPI,C01257
T003315,12-10-2025,Speaker,Accessories,North,Online,4,"? 7,277.00","? 29,108.00",Net Banking,C01115
T003316,15-04-2025,Gaming Chair,Furniture,West,Online,2,"? 21,754.00","? 43,508.00",UPI,C00908
T003317,21-07-2025,Gaming Chair,Furniture,East,Online,2,"? 10,280.00","? 20,560.00",Credit Card,C00028
T003318,03-11-2025,Power Bank,Accessories,East,Offline,1,"? 1,755.00","? 1,755.00",UPI,C02092
T003319,27-11-2025,Laptop,Electronics,West,Online,5,"? 79,788.00","? 3,98,940.00",Cash,C01621
T003320,23-09-2025,Laptop,Electronics,West,Offline,1,"? 57,796.00","? 57,796.00",Cash,C00811
T003321,29-07-2025,Power Bank,Accessories,East,Online,1,"? 1,908.00","? 1,908.00",Net Banking,C02359
T003322,20-02-2025,Headphones,Accessories,East,Online,4,"? 10,734.00","? 42,936.00",UPI,C01916
T003323,28-04-2025,Smartwatch,Accessories,West,Offline,4,"? 3,255.00","? 13,020.00",UPI,C01397
T003324,20-07-2025,Webcam,Accessories,South,Online,2,"? 7,962.00","? 15,924.00",Credit Card,C02345
T003325,08-02-2025,Headphones,Accessories,West,Online,4,"? 11,432.00","? 45,728.00",Net Banking,C01068
T003326,28-01-2025,Mouse,Accessories,South,Offline,4,"? 2,058.00","? 8,232.00",UPI,C00011
T003327,16-09-2025,Tablet,Electronics,East,Online,3,"? 37,560.00","? 1,12,680.00",Credit Card,C00787
T003328,25-03-2025,Mouse,Accessories,North,Online,2,"? 1,980.00","? 3,960.00",Credit Card,C00381
T003329,04-06-2025,Router,Networking,West,Online,2,"? 6,360.00","? 12,720.00",Credit Card,C01852
T003330,27-04-2025,Monitor,Electronics,East,Online,3,"? 15,620.00","? 46,860.00",Credit Card,C00923
T003331,02-01-2025,Keyboard,Accessories,East,Online,2,"? 3,632.00","? 7,264.00",UPI,C00505
T003332,03-04-2025,Keyboard,Accessories,North,Online,5,"? 2,286.00","? 11,430.00",Credit Card,C00199
T003333,15-06-2025,Monitor,Electronics,West,Offline,5,"? 31,033.00","? 1,55,165.00",Net Banking,C01493
T003334,16-12-2025,Monitor,Electronics,East,Online,3,"? 18,304.00","? 54,912.00",UPI,C01145
T003335,23-10-2025,Mouse,Accessories,South,Offline,4,"? 2,669.00","? 10,676.00",Cash,C01432
T003336,15-09-2025,Keyboard,Accessories,North,Online,5,"? 3,221.00","? 16,105.00",Cash,C00732
T003337,22-03-2025,Keyboard,Accessories,South,Online,3,"? 4,451.00","? 13,353.00",Cash,C01782
T003338,25-09-2025,Camera,Electronics,West,Online,5,"? 20,783.00","? 1,03,915.00",Credit Card,C01922
T003339,23-08-2025,Speaker,Accessories,South,Offline,1,"? 11,398.00","? 11,398.00",Credit Card,C02143
T003340,17-11-2025,Router,Networking,North,Offline,3,"? 1,914.00","? 5,742.00",Cash,C00268
T003341,07-11-2025,Router,Networking,East,Online,2,"? 1,863.00","? 3,726.00",Net Banking,C00193
T003342,28-10-2025,Keyboard,Accessories,North,Online,5,"? 3,275.00","? 16,375.00",Net Banking,C02492
T003343,23-12-2025,Monitor,Electronics,East,Offline,2,"? 9,103.00","? 18,206.00",UPI,C01082
T003344,01-08-2025,Laptop,Electronics,East,Offline,3,"? 55,309.00","? 1,65,927.00",UPI,C00989
T003345,03-03-2025,Smartwatch,Accessories,South,Offline,5,"? 3,171.00","? 15,855.00",Net Banking,C00094
T003346,18-02-2025,Tablet,Electronics,North,Online,2,"? 18,634.00","? 37,268.00",Cash,C00298
T003347,07-05-2025,Power Bank,Accessories,North,Offline,4,"? 4,743.00","? 18,972.00",Credit Card,C00513
T003348,11-08-2025,Monitor,Electronics,East,Offline,4,"? 29,129.00","? 1,16,516.00",UPI,C00909
T003349,06-10-2025,Speaker,Accessories,North,Online,1,"? 14,296.00","? 14,296.00",Net Banking,C02254
T003350,21-10-2025,Keyboard,Accessories,West,Online,3,"? 3,112.00","? 9,336.00",Credit Card,C02026
T003351,11-10-2025,Gaming Chair,Furniture,West,Online,2,"? 21,710.00","? 43,420.00",Credit Card,C01217
T003352,04-10-2025,Smartphone,Electronics,South,Online,1,"? 54,404.00","? 54,404.00",Credit Card,C00224
T003353,17-04-2025,Webcam,Accessories,South,Offline,3,"? 4,089.00","? 12,267.00",Credit Card,C02086
T003354,26-05-2025,Router,Networking,North,Offline,4,"? 3,339.00","? 13,356.00",Credit Card,C00448
T003355,09-04-2025,Mouse,Accessories,South,Online,2,"? 1,903.00","? 3,806.00",Cash,C00820
T003356,14-03-2025,Mouse,Accessories,North,Online,5,"? 2,026.00","? 10,130.00",Net Banking,C01007
T003357,02-05-2025,Router,Networking,South,Offline,4,"? 6,710.00","? 26,840.00",Net Banking,C00111
T003358,30-01-2025,Smartwatch,Accessories,West,Online,5,"? 19,106.00","? 95,530.00",Net Banking,C02041
T003359,07-07-2025,Monitor,Electronics,East,Online,5,"? 8,841.00","? 44,205.00",Credit Card,C02300
T003360,30-12-2025,Gaming Chair,Furniture,East,Online,2,"? 26,731.00","? 53,462.00",Credit Card,C00364
T003361,20-12-2025,Smartwatch,Accessories,West,Online,2,"? 2,645.00","? 5,290.00",Credit Card,C00667
T003362,15-10-2025,Laptop,Electronics,East,Online,5,"? 82,116.00","? 4,10,580.00",Net Banking,C02146
T003363,14-07-2025,Printer,Electronics,North,Online,1,"? 14,215.00","? 14,215.00",Credit Card,C01725
T003364,05-06-2025,Headphones,Accessories,North,Online,5,"? 4,272.00","? 21,360.00",UPI,C01021
T003365,21-06-2025,Router,Networking,West,Offline,5,"? 6,326.00","? 31,630.00",Credit Card,C00259
T003366,01-12-2025,Smartphone,Electronics,West,Offline,2,"? 64,158.00","? 1,28,316.00",Credit Card,C02129
T003367,10-02-2025,Headphones,Accessories,West,Offline,3,"? 4,701.00","? 14,103.00",Credit Card,C00859
T003368,04-03-2025,Gaming Chair,Furniture,West,Online,4,"? 21,908.00","? 87,632.00",UPI,C02407
T003369,23-01-2025,Router,Networking,East,Online,2,"? 4,425.00","? 8,850.00",Credit Card,C02414
T003370,26-12-2025,Printer,Electronics,East,Offline,1,"? 15,463.00","? 15,463.00",Credit Card,C01119
T003371,16-03-2025,Smartphone,Electronics,East,Offline,4,"? 60,221.00","? 2,40,884.00",Cash,C01513
T003372,17-02-2025,Headphones,Accessories,North,Online,2,"? 11,384.00","? 22,768.00",UPI,C01757
T003373,09-06-2025,Smartphone,Electronics,South,Online,2,"? 53,398.00","? 1,06,796.00",Cash,C00704
T003374,09-11-2025,Smartwatch,Accessories,North,Online,3,"? 17,902.00","? 53,706.00",Net Banking,C01594
T003375,28-04-2025,Tablet,Electronics,South,Online,1,"? 45,324.00","? 45,324.00",Cash,C02091
T003376,10-04-2025,Camera,Electronics,West,Online,1,"? 39,338.00","? 39,338.00",Credit Card,C01182
T003377,16-06-2025,Smartphone,Electronics,West,Offline,2,"? 22,387.00","? 44,774.00",Cash,C02283
T003378,17-10-2025,Gaming Chair,Furniture,East,Online,3,"? 17,858.00","? 53,574.00",Cash,C01875
T003379,05-06-2025,Printer,Electronics,East,Online,2,"? 19,630.00","? 39,260.00",UPI,C00895
T003380,07-01-2025,Smartwatch,Accessories,South,Offline,5,"? 6,661.00","? 33,305.00",Net Banking,C00957
T003381,15-07-2025,Camera,Electronics,South,Online,5,"? 83,105.00","? 4,15,525.00",UPI,C01436
T003382,25-02-2025,Smartwatch,Accessories,East,Offline,3,"? 5,801.00","? 17,403.00",Cash,C00394
T003383,17-11-2025,Laptop,Electronics,West,Online,2,"? 57,413.00","? 1,14,826.00",Credit Card,C01168
T003384,12-07-2025,Keyboard,Accessories,East,Offline,3,"? 1,863.00","? 5,589.00",Net Banking,C00927
T003385,16-02-2025,Router,Networking,West,Online,2,"? 5,379.00","? 10,758.00",Cash,C02058
T003386,28-05-2025,Mouse,Accessories,West,Offline,2,"? 1,681.00","? 3,362.00",UPI,C02378
T003387,02-10-2025,Laptop,Electronics,North,Online,5,"? 60,856.00","? 3,04,280.00",Net Banking,C01180
T003388,06-06-2025,Printer,Electronics,North,Online,4,"? 17,087.00","? 68,348.00",UPI,C00530
T003389,21-07-2025,Monitor,Electronics,South,Online,1,"? 16,187.00","? 16,187.00",Cash,C00960
T003390,06-05-2025,Power Bank,Accessories,West,Online,1,"? 2,008.00","? 2,008.00",UPI,C02318
T003391,01-11-2025,Gaming Chair,Furniture,East,Online,3,"? 24,686.00","? 74,058.00",Credit Card,C00264
T003392,21-10-2025,Gaming Chair,Furniture,West,Offline,1,"? 21,805.00","? 21,805.00",Cash,C00478
T003393,05-03-2025,Monitor,Electronics,South,Online,5,"? 16,947.00","? 84,735.00",Cash,C00356
T003394,21-11-2025,Mouse,Accessories,West,Offline,4,? 563.00,"? 2,252.00",Credit Card,C02250
T003395,25-06-2025,Smartwatch,Accessories,West,Online,2,"? 11,418.00","? 22,836.00",UPI,C02185
T003396,26-04-2025,Tablet,Electronics,South,Offline,2,"? 17,575.00","? 35,150.00",UPI,C01071
T003397,23-07-2025,Webcam,Accessories,West,Online,5,"? 7,478.00","? 37,390.00",UPI,C00063
T003398,17-11-2025,Power Bank,Accessories,North,Offline,1,"? 4,317.00","? 4,317.00",Net Banking,C00936
T003399,31-01-2025,Gaming Chair,Furniture,South,Online,2,"? 17,089.00","? 34,178.00",Credit Card,C00077
T003400,23-04-2025,Printer,Electronics,North,Online,1,"? 28,474.00","? 28,474.00",UPI,C00854
T003401,31-12-2025,Gaming Chair,Furniture,South,Online,5,"? 16,154.00","? 80,770.00",Cash,C00633
T003402,21-11-2025,Mouse,Accessories,West,Offline,2,"? 1,984.00","? 3,968.00",UPI,C01944
T003403,10-12-2025,Speaker,Accessories,North,Offline,3,"? 8,011.00","? 24,033.00",Net Banking,C02061
T003404,08-03-2025,Camera,Electronics,North,Offline,4,"? 49,398.00","? 1,97,592.00",Credit Card,C02438
T003405,16-03-2025,Camera,Electronics,East,Online,1,"? 63,869.00","? 63,869.00",UPI,C01715
T003406,14-02-2025,Monitor,Electronics,North,Offline,1,"? 17,646.00","? 17,646.00",Cash,C01852
T003407,17-09-2025,Gaming Chair,Furniture,North,Offline,1,"? 26,396.00","? 26,396.00",UPI,C00669
T003408,03-06-2025,Keyboard,Accessories,West,Online,1,"? 1,800.00","? 1,800.00",UPI,C01782
T003409,04-06-2025,Power Bank,Accessories,North,Online,5,"? 1,615.00","? 8,075.00",UPI,C00468
T003410,29-12-2025,Gaming Chair,Furniture,North,Offline,5,"? 23,755.00","? 1,18,775.00",Credit Card,C00341
T003411,22-08-2025,Speaker,Accessories,North,Online,5,"? 6,604.00","? 33,020.00",UPI,C02359
T003412,20-02-2025,Gaming Chair,Furniture,West,Offline,5,"? 29,999.00","? 1,49,995.00",UPI,C02236
T003413,02-11-2025,Smartwatch,Accessories,South,Online,2,"? 11,512.00","? 23,024.00",Cash,C00681
T003414,19-09-2025,Webcam,Accessories,West,Offline,5,"? 6,002.00","? 30,010.00",Cash,C01744
T003415,11-11-2025,Monitor,Electronics,North,Offline,2,"? 34,910.00","? 69,820.00",Cash,C01545
T003416,05-05-2025,Tablet,Electronics,South,Offline,3,"? 42,236.00","? 1,26,708.00",Credit Card,C01437
T003417,02-09-2025,Power Bank,Accessories,West,Online,5,"? 1,832.00","? 9,160.00",Credit Card,C00280
T003418,30-01-2025,Router,Networking,West,Online,3,"? 7,537.00","? 22,611.00",Credit Card,C02099
T003419,02-05-2025,Router,Networking,South,Offline,5,"? 2,655.00","? 13,275.00",UPI,C00785
T003420,05-05-2025,Mouse,Accessories,East,Offline,3,"? 1,500.00","? 4,500.00",Net Banking,C01252
T003421,06-02-2025,Smartphone,Electronics,North,Offline,4,"? 42,361.00","? 1,69,444.00",UPI,C00347
T003422,19-06-2025,Tablet,Electronics,East,Online,3,"? 24,466.00","? 73,398.00",UPI,C00117
T003423,04-05-2025,Webcam,Accessories,North,Online,2,"? 2,496.00","? 4,992.00",Credit Card,C02123
T003424,23-12-2025,Router,Networking,North,Online,1,"? 7,507.00","? 7,507.00",Cash,C01397
T003425,04-02-2025,Power Bank,Accessories,East,Online,3,"? 2,235.00","? 6,705.00",Net Banking,C01931
T003426,28-03-2025,Webcam,Accessories,East,Offline,1,"? 6,709.00","? 6,709.00",UPI,C00171
T003427,14-05-2025,Smartphone,Electronics,North,Offline,4,"? 66,697.00","? 2,66,788.00",Credit Card,C01913
T003428,15-07-2025,Smartwatch,Accessories,South,Online,4,"? 6,984.00","? 27,936.00",Cash,C01928
T003429,01-10-2025,Mouse,Accessories,South,Offline,2,? 753.00,"? 1,506.00",Credit Card,C01019
T003430,20-07-2025,Speaker,Accessories,East,Offline,2,"? 3,818.00","? 7,636.00",Credit Card,C02288
T003431,12-10-2025,Camera,Electronics,East,Offline,3,"? 65,487.00","? 1,96,461.00",Cash,C00808
T003432,18-03-2025,Speaker,Accessories,West,Online,5,"? 10,430.00","? 52,150.00",Net Banking,C01801
T003433,28-02-2025,Speaker,Accessories,South,Online,4,"? 4,019.00","? 16,076.00",UPI,C01176
T003434,06-05-2025,Speaker,Accessories,South,Offline,1,"? 6,927.00","? 6,927.00",Cash,C00076
T003435,19-04-2025,Webcam,Accessories,North,Online,5,"? 6,103.00","? 30,515.00",Cash,C00736
T003436,12-08-2025,Camera,Electronics,West,Offline,4,"? 44,630.00","? 1,78,520.00",UPI,C01275
T003437,05-10-2025,Webcam,Accessories,North,Offline,3,"? 3,584.00","? 10,752.00",Credit Card,C02308
T003438,09-03-2025,Webcam,Accessories,West,Offline,4,"? 2,399.00","? 9,596.00",UPI,C02365
T003439,10-03-2025,Webcam,Accessories,South,Offline,2,"? 1,962.00","? 3,924.00",Credit Card,C01150
T003440,14-06-2025,Router,Networking,North,Offline,1,"? 6,292.00","? 6,292.00",Cash,C00704
T003441,01-11-2025,Gaming Chair,Furniture,West,Online,1,"? 25,885.00","? 25,885.00",Credit Card,C00548
T003442,11-06-2025,Laptop,Electronics,North,Online,2,"? 62,068.00","? 1,24,136.00",Net Banking,C01383
T003443,31-12-2025,Router,Networking,West,Online,5,"? 2,215.00","? 11,075.00",Credit Card,C00166
T003444,08-12-2025,Camera,Electronics,East,Online,2,"? 58,098.00","? 1,16,196.00",Credit Card,C02386
T003445,05-11-2025,Printer,Electronics,North,Online,1,"? 29,558.00","? 29,558.00",Cash,C01679
T003446,09-12-2025,Laptop,Electronics,East,Online,3,"? 80,518.00","? 2,41,554.00",UPI,C00816
T003447,11-02-2025,Laptop,Electronics,West,Online,5,"? 59,180.00","? 2,95,900.00",UPI,C00414
T003448,20-12-2025,Gaming Chair,Furniture,North,Online,4,"? 24,595.00","? 98,380.00",Credit Card,C00703
T003449,19-04-2025,Webcam,Accessories,West,Offline,3,"? 8,856.00","? 26,568.00",Credit Card,C01049
T003450,20-02-2025,Power Bank,Accessories,West,Offline,5,"? 3,946.00","? 19,730.00",UPI,C00772
T003451,07-09-2025,Camera,Electronics,East,Offline,1,"? 23,750.00","? 23,750.00",UPI,C00632
T003452,07-12-2025,Monitor,Electronics,North,Online,1,"? 19,881.00","? 19,881.00",UPI,C01526
T003453,21-01-2025,Keyboard,Accessories,South,Online,3,"? 3,922.00","? 11,766.00",UPI,C00449
T003454,27-10-2025,Keyboard,Accessories,West,Online,5,"? 1,135.00","? 5,675.00",UPI,C01506
T003455,19-05-2025,Power Bank,Accessories,East,Online,4,"? 2,701.00","? 10,804.00",Cash,C00329
T003456,25-12-2025,Printer,Electronics,South,Online,4,"? 10,929.00","? 43,716.00",UPI,C02415
T003457,20-11-2025,Webcam,Accessories,East,Online,2,"? 3,460.00","? 6,920.00",UPI,C01563
T003458,02-04-2025,Headphones,Accessories,East,Online,3,"? 5,272.00","? 15,816.00",Credit Card,C01112
T003459,07-10-2025,Monitor,Electronics,East,Offline,5,"? 34,382.00","? 1,71,910.00",Cash,C02457
T003460,05-05-2025,Headphones,Accessories,West,Offline,3,"? 6,813.00","? 20,439.00",UPI,C00050
T003461,21-04-2025,Gaming Chair,Furniture,South,Online,4,"? 9,724.00","? 38,896.00",Cash,C00183
T003462,20-12-2025,Smartphone,Electronics,West,Online,5,"? 16,494.00","? 82,470.00",UPI,C00394
T003463,19-05-2025,Speaker,Accessories,West,Online,1,"? 3,479.00","? 3,479.00",Credit Card,C01769
T003464,30-09-2025,Webcam,Accessories,North,Online,1,"? 6,928.00","? 6,928.00",Credit Card,C00186
T003465,09-04-2025,Monitor,Electronics,South,Offline,5,"? 28,437.00","? 1,42,185.00",Credit Card,C00089
T003466,09-09-2025,Power Bank,Accessories,North,Offline,3,"? 1,045.00","? 3,135.00",Net Banking,C00086
T003467,04-12-2025,Mouse,Accessories,East,Online,3,"? 2,252.00","? 6,756.00",Net Banking,C00120
T003468,14-04-2025,Headphones,Accessories,South,Online,1,"? 8,160.00","? 8,160.00",Credit Card,C00088
T003469,02-08-2025,Printer,Electronics,South,Offline,1,"? 14,575.00","? 14,575.00",Credit Card,C01179
T003470,06-09-2025,Webcam,Accessories,West,Online,4,"? 8,709.00","? 34,836.00",Credit Card,C00912
T003471,01-06-2025,Printer,Electronics,East,Offline,5,"? 6,284.00","? 31,420.00",Credit Card,C00361
T003472,07-09-2025,Monitor,Electronics,West,Offline,3,"? 23,315.00","? 69,945.00",Cash,C00696
T003473,02-10-2025,Gaming Chair,Furniture,North,Online,4,"? 13,083.00","? 52,332.00",Credit Card,C01743
T003474,14-06-2025,Laptop,Electronics,East,Online,3,"? 70,378.00","? 2,11,134.00",UPI,C00735
T003475,07-12-2025,Mouse,Accessories,West,Offline,1,? 699.00,? 699.00,UPI,C00053
T003476,08-01-2025,Smartwatch,Accessories,West,Online,5,"? 2,900.00","? 14,500.00",Credit Card,C01738
T003477,11-10-2025,Mouse,Accessories,West,Offline,2,"? 1,859.00","? 3,718.00",UPI,C01736
T003478,05-01-2025,Power Bank,Accessories,East,Online,5,"? 3,721.00","? 18,605.00",Cash,C01731
T003479,25-05-2025,Printer,Electronics,North,Online,2,"? 8,533.00","? 17,066.00",Credit Card,C00403
T003480,11-04-2025,Smartphone,Electronics,South,Offline,4,"? 47,692.00","? 1,90,768.00",UPI,C01965
T003481,13-06-2025,Router,Networking,West,Online,2,"? 2,305.00","? 4,610.00",Credit Card,C00873
T003482,27-05-2025,Gaming Chair,Furniture,East,Online,2,"? 15,595.00","? 31,190.00",Credit Card,C01268
T003483,05-03-2025,Speaker,Accessories,South,Online,4,"? 3,728.00","? 14,912.00",Credit Card,C00638
T003484,01-04-2025,Headphones,Accessories,West,Offline,5,"? 2,921.00","? 14,605.00",Net Banking,C00877
T003485,27-04-2025,Headphones,Accessories,East,Offline,4,"? 5,972.00","? 23,888.00",UPI,C00713
T003486,20-12-2025,Smartphone,Electronics,North,Online,1,"? 17,387.00","? 17,387.00",Cash,C00052
T003487,24-09-2025,Tablet,Electronics,West,Offline,1,"? 20,730.00","? 20,730.00",UPI,C01267
T003488,06-11-2025,Speaker,Accessories,East,Online,2,"? 3,496.00","? 6,992.00",Credit Card,C02032
T003489,22-06-2025,Gaming Chair,Furniture,West,Online,4,"? 12,825.00","? 51,300.00",Net Banking,C00402
T003490,16-02-2025,Gaming Chair,Furniture,East,Offline,4,"? 13,282.00","? 53,128.00",UPI,C01747
T003491,20-05-2025,Router,Networking,North,Offline,4,"? 7,177.00","? 28,708.00",UPI,C00619
T003492,03-09-2025,Monitor,Electronics,North,Online,5,"? 26,887.00","? 1,34,435.00",UPI,C00664
T003493,29-05-2025,Power Bank,Accessories,East,Online,3,? 904.00,"? 2,712.00",UPI,C00902
T003494,03-09-2025,Printer,Electronics,South,Online,3,"? 29,246.00","? 87,738.00",Net Banking,C02271
T003495,05-01-2025,Keyboard,Accessories,North,Offline,3,"? 1,138.00","? 3,414.00",UPI,C00667
T003496,03-07-2025,Camera,Electronics,West,Online,5,"? 37,905.00","? 1,89,525.00",Credit Card,C02018
T003497,20-01-2025,Smartphone,Electronics,North,Online,4,"? 49,119.00","? 1,96,476.00",Credit Card,C00174
T003498,15-02-2025,Smartphone,Electronics,West,Online,3,"? 17,698.00","? 53,094.00",Credit Card,C01371
T003499,12-01-2025,Mouse,Accessories,North,Online,4,? 908.00,"? 3,632.00",Credit Card,C02395
T003500,11-03-2025,Monitor,Electronics,North,Offline,2,"? 23,300.00","? 46,600.00",Cash,C02233
T003501,17-01-2025,Monitor,Electronics,West,Online,3,"? 13,310.00","? 39,930.00",Credit Card,C00396
T003502,27-05-2025,Gaming Chair,Furniture,North,Online,2,"? 14,190.00","? 28,380.00",Cash,C02361
T003503,03-06-2025,Keyboard,Accessories,West,Online,5,"? 1,974.00","? 9,870.00",UPI,C01222
T003504,31-10-2025,Camera,Electronics,West,Online,1,"? 49,689.00","? 49,689.00",UPI,C01591
T003505,18-04-2025,Monitor,Electronics,North,Online,5,"? 10,822.00","? 54,110.00",Credit Card,C00710
T003506,24-08-2025,Gaming Chair,Furniture,North,Online,5,"? 24,447.00","? 1,22,235.00",Credit Card,C01522
T003507,04-11-2025,Webcam,Accessories,West,Online,5,"? 5,421.00","? 27,105.00",Credit Card,C01557
T003508,18-12-2025,Laptop,Electronics,East,Offline,3,"? 78,991.00","? 2,36,973.00",Net Banking,C00462
T003509,11-03-2025,Printer,Electronics,North,Offline,2,"? 23,243.00","? 46,486.00",Cash,C00872
T003510,02-07-2025,Router,Networking,South,Online,3,"? 4,327.00","? 12,981.00",Net Banking,C00115
T003511,07-09-2025,Power Bank,Accessories,North,Online,1,"? 2,347.00","? 2,347.00",Net Banking,C00864
T003512,16-08-2025,Laptop,Electronics,East,Online,5,"? 82,035.00","? 4,10,175.00",Net Banking,C02431
T003513,12-04-2025,Router,Networking,East,Online,4,"? 3,576.00","? 14,304.00",Credit Card,C01219
T003514,16-03-2025,Tablet,Electronics,North,Offline,1,"? 26,820.00","? 26,820.00",Cash,C01231
T003515,04-08-2025,Power Bank,Accessories,North,Offline,2,"? 4,457.00","? 8,914.00",Net Banking,C01886
T003516,22-07-2025,Printer,Electronics,South,Offline,1,"? 23,146.00","? 23,146.00",Credit Card,C02031
T003517,11-07-2025,Webcam,Accessories,North,Online,3,"? 2,235.00","? 6,705.00",UPI,C01486
T003518,06-09-2025,Speaker,Accessories,East,Offline,4,"? 8,714.00","? 34,856.00",Cash,C02159
T003519,30-08-2025,Smartwatch,Accessories,South,Online,3,"? 13,856.00","? 41,568.00",Cash,C01464
T003520,28-06-2025,Printer,Electronics,North,Offline,5,"? 10,094.00","? 50,470.00",Net Banking,C01193
T003521,07-08-2025,Printer,Electronics,South,Online,5,"? 28,978.00","? 1,44,890.00",UPI,C02480
T003522,23-03-2025,Keyboard,Accessories,South,Online,1,"? 2,278.00","? 2,278.00",UPI,C01692
T003523,02-04-2025,Speaker,Accessories,East,Online,5,"? 5,229.00","? 26,145.00",UPI,C02039
T003524,24-06-2025,Laptop,Electronics,East,Online,5,"? 57,241.00","? 2,86,205.00",Cash,C01772
T003525,27-08-2025,Camera,Electronics,West,Offline,2,"? 81,639.00","? 1,63,278.00",UPI,C00352
T003526,17-09-2025,Mouse,Accessories,East,Offline,2,"? 1,073.00","? 2,146.00",Net Banking,C02171
T003527,31-12-2025,Gaming Chair,Furniture,West,Offline,3,"? 24,932.00","? 74,796.00",Net Banking,C00701
T003528,12-06-2025,Keyboard,Accessories,East,Offline,3,"? 1,636.00","? 4,908.00",UPI,C00962
T003529,17-02-2025,Printer,Electronics,East,Online,2,"? 20,432.00","? 40,864.00",Cash,C00337
T003530,25-11-2025,Mouse,Accessories,West,Online,1,? 448.00,? 448.00,Credit Card,C02032
T003531,24-11-2025,Gaming Chair,Furniture,West,Online,2,"? 8,895.00","? 17,790.00",Credit Card,C02327
T003532,26-04-2025,Power Bank,Accessories,West,Offline,3,"? 3,369.00","? 10,107.00",Credit Card,C01979
T003533,03-12-2025,Speaker,Accessories,South,Online,4,"? 11,779.00","? 47,116.00",Cash,C00869
T003534,03-12-2025,Power Bank,Accessories,West,Online,5,"? 1,713.00","? 8,565.00",Credit Card,C01692
T003535,13-08-2025,Router,Networking,South,Online,4,"? 2,676.00","? 10,704.00",Credit Card,C00109
T003536,18-12-2025,Headphones,Accessories,South,Offline,4,"? 8,273.00","? 33,092.00",Credit Card,C01897
T003537,24-11-2025,Mouse,Accessories,West,Offline,5,"? 3,000.00","? 15,000.00",Cash,C01150
T003538,27-05-2025,Smartphone,Electronics,West,Online,2,"? 44,347.00","? 88,694.00",Credit Card,C02375
T003539,04-03-2025,Keyboard,Accessories,West,Offline,1,"? 3,973.00","? 3,973.00",UPI,C01291
T003540,21-10-2025,Webcam,Accessories,East,Online,4,"? 8,076.00","? 32,304.00",Cash,C00062
T003541,19-11-2025,Keyboard,Accessories,East,Online,1,"? 4,942.00","? 4,942.00",UPI,C00171
T003542,21-11-2025,Smartphone,Electronics,West,Offline,3,"? 32,906.00","? 98,718.00",Net Banking,C00121
T003543,13-01-2025,Gaming Chair,Furniture,North,Online,4,"? 15,477.00","? 61,908.00",Credit Card,C01734
T003544,08-07-2025,Headphones,Accessories,West,Online,3,"? 3,802.00","? 11,406.00",Net Banking,C00263
T003545,14-10-2025,Monitor,Electronics,North,Offline,2,"? 11,122.00","? 22,244.00",UPI,C02186
T003546,27-07-2025,Monitor,Electronics,East,Offline,4,"? 20,782.00","? 83,128.00",Credit Card,C01192
T003547,24-04-2025,Router,Networking,East,Offline,3,"? 3,956.00","? 11,868.00",Cash,C02249
T003548,22-01-2025,Monitor,Electronics,North,Online,3,"? 26,033.00","? 78,099.00",Net Banking,C02150
T003549,15-12-2025,Monitor,Electronics,East,Online,2,"? 10,320.00","? 20,640.00",UPI,C02067
T003550,02-08-2025,Laptop,Electronics,West,Online,1,"? 93,465.00","? 93,465.00",Credit Card,C02414
T003551,20-06-2025,Smartphone,Electronics,North,Offline,1,"? 32,527.00","? 32,527.00",Net Banking,C01446
T003552,19-11-2025,Power Bank,Accessories,North,Online,4,"? 4,572.00","? 18,288.00",UPI,C00881
T003553,23-02-2025,Webcam,Accessories,South,Online,2,"? 9,737.00","? 19,474.00",UPI,C02197
T003554,25-10-2025,Headphones,Accessories,East,Online,4,"? 4,314.00","? 17,256.00",Net Banking,C00497
T003555,16-11-2025,Power Bank,Accessories,North,Offline,1,"? 3,409.00","? 3,409.00",UPI,C00750
T003556,06-05-2025,Printer,Electronics,North,Online,2,"? 13,591.00","? 27,182.00",Credit Card,C00007
T003557,04-10-2025,Tablet,Electronics,North,Online,5,"? 13,119.00","? 65,595.00",UPI,C02006
T003558,23-07-2025,Gaming Chair,Furniture,East,Online,2,"? 25,784.00","? 51,568.00",UPI,C02381
T003559,13-07-2025,Keyboard,Accessories,North,Online,2,"? 2,291.00","? 4,582.00",Credit Card,C01047
T003560,18-06-2025,Mouse,Accessories,North,Online,5,? 407.00,"? 2,035.00",Credit Card,C01980
T003561,01-06-2025,Monitor,Electronics,West,Online,3,"? 33,559.00","? 1,00,677.00",Credit Card,C02138
T003562,04-02-2025,Router,Networking,West,Offline,3,"? 5,097.00","? 15,291.00",Credit Card,C01909
T003563,03-07-2025,Mouse,Accessories,South,Online,3,"? 2,150.00","? 6,450.00",Credit Card,C01090
T003564,13-10-2025,Tablet,Electronics,North,Online,1,"? 31,873.00","? 31,873.00",UPI,C02101
T003565,26-02-2025,Keyboard,Accessories,East,Online,2,"? 4,211.00","? 8,422.00",UPI,C00403
T003566,10-08-2025,Smartwatch,Accessories,South,Offline,5,"? 5,828.00","? 29,140.00",Credit Card,C00704
T003567,30-10-2025,Webcam,Accessories,South,Online,1,"? 2,065.00","? 2,065.00",UPI,C00142
T003568,12-06-2025,Router,Networking,South,Offline,5,"? 3,820.00","? 19,100.00",UPI,C01049
T003569,19-01-2025,Power Bank,Accessories,North,Offline,1,"? 1,700.00","? 1,700.00",Credit Card,C00762
T003570,21-09-2025,Camera,Electronics,South,Online,1,"? 30,370.00","? 30,370.00",Credit Card,C00033
T003571,09-10-2025,Headphones,Accessories,East,Online,1,"? 3,771.00","? 3,771.00",Credit Card,C01402
T003572,23-04-2025,Laptop,Electronics,West,Offline,5,"? 56,777.00","? 2,83,885.00",UPI,C01392
T003573,23-11-2025,Gaming Chair,Furniture,West,Offline,4,"? 8,113.00","? 32,452.00",Cash,C01157
T003574,30-01-2025,Router,Networking,North,Offline,1,"? 2,031.00","? 2,031.00",Credit Card,C02197
T003575,15-05-2025,Mouse,Accessories,East,Offline,3,"? 1,922.00","? 5,766.00",Credit Card,C00827
T003576,08-03-2025,Monitor,Electronics,East,Online,2,"? 11,410.00","? 22,820.00",Net Banking,C00526
T003577,06-03-2025,Smartphone,Electronics,East,Offline,4,"? 24,236.00","? 96,944.00",UPI,C00566
T003578,19-10-2025,Mouse,Accessories,North,Online,4,"? 2,143.00","? 8,572.00",Cash,C01789
T003579,25-01-2025,Keyboard,Accessories,East,Online,5,? 732.00,"? 3,660.00",Net Banking,C02000
T003580,06-02-2025,Smartwatch,Accessories,West,Offline,4,"? 10,324.00","? 41,296.00",Credit Card,C00946
T003581,01-01-2025,Router,Networking,East,Online,5,"? 4,467.00","? 22,335.00",UPI,C02043
T003582,06-02-2025,Headphones,Accessories,East,Online,5,"? 2,726.00","? 13,630.00",Cash,C00641
T003583,21-05-2025,Smartphone,Electronics,North,Online,3,"? 69,222.00","? 2,07,666.00",Cash,C00508
T003584,20-08-2025,Camera,Electronics,South,Online,1,"? 60,985.00","? 60,985.00",UPI,C00130
T003585,16-05-2025,Keyboard,Accessories,South,Offline,4,"? 3,348.00","? 13,392.00",UPI,C01096
T003586,07-07-2025,Smartwatch,Accessories,North,Online,1,"? 14,832.00","? 14,832.00",Credit Card,C00653
T003587,08-05-2025,Smartphone,Electronics,North,Offline,1,"? 24,453.00","? 24,453.00",Credit Card,C00403
T003588,20-07-2025,Camera,Electronics,North,Online,1,"? 47,921.00","? 47,921.00",Cash,C01150
T003589,07-05-2025,Mouse,Accessories,North,Online,5,"? 1,333.00","? 6,665.00",UPI,C01787
T003590,14-09-2025,Keyboard,Accessories,East,Online,1,"? 1,750.00","? 1,750.00",Credit Card,C01529
T003591,13-06-2025,Power Bank,Accessories,East,Online,4,"? 1,616.00","? 6,464.00",UPI,C00514
T003592,04-02-2025,Webcam,Accessories,South,Online,5,"? 7,530.00","? 37,650.00",Net Banking,C01034
T003593,13-07-2025,Webcam,Accessories,North,Offline,4,"? 8,616.00","? 34,464.00",Credit Card,C01477
T003594,10-07-2025,Speaker,Accessories,North,Online,5,"? 6,543.00","? 32,715.00",Net Banking,C00471
T003595,14-04-2025,Printer,Electronics,East,Online,2,"? 28,851.00","? 57,702.00",Credit Card,C00736
T003596,23-01-2025,Speaker,Accessories,North,Online,2,"? 12,606.00","? 25,212.00",UPI,C02157
T003597,22-09-2025,Camera,Electronics,West,Online,2,"? 72,754.00","? 1,45,508.00",UPI,C02348
T003598,17-10-2025,Smartwatch,Accessories,East,Online,2,"? 8,878.00","? 17,756.00",Cash,C01066
T003599,17-09-2025,Printer,Electronics,West,Offline,5,"? 6,792.00","? 33,960.00",Credit Card,C02462
T003600,24-12-2025,Printer,Electronics,East,Online,1,"? 17,367.00","? 17,367.00",Net Banking,C00028
T003601,16-03-2025,Router,Networking,East,Online,3,"? 7,463.00","? 22,389.00",Credit Card,C00213
T003602,21-12-2025,Laptop,Electronics,East,Offline,3,"? 59,547.00","? 1,78,641.00",UPI,C00154
T003603,13-03-2025,Smartwatch,Accessories,South,Online,2,"? 3,385.00","? 6,770.00",Cash,C00158
T003604,16-09-2025,Printer,Electronics,South,Online,1,"? 23,444.00","? 23,444.00",Cash,C02342
T003605,07-07-2025,Mouse,Accessories,East,Offline,4,"? 1,771.00","? 7,084.00",Cash,C01385
T003606,22-06-2025,Keyboard,Accessories,East,Offline,1,"? 4,838.00","? 4,838.00",Cash,C00622
T003607,17-10-2025,Keyboard,Accessories,East,Online,4,"? 1,849.00","? 7,396.00",Credit Card,C02282
T003608,14-02-2025,Speaker,Accessories,East,Offline,3,"? 9,193.00","? 27,579.00",UPI,C00823
T003609,02-03-2025,Mouse,Accessories,North,Online,1,"? 2,631.00","? 2,631.00",Credit Card,C02225
T003610,24-03-2025,Laptop,Electronics,North,Offline,1,"? 53,353.00","? 53,353.00",Credit Card,C00639
T003611,03-05-2025,Headphones,Accessories,North,Offline,3,"? 6,969.00","? 20,907.00",Cash,C00052
T003612,24-12-2025,Router,Networking,South,Online,1,"? 6,128.00","? 6,128.00",Cash,C00817
T003613,16-01-2025,Webcam,Accessories,West,Online,4,"? 4,948.00","? 19,792.00",Credit Card,C01472
T003614,07-03-2025,Laptop,Electronics,East,Online,1,"? 79,990.00","? 79,990.00",UPI,C00330
T003615,25-05-2025,Keyboard,Accessories,North,Online,4,"? 3,747.00","? 14,988.00",Cash,C00785
T003616,11-06-2025,Gaming Chair,Furniture,North,Online,2,"? 22,281.00","? 44,562.00",Cash,C00296
T003617,22-08-2025,Router,Networking,North,Offline,1,"? 6,549.00","? 6,549.00",UPI,C00346
T003618,24-05-2025,Headphones,Accessories,East,Online,4,"? 1,068.00","? 4,272.00",Net Banking,C02202
T003619,24-12-2025,Laptop,Electronics,East,Online,3,"? 60,058.00","? 1,80,174.00",Cash,C02280
T003620,07-07-2025,Printer,Electronics,West,Offline,2,"? 18,093.00","? 36,186.00",UPI,C02380
T003621,18-11-2025,Power Bank,Accessories,South,Offline,1,"? 4,308.00","? 4,308.00",Credit Card,C01506
T003622,13-01-2025,Headphones,Accessories,West,Online,4,"? 1,300.00","? 5,200.00",UPI,C00379
T003623,03-07-2025,Power Bank,Accessories,East,Offline,1,"? 4,922.00","? 4,922.00",UPI,C01995
T003624,21-04-2025,Keyboard,Accessories,West,Offline,4,"? 3,677.00","? 14,708.00",UPI,C00568
T003625,17-10-2025,Router,Networking,North,Online,1,"? 4,100.00","? 4,100.00",Net Banking,C00030
T003626,22-10-2025,Mouse,Accessories,West,Online,2,"? 2,553.00","? 5,106.00",Credit Card,C00694
T003627,03-08-2025,Monitor,Electronics,North,Offline,2,"? 22,907.00","? 45,814.00",Cash,C02043
T003628,30-04-2025,Power Bank,Accessories,West,Offline,1,"? 4,818.00","? 4,818.00",Credit Card,C01215
T003629,24-02-2025,Router,Networking,North,Online,1,"? 7,334.00","? 7,334.00",UPI,C00671
T003630,27-01-2025,Speaker,Accessories,West,Online,5,"? 4,582.00","? 22,910.00",UPI,C01504
T003631,28-04-2025,Printer,Electronics,South,Offline,1,"? 13,074.00","? 13,074.00",Cash,C00178
T003632,09-08-2025,Printer,Electronics,West,Offline,1,"? 23,623.00","? 23,623.00",Cash,C02460
T003633,19-08-2025,Monitor,Electronics,East,Offline,2,"? 18,560.00","? 37,120.00",UPI,C01387
T003634,22-02-2025,Camera,Electronics,East,Offline,1,"? 20,459.00","? 20,459.00",Credit Card,C01745
T003635,22-10-2025,Speaker,Accessories,North,Offline,3,"? 13,720.00","? 41,160.00",Credit Card,C00994
T003636,17-11-2025,Webcam,Accessories,East,Offline,1,"? 9,482.00","? 9,482.00",Cash,C00803
T003637,21-08-2025,Power Bank,Accessories,North,Offline,5,"? 3,426.00","? 17,130.00",Cash,C01721
T003638,07-06-2025,Power Bank,Accessories,South,Offline,4,"? 4,563.00","? 18,252.00",Cash,C02493
T003639,26-09-2025,Webcam,Accessories,East,Online,2,"? 8,520.00","? 17,040.00",Credit Card,C02389
T003640,21-01-2025,Gaming Chair,Furniture,East,Offline,3,"? 10,801.00","? 32,403.00",Cash,C00800
T003641,22-02-2025,Tablet,Electronics,North,Online,4,"? 38,831.00","? 1,55,324.00",Net Banking,C01762
T003642,02-10-2025,Power Bank,Accessories,South,Online,3,"? 1,263.00","? 3,789.00",Credit Card,C01250
T003643,09-11-2025,Smartphone,Electronics,South,Online,2,"? 15,997.00","? 31,994.00",UPI,C01032
T003644,08-10-2025,Smartwatch,Accessories,West,Online,5,"? 8,384.00","? 41,920.00",UPI,C02000
T003645,02-08-2025,Laptop,Electronics,North,Online,2,"? 63,223.00","? 1,26,446.00",Net Banking,C01955
T003646,31-01-2025,Tablet,Electronics,North,Offline,3,"? 21,198.00","? 63,594.00",UPI,C00535
T003647,03-12-2025,Laptop,Electronics,South,Offline,3,"? 84,446.00","? 2,53,338.00",UPI,C00735
T003648,02-07-2025,Router,Networking,North,Offline,2,"? 2,364.00","? 4,728.00",UPI,C01373
T003649,23-01-2025,Tablet,Electronics,East,Offline,1,"? 19,382.00","? 19,382.00",Credit Card,C00950
T003650,01-02-2025,Router,Networking,East,Online,2,"? 4,197.00","? 8,394.00",UPI,C01837
T003651,15-03-2025,Headphones,Accessories,East,Online,5,"? 11,566.00","? 57,830.00",Cash,C00548
T003652,10-01-2025,Mouse,Accessories,North,Online,2,"? 1,264.00","? 2,528.00",Cash,C00312
T003653,23-02-2025,Power Bank,Accessories,West,Online,4,"? 3,376.00","? 13,504.00",Credit Card,C00969
T003654,21-02-2025,Webcam,Accessories,West,Offline,1,"? 4,426.00","? 4,426.00",Credit Card,C01856
T003655,28-05-2025,Power Bank,Accessories,South,Online,4,"? 3,197.00","? 12,788.00",Credit Card,C02275
T003656,09-06-2025,Smartwatch,Accessories,North,Online,2,"? 16,451.00","? 32,902.00",UPI,C01083
T003657,14-01-2025,Smartwatch,Accessories,South,Online,1,"? 7,814.00","? 7,814.00",Net Banking,C01121
T003658,27-06-2025,Router,Networking,North,Online,4,"? 7,285.00","? 29,140.00",Credit Card,C00721
T003659,22-02-2025,Laptop,Electronics,West,Online,4,"? 70,382.00","? 2,81,528.00",Credit Card,C00249
T003660,01-12-2025,Monitor,Electronics,East,Offline,1,"? 27,187.00","? 27,187.00",Net Banking,C02010
T003661,22-01-2025,Router,Networking,North,Online,1,"? 6,700.00","? 6,700.00",UPI,C02309
T003662,30-01-2025,Headphones,Accessories,West,Online,3,"? 5,547.00","? 16,641.00",Net Banking,C01427
T003663,10-07-2025,Camera,Electronics,West,Online,1,"? 80,302.00","? 80,302.00",Credit Card,C00058
T003664,17-09-2025,Smartwatch,Accessories,West,Offline,2,"? 11,970.00","? 23,940.00",UPI,C00073
T003665,24-07-2025,Smartphone,Electronics,East,Online,5,"? 54,278.00","? 2,71,390.00",UPI,C00053
T003666,28-02-2025,Webcam,Accessories,West,Online,3,"? 5,161.00","? 15,483.00",Credit Card,C00894
T003667,21-09-2025,Power Bank,Accessories,South,Online,1,"? 4,169.00","? 4,169.00",Credit Card,C00103
T003668,12-01-2025,Router,Networking,West,Offline,5,"? 4,595.00","? 22,975.00",Credit Card,C01136
T003669,29-04-2025,Laptop,Electronics,West,Offline,3,"? 60,349.00","? 1,81,047.00",Credit Card,C00819
T003670,17-10-2025,Printer,Electronics,North,Online,2,"? 22,435.00","? 44,870.00",Net Banking,C01797
T003671,04-12-2025,Webcam,Accessories,North,Offline,5,"? 7,558.00","? 37,790.00",Cash,C00918
T003672,05-09-2025,Smartphone,Electronics,North,Online,1,"? 59,321.00","? 59,321.00",UPI,C01531
T003673,20-12-2025,Keyboard,Accessories,West,Online,1,"? 4,215.00","? 4,215.00",UPI,C00370
T003674,07-05-2025,Laptop,Electronics,West,Online,2,"? 53,330.00","? 1,06,660.00",Cash,C01050
T003675,16-03-2025,Laptop,Electronics,South,Online,3,"? 84,442.00","? 2,53,326.00",UPI,C00025
T003676,27-12-2025,Printer,Electronics,East,Offline,5,"? 28,412.00","? 1,42,060.00",Credit Card,C00837
T003677,23-07-2025,Headphones,Accessories,West,Offline,2,"? 2,361.00","? 4,722.00",Cash,C00928
T003678,18-02-2025,Printer,Electronics,East,Online,3,"? 14,978.00","? 44,934.00",Net Banking,C01846
T003679,20-03-2025,Speaker,Accessories,West,Online,4,"? 2,055.00","? 8,220.00",Credit Card,C02500
T003680,29-08-2025,Smartwatch,Accessories,East,Online,4,"? 17,264.00","? 69,056.00",Cash,C00707
T003681,15-12-2025,Mouse,Accessories,North,Online,3,"? 2,439.00","? 7,317.00",UPI,C01196
T003682,03-06-2025,Laptop,Electronics,West,Offline,1,"? 82,165.00","? 82,165.00",UPI,C01961
T003683,01-10-2025,Keyboard,Accessories,South,Offline,1,"? 2,462.00","? 2,462.00",UPI,C01194
T003684,06-04-2025,Monitor,Electronics,East,Offline,4,"? 10,112.00","? 40,448.00",Net Banking,C01419
T003685,02-08-2025,Gaming Chair,Furniture,North,Online,1,"? 26,594.00","? 26,594.00",Credit Card,C00683
T003686,21-10-2025,Laptop,Electronics,South,Offline,1,"? 65,523.00","? 65,523.00",UPI,C01928
T003687,28-07-2025,Printer,Electronics,North,Online,3,"? 7,701.00","? 23,103.00",Net Banking,C00686
T003688,09-12-2025,Tablet,Electronics,West,Offline,3,"? 42,758.00","? 1,28,274.00",Credit Card,C02338
T003689,29-03-2025,Laptop,Electronics,South,Online,1,"? 85,480.00","? 85,480.00",UPI,C02015
T003690,02-11-2025,Laptop,Electronics,East,Online,3,"? 76,983.00","? 2,30,949.00",Cash,C01682
T003691,21-09-2025,Router,Networking,East,Online,5,"? 3,816.00","? 19,080.00",Credit Card,C00139
T003692,21-11-2025,Gaming Chair,Furniture,South,Online,4,"? 22,659.00","? 90,636.00",Cash,C01243
T003693,16-11-2025,Speaker,Accessories,East,Offline,5,"? 7,969.00","? 39,845.00",UPI,C00498
T003694,06-06-2025,Keyboard,Accessories,North,Offline,5,"? 2,310.00","? 11,550.00",Net Banking,C01049
T003695,05-06-2025,Speaker,Accessories,South,Offline,1,"? 5,852.00","? 5,852.00",UPI,C00406
T003696,19-05-2025,Keyboard,Accessories,East,Offline,1,"? 1,827.00","? 1,827.00",Net Banking,C01276
T003697,01-05-2025,Laptop,Electronics,North,Online,5,"? 71,875.00","? 3,59,375.00",Credit Card,C01751
T003698,06-03-2025,Gaming Chair,Furniture,East,Offline,5,"? 17,096.00","? 85,480.00",Credit Card,C02494
T003699,17-04-2025,Gaming Chair,Furniture,North,Offline,2,"? 16,355.00","? 32,710.00",Net Banking,C01617
T003700,27-05-2025,Tablet,Electronics,West,Online,2,"? 19,328.00","? 38,656.00",Net Banking,C01101
T003701,17-05-2025,Mouse,Accessories,North,Offline,4,"? 1,014.00","? 4,056.00",Credit Card,C00480
T003702,11-06-2025,Camera,Electronics,East,Offline,5,"? 87,561.00","? 4,37,805.00",UPI,C00284
T003703,10-04-2025,Tablet,Electronics,North,Offline,3,"? 10,105.00","? 30,315.00",Cash,C01710
T003704,04-12-2025,Tablet,Electronics,East,Online,2,"? 39,370.00","? 78,740.00",Cash,C01167
T003705,03-11-2025,Tablet,Electronics,South,Offline,1,"? 30,843.00","? 30,843.00",Net Banking,C01361
T003706,21-05-2025,Power Bank,Accessories,South,Online,5,"? 3,892.00","? 19,460.00",UPI,C00097
T003707,24-03-2025,Mouse,Accessories,West,Offline,3,"? 2,421.00","? 7,263.00",Credit Card,C00453
T003708,26-06-2025,Headphones,Accessories,North,Online,3,"? 10,344.00","? 31,032.00",Cash,C00393
T003709,17-07-2025,Headphones,Accessories,West,Offline,3,"? 1,698.00","? 5,094.00",Credit Card,C01914
T003710,22-04-2025,Tablet,Electronics,South,Offline,1,"? 38,443.00","? 38,443.00",UPI,C01370
T003711,25-02-2025,Camera,Electronics,North,Online,2,"? 64,230.00","? 1,28,460.00",Cash,C02434
T003712,28-06-2025,Speaker,Accessories,North,Offline,3,"? 10,438.00","? 31,314.00",Net Banking,C02213
T003713,05-07-2025,Printer,Electronics,West,Online,2,"? 12,071.00","? 24,142.00",UPI,C01534
T003714,06-08-2025,Smartphone,Electronics,West,Online,4,"? 37,123.00","? 1,48,492.00",Credit Card,C00531
T003715,12-11-2025,Headphones,Accessories,North,Online,1,"? 10,152.00","? 10,152.00",UPI,C01944
T003716,05-08-2025,Monitor,Electronics,North,Online,2,"? 27,875.00","? 55,750.00",Cash,C02498
T003717,30-04-2025,Keyboard,Accessories,North,Offline,2,"? 3,997.00","? 7,994.00",Credit Card,C01552
T003718,24-06-2025,Gaming Chair,Furniture,West,Online,3,"? 27,361.00","? 82,083.00",Cash,C00405
T003719,23-01-2025,Mouse,Accessories,East,Offline,3,? 608.00,"? 1,824.00",Net Banking,C00522
T003720,01-08-2025,Router,Networking,South,Online,1,"? 4,816.00","? 4,816.00",Cash,C00954
T003721,23-08-2025,Mouse,Accessories,South,Offline,2,"? 1,711.00","? 3,422.00",UPI,C00618
T003722,13-01-2025,Smartphone,Electronics,West,Online,5,"? 22,233.00","? 1,11,165.00",Cash,C02065
T003723,11-04-2025,Headphones,Accessories,North,Online,3,"? 2,891.00","? 8,673.00",Cash,C00204
T003724,24-01-2025,Camera,Electronics,South,Offline,3,"? 78,520.00","? 2,35,560.00",UPI,C01737
T003725,30-12-2025,Camera,Electronics,South,Online,4,"? 67,594.00","? 2,70,376.00",UPI,C01582
T003726,11-01-2025,Keyboard,Accessories,South,Offline,1,"? 4,206.00","? 4,206.00",Credit Card,C01535
T003727,30-09-2025,Tablet,Electronics,South,Online,2,"? 12,039.00","? 24,078.00",Credit Card,C01034
T003728,08-10-2025,Printer,Electronics,North,Online,2,"? 25,673.00","? 51,346.00",Cash,C00784
T003729,04-04-2025,Router,Networking,West,Offline,2,"? 2,952.00","? 5,904.00",Cash,C01793
T003730,20-07-2025,Headphones,Accessories,North,Offline,3,"? 7,645.00","? 22,935.00",UPI,C02061
T003731,21-01-2025,Camera,Electronics,North,Online,1,"? 48,436.00","? 48,436.00",Credit Card,C02237
T003732,06-12-2025,Router,Networking,South,Offline,2,"? 3,117.00","? 6,234.00",UPI,C02192
T003733,30-07-2025,Smartphone,Electronics,South,Online,5,"? 23,186.00","? 1,15,930.00",UPI,C02334
T003734,20-05-2025,Keyboard,Accessories,North,Online,4,"? 1,134.00","? 4,536.00",Credit Card,C01741
T003735,20-10-2025,Laptop,Electronics,North,Online,4,"? 60,519.00","? 2,42,076.00",Cash,C00328
T003736,25-10-2025,Keyboard,Accessories,North,Offline,2,"? 2,346.00","? 4,692.00",Credit Card,C00695
T003737,11-04-2025,Router,Networking,East,Online,3,"? 4,663.00","? 13,989.00",Credit Card,C02484
T003738,31-10-2025,Power Bank,Accessories,South,Online,4,"? 2,240.00","? 8,960.00",UPI,C00991
T003739,25-12-2025,Camera,Electronics,West,Offline,4,"? 78,277.00","? 3,13,108.00",Cash,C01515
T003740,28-01-2025,Laptop,Electronics,West,Online,4,"? 95,238.00","? 3,80,952.00",UPI,C00331
T003741,10-02-2025,Gaming Chair,Furniture,West,Online,4,"? 18,747.00","? 74,988.00",Cash,C01072
T003742,21-12-2025,Monitor,Electronics,East,Online,2,"? 33,722.00","? 67,444.00",Credit Card,C00775
T003743,30-10-2025,Smartwatch,Accessories,East,Online,1,"? 14,188.00","? 14,188.00",Cash,C01281
T003744,26-05-2025,Keyboard,Accessories,West,Online,1,"? 1,080.00","? 1,080.00",UPI,C01111
T003745,13-09-2025,Smartphone,Electronics,West,Online,3,"? 56,784.00","? 1,70,352.00",Credit Card,C01056
T003746,15-08-2025,Smartphone,Electronics,West,Online,5,"? 38,557.00","? 1,92,785.00",UPI,C02366
T003747,24-08-2025,Power Bank,Accessories,North,Offline,1,"? 4,175.00","? 4,175.00",Credit Card,C01116
T003748,27-12-2025,Printer,Electronics,South,Offline,5,"? 7,637.00","? 38,185.00",Credit Card,C00189
T003749,13-01-2025,Tablet,Electronics,East,Offline,1,"? 22,479.00","? 22,479.00",Cash,C01102
T003750,29-07-2025,Keyboard,Accessories,East,Offline,1,"? 1,224.00","? 1,224.00",Cash,C00845
T003751,17-08-2025,Camera,Electronics,North,Online,3,"? 39,491.00","? 1,18,473.00",UPI,C02488
T003752,10-04-2025,Smartwatch,Accessories,East,Online,4,"? 3,093.00","? 12,372.00",Cash,C02082
T003753,31-01-2025,Gaming Chair,Furniture,West,Offline,3,"? 8,104.00","? 24,312.00",Credit Card,C00118
T003754,16-01-2025,Power Bank,Accessories,East,Offline,1,"? 2,539.00","? 2,539.00",UPI,C02072
T003755,17-05-2025,Headphones,Accessories,North,Online,4,"? 11,552.00","? 46,208.00",Cash,C00779
T003756,25-11-2025,Camera,Electronics,South,Online,4,"? 84,618.00","? 3,38,472.00",Cash,C01779
T003757,15-06-2025,Smartphone,Electronics,West,Offline,4,"? 33,060.00","? 1,32,240.00",UPI,C01750
T003758,06-11-2025,Monitor,Electronics,East,Online,5,"? 32,288.00","? 1,61,440.00",Credit Card,C01438
T003759,10-04-2025,Camera,Electronics,West,Offline,1,"? 65,091.00","? 65,091.00",Net Banking,C02048
T003760,19-04-2025,Mouse,Accessories,South,Online,2,"? 1,448.00","? 2,896.00",Cash,C01745
T003761,09-12-2025,Speaker,Accessories,East,Offline,3,"? 11,564.00","? 34,692.00",Cash,C01238
T003762,22-06-2025,Smartphone,Electronics,West,Offline,5,"? 52,924.00","? 2,64,620.00",Net Banking,C02177
T003763,25-08-2025,Keyboard,Accessories,North,Offline,3,"? 1,742.00","? 5,226.00",UPI,C00212
T003764,11-06-2025,Gaming Chair,Furniture,North,Offline,2,"? 19,626.00","? 39,252.00",Credit Card,C00161
T003765,04-08-2025,Monitor,Electronics,South,Online,4,"? 34,017.00","? 1,36,068.00",UPI,C01601
T003766,21-09-2025,Mouse,Accessories,South,Offline,2,"? 2,245.00","? 4,490.00",Cash,C01452
T003767,20-09-2025,Webcam,Accessories,South,Online,3,"? 5,001.00","? 15,003.00",Cash,C01033
T003768,19-10-2025,Laptop,Electronics,East,Online,2,"? 66,850.00","? 1,33,700.00",UPI,C00032
T003769,01-10-2025,Smartwatch,Accessories,South,Offline,1,"? 4,944.00","? 4,944.00",Cash,C01846
T003770,03-01-2025,Smartphone,Electronics,East,Online,2,"? 35,678.00","? 71,356.00",Credit Card,C01306
T003771,28-01-2025,Keyboard,Accessories,West,Offline,1,"? 2,291.00","? 2,291.00",Cash,C01854
T003772,22-11-2025,Mouse,Accessories,North,Offline,2,"? 1,634.00","? 3,268.00",Credit Card,C00621
T003773,29-05-2025,Gaming Chair,Furniture,West,Offline,1,"? 24,153.00","? 24,153.00",Cash,C00902
T003774,28-01-2025,Gaming Chair,Furniture,North,Offline,1,"? 12,072.00","? 12,072.00",Cash,C00245
T003775,06-11-2025,Mouse,Accessories,South,Online,2,? 640.00,"? 1,280.00",UPI,C01910
T003776,06-03-2025,Tablet,Electronics,West,Online,5,"? 48,746.00","? 2,43,730.00",Cash,C02304
T003777,22-12-2025,Mouse,Accessories,West,Offline,4,? 693.00,"? 2,772.00",Credit Card,C00744
T003778,21-01-2025,Webcam,Accessories,South,Online,4,"? 7,358.00","? 29,432.00",Net Banking,C02151
T003779,09-09-2025,Smartwatch,Accessories,West,Offline,4,"? 3,338.00","? 13,352.00",UPI,C00537
T003780,23-08-2025,Monitor,Electronics,East,Online,1,"? 24,151.00","? 24,151.00",Cash,C00027
T003781,15-08-2025,Webcam,Accessories,North,Online,4,"? 6,709.00","? 26,836.00",Net Banking,C00651
T003782,13-01-2025,Power Bank,Accessories,South,Online,1,"? 4,275.00","? 4,275.00",Net Banking,C00134
T003783,09-11-2025,Monitor,Electronics,East,Online,5,"? 34,117.00","? 1,70,585.00",Credit Card,C01615
T003784,18-02-2025,Mouse,Accessories,East,Offline,2,"? 2,898.00","? 5,796.00",UPI,C02341
T003785,28-04-2025,Keyboard,Accessories,South,Offline,2,"? 1,607.00","? 3,214.00",UPI,C01248
T003786,23-02-2025,Smartphone,Electronics,West,Online,1,"? 20,728.00","? 20,728.00",Credit Card,C00728
T003787,18-05-2025,Keyboard,Accessories,North,Online,1,"? 3,193.00","? 3,193.00",Credit Card,C00715
T003788,22-02-2025,Router,Networking,East,Offline,5,"? 6,552.00","? 32,760.00",UPI,C02154
T003789,13-02-2025,Power Bank,Accessories,West,Online,4,"? 2,927.00","? 11,708.00",Cash,C00477
T003790,30-10-2025,Webcam,Accessories,South,Offline,5,"? 4,588.00","? 22,940.00",UPI,C01773
T003791,22-02-2025,Speaker,Accessories,South,Online,2,"? 7,781.00","? 15,562.00",Credit Card,C02194
T003792,15-03-2025,Printer,Electronics,North,Online,2,"? 29,179.00","? 58,358.00",Net Banking,C00735
T003793,15-02-2025,Webcam,Accessories,South,Online,4,"? 7,127.00","? 28,508.00",UPI,C00490
T003794,13-01-2025,Smartphone,Electronics,North,Online,2,"? 27,839.00","? 55,678.00",UPI,C00724
T003795,14-06-2025,Laptop,Electronics,South,Online,1,"? 73,625.00","? 73,625.00",Credit Card,C00048
T003796,12-04-2025,Speaker,Accessories,South,Offline,2,"? 3,597.00","? 7,194.00",UPI,C01825
T003797,07-10-2025,Router,Networking,East,Online,3,"? 4,674.00","? 14,022.00",Cash,C01209
T003798,15-09-2025,Smartwatch,Accessories,West,Online,4,"? 18,771.00","? 75,084.00",UPI,C02151
T003799,03-12-2025,Speaker,Accessories,East,Online,4,"? 1,798.00","? 7,192.00",Cash,C01248
T003800,22-12-2025,Keyboard,Accessories,North,Offline,4,"? 4,160.00","? 16,640.00",UPI,C01401
T003801,18-05-2025,Tablet,Electronics,East,Offline,3,"? 14,061.00","? 42,183.00",Credit Card,C00111
T003802,12-06-2025,Monitor,Electronics,South,Offline,5,"? 8,473.00","? 42,365.00",UPI,C00322
T003803,21-04-2025,Mouse,Accessories,South,Online,1,"? 1,015.00","? 1,015.00",UPI,C00763
T003804,12-04-2025,Smartphone,Electronics,West,Offline,4,"? 31,161.00","? 1,24,644.00",UPI,C01815
T003805,17-01-2025,Power Bank,Accessories,North,Offline,2,"? 4,013.00","? 8,026.00",Credit Card,C02025
T003806,25-09-2025,Mouse,Accessories,South,Online,1,"? 1,593.00","? 1,593.00",Credit Card,C01380
T003807,01-07-2025,Webcam,Accessories,West,Online,2,"? 5,608.00","? 11,216.00",Cash,C00343
T003808,24-01-2025,Webcam,Accessories,West,Offline,1,"? 3,721.00","? 3,721.00",Cash,C00632
T003809,29-01-2025,Laptop,Electronics,South,Online,1,"? 92,942.00","? 92,942.00",Credit Card,C01441
T003810,20-06-2025,Printer,Electronics,South,Online,2,"? 27,635.00","? 55,270.00",Credit Card,C02332
T003811,16-08-2025,Router,Networking,North,Online,2,"? 5,111.00","? 10,222.00",UPI,C00776
T003812,07-07-2025,Mouse,Accessories,West,Online,1,"? 2,320.00","? 2,320.00",Credit Card,C00737
T003813,12-12-2025,Keyboard,Accessories,West,Online,4,"? 3,016.00","? 12,064.00",Net Banking,C00766
T003814,18-08-2025,Router,Networking,West,Offline,2,"? 2,774.00","? 5,548.00",Cash,C01181
T003815,17-11-2025,Smartphone,Electronics,North,Offline,3,"? 28,681.00","? 86,043.00",UPI,C00880
T003816,06-12-2025,Tablet,Electronics,West,Offline,3,"? 41,584.00","? 1,24,752.00",Credit Card,C01423
T003817,29-04-2025,Laptop,Electronics,East,Online,1,"? 81,245.00","? 81,245.00",Net Banking,C01551
T003818,05-06-2025,Webcam,Accessories,East,Offline,5,"? 6,483.00","? 32,415.00",Credit Card,C00443
T003819,29-09-2025,Camera,Electronics,West,Offline,1,"? 50,897.00","? 50,897.00",Credit Card,C00248
T003820,24-06-2025,Router,Networking,East,Online,1,"? 5,118.00","? 5,118.00",Credit Card,C01498
T003821,14-04-2025,Smartwatch,Accessories,East,Offline,4,"? 12,498.00","? 49,992.00",Credit Card,C02166
T003822,02-04-2025,Printer,Electronics,North,Offline,4,"? 22,643.00","? 90,572.00",Cash,C00092
T003823,05-07-2025,Router,Networking,West,Online,5,"? 4,706.00","? 23,530.00",UPI,C01572
T003824,10-10-2025,Keyboard,Accessories,North,Online,5,"? 2,212.00","? 11,060.00",Credit Card,C01461
T003825,30-06-2025,Smartwatch,Accessories,West,Online,5,"? 14,930.00","? 74,650.00",UPI,C00848
T003826,19-06-2025,Power Bank,Accessories,South,Offline,5,"? 2,928.00","? 14,640.00",UPI,C01548
T003827,06-07-2025,Tablet,Electronics,East,Online,5,"? 38,014.00","? 1,90,070.00",Net Banking,C01564
T003828,24-06-2025,Smartwatch,Accessories,North,Online,1,"? 7,178.00","? 7,178.00",Credit Card,C01991
T003829,10-08-2025,Monitor,Electronics,North,Online,1,"? 13,358.00","? 13,358.00",Credit Card,C01825
T003830,21-08-2025,Power Bank,Accessories,South,Offline,3,"? 2,976.00","? 8,928.00",Credit Card,C02127
T003831,11-06-2025,Smartphone,Electronics,South,Online,3,"? 19,507.00","? 58,521.00",Cash,C01747
T003832,14-05-2025,Smartwatch,Accessories,East,Offline,2,"? 5,508.00","? 11,016.00",Cash,C00205
T003833,12-08-2025,Keyboard,Accessories,East,Offline,1,"? 3,780.00","? 3,780.00",Cash,C00541
T003834,02-06-2025,Camera,Electronics,West,Offline,5,"? 44,807.00","? 2,24,035.00",Credit Card,C00826
T003835,02-02-2025,Monitor,Electronics,West,Offline,2,"? 14,754.00","? 29,508.00",UPI,C01306
T003836,24-02-2025,Monitor,Electronics,South,Online,4,"? 16,921.00","? 67,684.00",Cash,C00023
T003837,07-01-2025,Webcam,Accessories,East,Offline,1,"? 7,016.00","? 7,016.00",Cash,C01553
T003838,01-09-2025,Smartwatch,Accessories,East,Offline,3,"? 7,799.00","? 23,397.00",Credit Card,C00133
T003839,09-11-2025,Printer,Electronics,South,Offline,1,"? 8,929.00","? 8,929.00",UPI,C00059
T003840,06-05-2025,Headphones,Accessories,South,Offline,1,"? 9,509.00","? 9,509.00",UPI,C01680
T003841,12-01-2025,Power Bank,Accessories,North,Offline,1,"? 2,330.00","? 2,330.00",UPI,C01630
T003842,16-01-2025,Printer,Electronics,South,Online,1,"? 15,302.00","? 15,302.00",Net Banking,C01941
T003843,27-07-2025,Speaker,Accessories,North,Online,4,"? 2,215.00","? 8,860.00",UPI,C00773
T003844,12-02-2025,Mouse,Accessories,West,Online,3,"? 1,741.00","? 5,223.00",Credit Card,C01526
T003845,15-05-2025,Keyboard,Accessories,South,Online,1,"? 4,104.00","? 4,104.00",Credit Card,C02490
T003846,16-08-2025,Headphones,Accessories,South,Offline,4,"? 8,527.00","? 34,108.00",Net Banking,C02330
T003847,21-04-2025,Smartphone,Electronics,South,Online,2,"? 67,464.00","? 1,34,928.00",UPI,C01904
T003848,03-11-2025,Monitor,Electronics,North,Online,1,"? 15,223.00","? 15,223.00",UPI,C01722
T003849,09-06-2025,Keyboard,Accessories,South,Offline,4,"? 3,820.00","? 15,280.00",UPI,C00621
T003850,27-11-2025,Power Bank,Accessories,South,Offline,5,"? 3,887.00","? 19,435.00",Credit Card,C00556
T003851,21-09-2025,Webcam,Accessories,East,Offline,2,"? 6,692.00","? 13,384.00",UPI,C00716
T003852,13-08-2025,Tablet,Electronics,East,Offline,3,"? 26,585.00","? 79,755.00",Credit Card,C00106
T003853,05-08-2025,Mouse,Accessories,East,Offline,1,"? 2,540.00","? 2,540.00",Cash,C02267
T003854,14-02-2025,Camera,Electronics,South,Offline,1,"? 79,016.00","? 79,016.00",Cash,C00729
T003855,02-08-2025,Mouse,Accessories,East,Online,4,"? 1,456.00","? 5,824.00",UPI,C01939
T003856,28-02-2025,Keyboard,Accessories,West,Offline,3,"? 4,371.00","? 13,113.00",Cash,C00305
T003857,12-05-2025,Smartphone,Electronics,East,Online,5,"? 56,378.00","? 2,81,890.00",Cash,C02139
T003858,14-04-2025,Monitor,Electronics,South,Offline,2,"? 15,370.00","? 30,740.00",UPI,C00697
T003859,14-07-2025,Laptop,Electronics,East,Offline,3,"? 79,516.00","? 2,38,548.00",Cash,C00134
T003860,06-06-2025,Router,Networking,East,Offline,1,"? 5,330.00","? 5,330.00",Credit Card,C00407
T003861,08-04-2025,Laptop,Electronics,East,Offline,4,"? 68,328.00","? 2,73,312.00",UPI,C02386
T003862,14-08-2025,Keyboard,Accessories,West,Offline,5,"? 3,629.00","? 18,145.00",UPI,C01580
T003863,24-07-2025,Smartwatch,Accessories,West,Offline,4,"? 12,959.00","? 51,836.00",Cash,C01090
T003864,20-03-2025,Printer,Electronics,North,Online,2,"? 9,383.00","? 18,766.00",UPI,C02349
T003865,04-05-2025,Router,Networking,South,Online,3,"? 5,040.00","? 15,120.00",Cash,C01555
T003866,06-08-2025,Power Bank,Accessories,West,Online,4,"? 1,193.00","? 4,772.00",Credit Card,C00516
T003867,04-01-2025,Mouse,Accessories,West,Online,4,"? 1,031.00","? 4,124.00",Cash,C02145
T003868,31-03-2025,Smartphone,Electronics,West,Online,1,"? 42,432.00","? 42,432.00",Credit Card,C00953
T003869,14-04-2025,Router,Networking,South,Offline,4,"? 1,821.00","? 7,284.00",UPI,C01746
T003870,29-04-2025,Power Bank,Accessories,North,Online,5,"? 4,306.00","? 21,530.00",Cash,C00236
T003871,13-05-2025,Mouse,Accessories,South,Offline,3,? 973.00,"? 2,919.00",Credit Card,C02185
T003872,08-11-2025,Webcam,Accessories,East,Online,2,"? 3,193.00","? 6,386.00",Cash,C01072
T003873,06-04-2025,Tablet,Electronics,North,Online,4,"? 27,447.00","? 1,09,788.00",Net Banking,C01188
T003874,27-11-2025,Laptop,Electronics,East,Online,5,"? 74,305.00","? 3,71,525.00",Cash,C00500
T003875,23-05-2025,Speaker,Accessories,West,Offline,2,"? 4,611.00","? 9,222.00",Net Banking,C02243
T003876,15-10-2025,Monitor,Electronics,South,Offline,5,"? 34,052.00","? 1,70,260.00",Net Banking,C00274
T003877,28-01-2025,Gaming Chair,Furniture,East,Online,4,"? 27,645.00","? 1,10,580.00",UPI,C01832
T003878,05-10-2025,Power Bank,Accessories,North,Online,4,"? 3,593.00","? 14,372.00",UPI,C01497
T003879,21-08-2025,Tablet,Electronics,East,Online,3,"? 13,086.00","? 39,258.00",Cash,C01986
T003880,17-01-2025,Speaker,Accessories,East,Offline,1,"? 14,935.00","? 14,935.00",Cash,C02369
T003881,28-02-2025,Monitor,Electronics,West,Offline,5,"? 28,195.00","? 1,40,975.00",Net Banking,C00920
T003882,31-03-2025,Mouse,Accessories,East,Offline,1,"? 1,358.00","? 1,358.00",Cash,C02229
T003883,18-07-2025,Power Bank,Accessories,East,Online,1,"? 4,943.00","? 4,943.00",Credit Card,C01650
T003884,28-12-2025,Webcam,Accessories,West,Online,2,"? 7,832.00","? 15,664.00",Credit Card,C02474
T003885,26-01-2025,Smartphone,Electronics,North,Online,2,"? 54,215.00","? 1,08,430.00",UPI,C00821
T003886,25-01-2025,Router,Networking,West,Online,5,"? 3,082.00","? 15,410.00",Cash,C01000
T003887,28-10-2025,Gaming Chair,Furniture,East,Online,1,"? 15,863.00","? 15,863.00",Credit Card,C00574
T003888,05-12-2025,Gaming Chair,Furniture,South,Online,3,"? 11,176.00","? 33,528.00",UPI,C01150
T003889,24-09-2025,Laptop,Electronics,West,Online,1,"? 52,416.00","? 52,416.00",Cash,C01906
T003890,30-06-2025,Mouse,Accessories,West,Online,2,? 859.00,"? 1,718.00",UPI,C01699
T003891,26-12-2025,Router,Networking,East,Online,1,"? 3,794.00","? 3,794.00",Credit Card,C02188
T003892,09-03-2025,Laptop,Electronics,South,Offline,4,"? 68,695.00","? 2,74,780.00",Credit Card,C01779
T003893,17-12-2025,Keyboard,Accessories,North,Offline,4,"? 1,929.00","? 7,716.00",Credit Card,C00049
T003894,17-11-2025,Router,Networking,South,Offline,3,"? 3,030.00","? 9,090.00",Cash,C01495
T003895,18-02-2025,Speaker,Accessories,West,Online,5,"? 14,317.00","? 71,585.00",UPI,C01174
T003896,24-06-2025,Camera,Electronics,South,Offline,1,"? 62,347.00","? 62,347.00",UPI,C01626
T003897,21-02-2025,Speaker,Accessories,North,Offline,4,"? 4,297.00","? 17,188.00",Credit Card,C02372
T003898,12-04-2025,Camera,Electronics,South,Online,5,"? 21,363.00","? 1,06,815.00",Net Banking,C01351
T003899,04-08-2025,Monitor,Electronics,South,Online,4,"? 12,502.00","? 50,008.00",Credit Card,C00919
T003900,07-07-2025,Mouse,Accessories,South,Offline,5,? 852.00,"? 4,260.00",Credit Card,C00351
T003901,26-02-2025,Headphones,Accessories,West,Offline,5,"? 4,904.00","? 24,520.00",UPI,C01927
T003902,16-02-2025,Laptop,Electronics,East,Online,4,"? 72,380.00","? 2,89,520.00",Credit Card,C01918
T003903,08-06-2025,Laptop,Electronics,East,Online,2,"? 95,869.00","? 1,91,738.00",UPI,C00278
T003904,23-06-2025,Headphones,Accessories,South,Offline,5,"? 1,577.00","? 7,885.00",Credit Card,C01171
T003905,30-08-2025,Smartwatch,Accessories,West,Online,1,"? 13,204.00","? 13,204.00",Credit Card,C00565
T003906,09-10-2025,Power Bank,Accessories,West,Offline,4,"? 4,064.00","? 16,256.00",UPI,C01310
T003907,29-08-2025,Mouse,Accessories,West,Online,2,"? 2,331.00","? 4,662.00",Credit Card,C00154
T003908,05-01-2025,Gaming Chair,Furniture,East,Offline,4,"? 12,242.00","? 48,968.00",Credit Card,C01915
T003909,25-03-2025,Headphones,Accessories,West,Online,3,"? 9,181.00","? 27,543.00",Cash,C00425
T003910,04-11-2025,Camera,Electronics,South,Online,1,"? 80,521.00","? 80,521.00",Cash,C01174
T003911,27-12-2025,Gaming Chair,Furniture,East,Offline,3,"? 8,637.00","? 25,911.00",UPI,C01597
T003912,05-09-2025,Power Bank,Accessories,West,Online,5,"? 3,805.00","? 19,025.00",UPI,C02350
T003913,23-02-2025,Laptop,Electronics,South,Online,5,"? 69,856.00","? 3,49,280.00",UPI,C01082
T003914,10-06-2025,Speaker,Accessories,East,Offline,3,"? 2,024.00","? 6,072.00",Credit Card,C00671
T003915,14-08-2025,Camera,Electronics,West,Online,3,"? 66,970.00","? 2,00,910.00",Cash,C00009
T003916,15-01-2025,Mouse,Accessories,North,Online,5,"? 2,770.00","? 13,850.00",UPI,C01502
T003917,12-08-2025,Smartphone,Electronics,South,Online,2,"? 57,244.00","? 1,14,488.00",Credit Card,C01573
T003918,02-03-2025,Router,Networking,North,Offline,1,"? 3,135.00","? 3,135.00",Cash,C01432
T003919,02-05-2025,Speaker,Accessories,East,Offline,4,"? 11,415.00","? 45,660.00",UPI,C00068
T003920,04-10-2025,Smartphone,Electronics,West,Offline,3,"? 25,638.00","? 76,914.00",Cash,C01332
T003921,15-02-2025,Monitor,Electronics,South,Online,1,"? 28,816.00","? 28,816.00",UPI,C00302
T003922,21-10-2025,Power Bank,Accessories,South,Online,4,"? 2,381.00","? 9,524.00",Credit Card,C02321
T003923,03-03-2025,Camera,Electronics,South,Online,4,"? 30,652.00","? 1,22,608.00",UPI,C00764
T003924,27-03-2025,Camera,Electronics,North,Offline,3,"? 36,963.00","? 1,10,889.00",Credit Card,C01477
T003925,29-07-2025,Camera,Electronics,West,Offline,2,"? 52,223.00","? 1,04,446.00",Net Banking,C00517
T003926,19-03-2025,Smartwatch,Accessories,West,Offline,2,"? 5,941.00","? 11,882.00",Credit Card,C00478
T003927,21-07-2025,Camera,Electronics,West,Offline,1,"? 61,617.00","? 61,617.00",Net Banking,C00518
T003928,29-10-2025,Smartphone,Electronics,North,Online,1,"? 40,279.00","? 40,279.00",Cash,C00968
T003929,11-08-2025,Smartwatch,Accessories,East,Online,5,"? 19,636.00","? 98,180.00",UPI,C00944
T003930,10-08-2025,Monitor,Electronics,North,Offline,2,"? 16,715.00","? 33,430.00",UPI,C00046
T003931,03-01-2025,Keyboard,Accessories,East,Online,1,"? 2,964.00","? 2,964.00",Credit Card,C01633
T003932,06-01-2025,Tablet,Electronics,North,Online,5,"? 23,277.00","? 1,16,385.00",Credit Card,C01024
T003933,03-04-2025,Monitor,Electronics,West,Offline,4,"? 23,950.00","? 95,800.00",Net Banking,C01743
T003934,08-01-2025,Webcam,Accessories,West,Online,1,"? 3,922.00","? 3,922.00",Cash,C01893
T003935,23-08-2025,Gaming Chair,Furniture,West,Online,5,"? 16,227.00","? 81,135.00",UPI,C01481
T003936,18-04-2025,Printer,Electronics,North,Online,2,"? 14,967.00","? 29,934.00",Credit Card,C00447
T003937,10-06-2025,Smartwatch,Accessories,South,Offline,4,"? 18,411.00","? 73,644.00",UPI,C00643
T003938,28-07-2025,Router,Networking,North,Online,1,"? 1,585.00","? 1,585.00",Credit Card,C02427
T003939,28-08-2025,Smartphone,Electronics,East,Offline,2,"? 41,811.00","? 83,622.00",UPI,C00647
T003940,27-11-2025,Smartphone,Electronics,North,Online,4,"? 41,928.00","? 1,67,712.00",Cash,C00016
T003941,29-11-2025,Mouse,Accessories,East,Offline,3,"? 2,527.00","? 7,581.00",Cash,C01532
T003942,19-02-2025,Laptop,Electronics,North,Online,2,"? 96,084.00","? 1,92,168.00",Credit Card,C00604
T003943,11-01-2025,Camera,Electronics,South,Offline,3,"? 76,816.00","? 2,30,448.00",UPI,C01402
T003944,17-12-2025,Power Bank,Accessories,South,Online,1,"? 3,356.00","? 3,356.00",Cash,C01763
T003945,05-06-2025,Smartphone,Electronics,West,Offline,5,"? 61,693.00","? 3,08,465.00",Cash,C00655
T003946,11-03-2025,Camera,Electronics,South,Offline,1,"? 82,465.00","? 82,465.00",UPI,C00775
T003947,18-06-2025,Headphones,Accessories,North,Offline,2,"? 1,256.00","? 2,512.00",Credit Card,C02403
T003948,29-09-2025,Laptop,Electronics,South,Online,3,"? 61,998.00","? 1,85,994.00",Net Banking,C01958
T003949,09-03-2025,Headphones,Accessories,West,Online,3,"? 2,447.00","? 7,341.00",UPI,C01416
T003950,21-12-2025,Router,Networking,North,Offline,4,"? 5,919.00","? 23,676.00",UPI,C00610
T003951,09-09-2025,Power Bank,Accessories,East,Offline,1,"? 3,044.00","? 3,044.00",Credit Card,C00385
T003952,17-02-2025,Speaker,Accessories,North,Online,1,"? 6,099.00","? 6,099.00",UPI,C00718
T003953,03-07-2025,Router,Networking,West,Offline,2,"? 4,843.00","? 9,686.00",Credit Card,C01796
T003954,16-11-2025,Camera,Electronics,South,Offline,3,"? 82,398.00","? 2,47,194.00",UPI,C00192
T003955,06-07-2025,Webcam,Accessories,South,Online,2,"? 5,165.00","? 10,330.00",Cash,C02071
T003956,31-03-2025,Smartwatch,Accessories,North,Online,2,"? 4,674.00","? 9,348.00",Credit Card,C01643
T003957,28-11-2025,Printer,Electronics,East,Online,3,"? 16,590.00","? 49,770.00",Credit Card,C01618
T003958,19-05-2025,Laptop,Electronics,East,Online,2,"? 66,734.00","? 1,33,468.00",Net Banking,C00849
T003959,23-12-2025,Power Bank,Accessories,East,Online,3,"? 1,448.00","? 4,344.00",UPI,C00159
T003960,30-03-2025,Smartwatch,Accessories,East,Offline,2,"? 14,062.00","? 28,124.00",Credit Card,C01956
T003961,01-10-2025,Smartphone,Electronics,North,Online,5,"? 22,044.00","? 1,10,220.00",Net Banking,C02010
T003962,19-01-2025,Printer,Electronics,South,Online,2,"? 8,063.00","? 16,126.00",Credit Card,C02316
T003963,07-11-2025,Keyboard,Accessories,East,Online,2,"? 1,124.00","? 2,248.00",UPI,C00633
T003964,24-12-2025,Smartphone,Electronics,North,Offline,5,"? 42,087.00","? 2,10,435.00",UPI,C01028
T003965,03-06-2025,Gaming Chair,Furniture,North,Online,1,"? 21,011.00","? 21,011.00",UPI,C01509
T003966,17-09-2025,Tablet,Electronics,North,Offline,3,"? 28,205.00","? 84,615.00",Cash,C01354
T003967,18-04-2025,Gaming Chair,Furniture,East,Online,4,"? 29,273.00","? 1,17,092.00",Cash,C01230
T003968,12-10-2025,Monitor,Electronics,East,Online,5,"? 20,464.00","? 1,02,320.00",UPI,C01449
T003969,28-02-2025,Laptop,Electronics,North,Offline,1,"? 93,550.00","? 93,550.00",Cash,C01005
T003970,05-05-2025,Power Bank,Accessories,North,Online,2,"? 3,356.00","? 6,712.00",Credit Card,C01779
T003971,20-12-2025,Tablet,Electronics,North,Offline,1,"? 47,427.00","? 47,427.00",UPI,C00212
T003972,30-09-2025,Router,Networking,South,Offline,5,"? 3,780.00","? 18,900.00",UPI,C01852
T003973,17-04-2025,Camera,Electronics,South,Online,2,"? 89,285.00","? 1,78,570.00",Cash,C01673
T003974,26-10-2025,Laptop,Electronics,West,Offline,1,"? 85,306.00","? 85,306.00",Cash,C00178
T003975,02-09-2025,Speaker,Accessories,West,Offline,4,"? 10,708.00","? 42,832.00",Cash,C01925
T003976,02-12-2025,Speaker,Accessories,East,Offline,3,"? 1,943.00","? 5,829.00",UPI,C00174
T003977,04-09-2025,Monitor,Electronics,South,Online,3,"? 26,451.00","? 79,353.00",UPI,C02013
T003978,08-01-2025,Laptop,Electronics,West,Online,5,"? 78,258.00","? 3,91,290.00",UPI,C00755
T003979,21-05-2025,Router,Networking,North,Online,2,"? 5,298.00","? 10,596.00",UPI,C00623
T003980,28-12-2025,Smartwatch,Accessories,North,Offline,2,"? 4,534.00","? 9,068.00",UPI,C00644
T003981,08-01-2025,Headphones,Accessories,East,Online,3,"? 1,088.00","? 3,264.00",Credit Card,C00031
T003982,18-12-2025,Mouse,Accessories,East,Online,1,"? 1,541.00","? 1,541.00",Credit Card,C00004
T003983,04-04-2025,Gaming Chair,Furniture,West,Online,2,"? 14,577.00","? 29,154.00",UPI,C00891
T003984,17-11-2025,Smartwatch,Accessories,North,Offline,4,"? 10,263.00","? 41,052.00",Credit Card,C00018
T003985,08-02-2025,Monitor,Electronics,East,Online,4,"? 25,205.00","? 1,00,820.00",Net Banking,C01362
T003986,22-03-2025,Power Bank,Accessories,East,Online,2,"? 4,270.00","? 8,540.00",Net Banking,C00232
T003987,06-07-2025,Gaming Chair,Furniture,South,Offline,2,"? 25,199.00","? 50,398.00",Cash,C01826
T003988,25-03-2025,Speaker,Accessories,West,Online,3,"? 10,095.00","? 30,285.00",Cash,C00048
T003989,29-03-2025,Laptop,Electronics,East,Online,5,"? 95,306.00","? 4,76,530.00",Cash,C02111
T003990,30-08-2025,Smartwatch,Accessories,West,Online,3,"? 13,108.00","? 39,324.00",UPI,C02318
T003991,08-12-2025,Headphones,Accessories,North,Online,5,"? 8,362.00","? 41,810.00",UPI,C02048
T003992,03-04-2025,Tablet,Electronics,West,Online,4,"? 15,691.00","? 62,764.00",Credit Card,C00289
T003993,27-03-2025,Smartwatch,Accessories,East,Online,5,"? 3,953.00","? 19,765.00",UPI,C00170
T003994,13-02-2025,Camera,Electronics,South,Online,3,"? 57,759.00","? 1,73,277.00",UPI,C00099
T003995,17-05-2025,Webcam,Accessories,West,Offline,2,"? 5,301.00","? 10,602.00",Credit Card,C00683
T003996,15-03-2025,Tablet,Electronics,West,Online,5,"? 18,447.00","? 92,235.00",Cash,C00697
T003997,05-02-2025,Monitor,Electronics,North,Offline,3,"? 9,931.00","? 29,793.00",Cash,C02191
T003998,11-04-2025,Router,Networking,South,Online,4,"? 2,611.00","? 10,444.00",Credit Card,C00306
T003999,05-06-2025,Tablet,Electronics,West,Online,5,"? 43,640.00","? 2,18,200.00",Credit Card,C02420
T004000,12-09-2025,Laptop,Electronics,South,Offline,4,"? 57,954.00","? 2,31,816.00",Credit Card,C01607
T004001,20-06-2025,Printer,Electronics,East,Online,4,"? 26,971.00","? 1,07,884.00",Net Banking,C00575
T004002,04-08-2025,Webcam,Accessories,South,Online,1,"? 7,979.00","? 7,979.00",Credit Card,C02441
T004003,19-06-2025,Printer,Electronics,East,Offline,5,"? 23,945.00","? 1,19,725.00",Cash,C01128
T004004,09-09-2025,Keyboard,Accessories,North,Offline,3,"? 1,593.00","? 4,779.00",Credit Card,C01170
T004005,26-12-2025,Camera,Electronics,North,Offline,5,"? 29,438.00","? 1,47,190.00",UPI,C00001
T004006,18-11-2025,Laptop,Electronics,North,Offline,5,"? 99,898.00","? 4,99,490.00",UPI,C01149
T004007,24-02-2025,Monitor,Electronics,East,Online,4,"? 13,243.00","? 52,972.00",UPI,C00370
T004008,01-04-2025,Smartphone,Electronics,West,Offline,4,"? 43,629.00","? 1,74,516.00",UPI,C00242
T004009,05-10-2025,Printer,Electronics,East,Offline,4,"? 12,826.00","? 51,304.00",UPI,C00978
T004010,11-04-2025,Gaming Chair,Furniture,South,Online,4,"? 12,085.00","? 48,340.00",Cash,C00765
T004011,04-06-2025,Monitor,Electronics,South,Offline,3,"? 14,117.00","? 42,351.00",UPI,C01189
T004012,15-12-2025,Tablet,Electronics,East,Online,2,"? 27,390.00","? 54,780.00",Credit Card,C00968
T004013,30-12-2025,Router,Networking,North,Offline,1,"? 4,240.00","? 4,240.00",UPI,C02170
T004014,21-05-2025,Smartwatch,Accessories,North,Online,4,"? 11,082.00","? 44,328.00",Credit Card,C01836
T004015,22-06-2025,Printer,Electronics,South,Online,4,"? 16,683.00","? 66,732.00",Net Banking,C01885
T004016,10-01-2025,Router,Networking,South,Online,1,"? 4,376.00","? 4,376.00",Cash,C01100
T004017,16-08-2025,Laptop,Electronics,West,Online,4,"? 76,207.00","? 3,04,828.00",Cash,C00333
T004018,22-09-2025,Printer,Electronics,West,Online,2,"? 24,410.00","? 48,820.00",UPI,C00910
T004019,05-09-2025,Webcam,Accessories,West,Online,5,"? 7,056.00","? 35,280.00",UPI,C00086
T004020,04-09-2025,Headphones,Accessories,South,Offline,1,"? 5,107.00","? 5,107.00",Cash,C00777
T004021,04-06-2025,Headphones,Accessories,West,Offline,3,"? 6,241.00","? 18,723.00",Cash,C01496
T004022,03-02-2025,Webcam,Accessories,South,Online,1,"? 7,169.00","? 7,169.00",Credit Card,C00370
T004023,09-05-2025,Headphones,Accessories,South,Offline,2,"? 6,399.00","? 12,798.00",Credit Card,C02385
T004024,09-06-2025,Camera,Electronics,East,Online,3,"? 33,648.00","? 1,00,944.00",Credit Card,C00581
T004025,30-03-2025,Power Bank,Accessories,West,Offline,5,"? 3,808.00","? 19,040.00",Credit Card,C01642
T004026,03-04-2025,Printer,Electronics,East,Online,4,"? 16,168.00","? 64,672.00",Net Banking,C01089
T004027,23-11-2025,Gaming Chair,Furniture,East,Offline,1,"? 15,495.00","? 15,495.00",UPI,C01563
T004028,29-08-2025,Keyboard,Accessories,West,Offline,3,"? 4,362.00","? 13,086.00",Credit Card,C00936
T004029,19-11-2025,Speaker,Accessories,South,Online,1,"? 6,920.00","? 6,920.00",Credit Card,C00392
T004030,27-04-2025,Monitor,Electronics,South,Online,5,"? 22,204.00","? 1,11,020.00",Cash,C02054
T004031,04-04-2025,Power Bank,Accessories,South,Offline,1,"? 4,371.00","? 4,371.00",Cash,C01845
T004032,12-06-2025,Gaming Chair,Furniture,West,Offline,3,"? 27,295.00","? 81,885.00",UPI,C01413
T004033,09-04-2025,Headphones,Accessories,South,Online,2,"? 7,897.00","? 15,794.00",Cash,C00438
T004034,23-04-2025,Tablet,Electronics,East,Online,3,"? 21,276.00","? 63,828.00",Net Banking,C02194
T004035,25-12-2025,Gaming Chair,Furniture,North,Offline,1,"? 13,485.00","? 13,485.00",Credit Card,C01991
T004036,01-04-2025,Laptop,Electronics,West,Offline,5,"? 55,838.00","? 2,79,190.00",Cash,C01121
T004037,12-12-2025,Camera,Electronics,North,Online,4,"? 87,680.00","? 3,50,720.00",Net Banking,C02210
T004038,25-07-2025,Webcam,Accessories,East,Offline,4,"? 7,480.00","? 29,920.00",Credit Card,C00563
T004039,17-01-2025,Webcam,Accessories,North,Online,5,"? 7,897.00","? 39,485.00",Cash,C01667
T004040,01-10-2025,Mouse,Accessories,East,Offline,1,"? 2,275.00","? 2,275.00",Credit Card,C01018
T004041,22-06-2025,Headphones,Accessories,North,Offline,5,"? 9,141.00","? 45,705.00",Cash,C01790
T004042,26-04-2025,Gaming Chair,Furniture,North,Online,1,"? 23,323.00","? 23,323.00",Credit Card,C01549
T004043,15-12-2025,Monitor,Electronics,South,Online,3,"? 27,621.00","? 82,863.00",Net Banking,C00520
T004044,30-06-2025,Gaming Chair,Furniture,North,Offline,2,"? 16,195.00","? 32,390.00",Net Banking,C02462
T004045,01-04-2025,Tablet,Electronics,East,Offline,1,"? 32,672.00","? 32,672.00",UPI,C01288
T004046,23-03-2025,Laptop,Electronics,East,Offline,4,"? 91,124.00","? 3,64,496.00",Cash,C00826
T004047,20-11-2025,Smartwatch,Accessories,East,Offline,4,"? 14,631.00","? 58,524.00",Net Banking,C00892
T004048,24-04-2025,Gaming Chair,Furniture,West,Online,2,"? 9,897.00","? 19,794.00",UPI,C01160
T004049,14-09-2025,Smartphone,Electronics,East,Offline,1,"? 47,291.00","? 47,291.00",Cash,C00317
T004050,27-02-2025,Tablet,Electronics,West,Offline,2,"? 31,817.00","? 63,634.00",Credit Card,C01784
T004051,03-06-2025,Gaming Chair,Furniture,East,Offline,3,"? 19,432.00","? 58,296.00",UPI,C01022
T004052,31-12-2025,Keyboard,Accessories,West,Offline,2,"? 3,267.00","? 6,534.00",UPI,C01973
T004053,26-04-2025,Tablet,Electronics,North,Offline,3,"? 18,130.00","? 54,390.00",Credit Card,C00199
T004054,09-12-2025,Tablet,Electronics,North,Online,4,"? 33,136.00","? 1,32,544.00",Cash,C01100
T004055,23-09-2025,Power Bank,Accessories,East,Offline,3,"? 3,359.00","? 10,077.00",Net Banking,C02468
T004056,11-11-2025,Keyboard,Accessories,West,Online,1,"? 2,038.00","? 2,038.00",Cash,C00870
T004057,22-07-2025,Smartwatch,Accessories,South,Online,1,"? 18,996.00","? 18,996.00",Cash,C01866
T004058,10-02-2025,Camera,Electronics,South,Online,1,"? 76,898.00","? 76,898.00",Net Banking,C02451
T004059,15-04-2025,Printer,Electronics,South,Offline,1,"? 19,187.00","? 19,187.00",Credit Card,C02066
T004060,12-07-2025,Laptop,Electronics,North,Online,5,"? 85,902.00","? 4,29,510.00",Net Banking,C01708
T004061,05-10-2025,Router,Networking,North,Online,3,"? 2,555.00","? 7,665.00",UPI,C02417
T004062,20-12-2025,Tablet,Electronics,West,Online,1,"? 28,006.00","? 28,006.00",Cash,C00030
T004063,25-08-2025,Tablet,Electronics,East,Online,2,"? 26,375.00","? 52,750.00",Credit Card,C00435
T004064,09-08-2025,Speaker,Accessories,North,Offline,2,"? 4,782.00","? 9,564.00",Credit Card,C01196
T004065,09-03-2025,Keyboard,Accessories,East,Online,5,"? 3,310.00","? 16,550.00",Cash,C01515
T004066,16-07-2025,Monitor,Electronics,South,Online,3,"? 22,910.00","? 68,730.00",UPI,C00047
T004067,13-09-2025,Tablet,Electronics,South,Online,3,"? 13,069.00","? 39,207.00",Cash,C00299
T004068,19-05-2025,Tablet,Electronics,East,Online,3,"? 16,486.00","? 49,458.00",UPI,C01547
T004069,08-11-2025,Keyboard,Accessories,West,Online,5,"? 1,955.00","? 9,775.00",UPI,C01450
T004070,29-05-2025,Monitor,Electronics,South,Offline,3,"? 10,660.00","? 31,980.00",UPI,C00387
T004071,09-04-2025,Keyboard,Accessories,West,Offline,3,"? 4,924.00","? 14,772.00",Net Banking,C01540
T004072,17-03-2025,Router,Networking,South,Online,1,"? 2,542.00","? 2,542.00",UPI,C01702
T004073,09-10-2025,Power Bank,Accessories,North,Online,3,"? 2,242.00","? 6,726.00",Net Banking,C00162
T004074,19-04-2025,Gaming Chair,Furniture,South,Offline,1,"? 19,869.00","? 19,869.00",Credit Card,C01439
T004075,07-07-2025,Camera,Electronics,West,Online,1,"? 24,176.00","? 24,176.00",UPI,C00616
T004076,18-07-2025,Tablet,Electronics,North,Offline,3,"? 46,454.00","? 1,39,362.00",UPI,C00339
T004077,30-10-2025,Headphones,Accessories,South,Offline,2,"? 11,096.00","? 22,192.00",Net Banking,C01061
T004078,23-11-2025,Laptop,Electronics,North,Offline,4,"? 81,500.00","? 3,26,000.00",Cash,C01964
T004079,03-06-2025,Router,Networking,North,Offline,2,"? 6,737.00","? 13,474.00",Credit Card,C02107
T004080,09-02-2025,Monitor,Electronics,South,Online,3,"? 34,453.00","? 1,03,359.00",Cash,C01244
T004081,13-05-2025,Headphones,Accessories,East,Online,3,"? 8,661.00","? 25,983.00",Credit Card,C02409
T004082,12-05-2025,Keyboard,Accessories,East,Offline,2,"? 1,490.00","? 2,980.00",Credit Card,C02073
T004083,06-10-2025,Speaker,Accessories,West,Offline,3,"? 9,916.00","? 29,748.00",Cash,C01930
T004084,28-12-2025,Tablet,Electronics,West,Offline,1,"? 24,754.00","? 24,754.00",Net Banking,C02073
T004085,25-03-2025,Speaker,Accessories,South,Offline,5,"? 14,567.00","? 72,835.00",Credit Card,C01108
T004086,30-08-2025,Power Bank,Accessories,North,Offline,3,"? 1,025.00","? 3,075.00",Credit Card,C02296
T004087,26-04-2025,Speaker,Accessories,North,Online,3,"? 13,097.00","? 39,291.00",Net Banking,C01546
T004088,19-04-2025,Keyboard,Accessories,East,Online,2,"? 3,879.00","? 7,758.00",Cash,C02225
T004089,09-08-2025,Power Bank,Accessories,East,Online,1,"? 1,611.00","? 1,611.00",Net Banking,C02173
T004090,10-02-2025,Speaker,Accessories,North,Online,2,"? 12,184.00","? 24,368.00",Credit Card,C00166
T004091,27-05-2025,Printer,Electronics,North,Offline,2,"? 20,228.00","? 40,456.00",Cash,C02025
T004092,22-04-2025,Printer,Electronics,West,Offline,3,"? 10,223.00","? 30,669.00",Credit Card,C00126
T004093,13-04-2025,Camera,Electronics,North,Offline,1,"? 56,834.00","? 56,834.00",Net Banking,C00882
T004094,15-02-2025,Tablet,Electronics,North,Offline,3,"? 30,746.00","? 92,238.00",Net Banking,C01838
T004095,20-11-2025,Tablet,Electronics,South,Online,3,"? 41,404.00","? 1,24,212.00",UPI,C00070
T004096,28-09-2025,Headphones,Accessories,North,Offline,3,"? 6,023.00","? 18,069.00",Credit Card,C02042
T004097,14-07-2025,Power Bank,Accessories,East,Online,3,"? 1,046.00","? 3,138.00",Net Banking,C00523
T004098,07-10-2025,Mouse,Accessories,East,Offline,5,"? 2,041.00","? 10,205.00",Net Banking,C01424
T004099,10-10-2025,Tablet,Electronics,West,Online,4,"? 36,403.00","? 1,45,612.00",Cash,C01410
T004100,09-02-2025,Camera,Electronics,West,Offline,1,"? 31,637.00","? 31,637.00",UPI,C02023
T004101,08-07-2025,Monitor,Electronics,South,Online,5,"? 16,612.00","? 83,060.00",Net Banking,C02233
T004102,13-06-2025,Speaker,Accessories,West,Online,4,"? 6,660.00","? 26,640.00",Cash,C01101
T004103,24-01-2025,Monitor,Electronics,North,Online,4,"? 9,371.00","? 37,484.00",Credit Card,C01095
T004104,24-01-2025,Keyboard,Accessories,North,Online,4,"? 4,938.00","? 19,752.00",Net Banking,C01140
T004105,04-01-2025,Headphones,Accessories,South,Online,5,"? 11,380.00","? 56,900.00",Cash,C02371
T004106,19-11-2025,Speaker,Accessories,East,Offline,1,"? 4,112.00","? 4,112.00",Net Banking,C00015
T004107,17-10-2025,Power Bank,Accessories,North,Offline,2,"? 2,880.00","? 5,760.00",UPI,C02490
T004108,30-06-2025,Speaker,Accessories,North,Offline,4,"? 7,419.00","? 29,676.00",Credit Card,C01539
T004109,05-09-2025,Smartwatch,Accessories,South,Offline,2,"? 6,324.00","? 12,648.00",Cash,C01082
T004110,26-04-2025,Power Bank,Accessories,East,Online,2,"? 3,535.00","? 7,070.00",UPI,C02447
T004111,06-10-2025,Smartphone,Electronics,West,Offline,3,"? 37,467.00","? 1,12,401.00",Credit Card,C00700
T004112,31-12-2025,Router,Networking,North,Online,2,"? 2,329.00","? 4,658.00",Cash,C00771
T004113,10-03-2025,Keyboard,Accessories,East,Online,3,"? 3,758.00","? 11,274.00",Credit Card,C01711
T004114,17-12-2025,Tablet,Electronics,South,Offline,1,"? 19,041.00","? 19,041.00",UPI,C01461
T004115,11-09-2025,Webcam,Accessories,South,Online,1,"? 6,834.00","? 6,834.00",Net Banking,C00916
T004116,30-06-2025,Keyboard,Accessories,East,Online,3,"? 3,480.00","? 10,440.00",UPI,C01035
T004117,14-11-2025,Power Bank,Accessories,South,Offline,1,"? 1,953.00","? 1,953.00",UPI,C01817
T004118,18-06-2025,Smartwatch,Accessories,West,Offline,4,"? 6,940.00","? 27,760.00",Cash,C02239
T004119,09-11-2025,Gaming Chair,Furniture,East,Offline,1,"? 22,607.00","? 22,607.00",UPI,C01540
T004120,06-09-2025,Smartphone,Electronics,West,Online,3,"? 27,021.00","? 81,063.00",Cash,C02108
T004121,07-07-2025,Webcam,Accessories,South,Offline,4,"? 4,579.00","? 18,316.00",UPI,C00156
T004122,23-02-2025,Power Bank,Accessories,West,Offline,2,"? 1,202.00","? 2,404.00",Net Banking,C01019
T004123,22-11-2025,Router,Networking,West,Offline,2,"? 4,475.00","? 8,950.00",UPI,C01700
T004124,23-12-2025,Gaming Chair,Furniture,West,Offline,2,"? 20,914.00","? 41,828.00",Net Banking,C01616
T004125,09-11-2025,Smartwatch,Accessories,West,Online,3,"? 9,536.00","? 28,608.00",UPI,C00315
T004126,18-05-2025,Smartwatch,Accessories,East,Online,2,"? 2,980.00","? 5,960.00",Credit Card,C01709
T004127,17-06-2025,Gaming Chair,Furniture,South,Offline,1,"? 14,680.00","? 14,680.00",Cash,C01203
T004128,13-04-2025,Printer,Electronics,South,Offline,2,"? 19,364.00","? 38,728.00",Net Banking,C01070
T004129,26-03-2025,Speaker,Accessories,North,Online,5,"? 11,986.00","? 59,930.00",Net Banking,C00768
T004130,13-11-2025,Monitor,Electronics,West,Offline,5,"? 10,384.00","? 51,920.00",Cash,C02180
T004131,31-07-2025,Power Bank,Accessories,West,Online,2,"? 4,152.00","? 8,304.00",UPI,C02459
T004132,03-01-2025,Power Bank,Accessories,North,Online,2,"? 4,928.00","? 9,856.00",Cash,C00136
T004133,28-06-2025,Mouse,Accessories,North,Online,5,"? 1,198.00","? 5,990.00",Credit Card,C00617
T004134,08-12-2025,Webcam,Accessories,West,Online,2,"? 2,866.00","? 5,732.00",Net Banking,C00814
T004135,30-10-2025,Webcam,Accessories,South,Online,4,"? 4,438.00","? 17,752.00",Net Banking,C02009
T004136,28-11-2025,Power Bank,Accessories,North,Offline,5,"? 2,062.00","? 10,310.00",Cash,C02074
T004137,07-02-2025,Router,Networking,West,Online,3,"? 4,276.00","? 12,828.00",Credit Card,C00766
T004138,27-08-2025,Webcam,Accessories,South,Online,5,"? 7,687.00","? 38,435.00",UPI,C01981
T004139,18-06-2025,Gaming Chair,Furniture,East,Offline,1,"? 16,495.00","? 16,495.00",Cash,C00468
T004140,09-12-2025,Tablet,Electronics,North,Online,4,"? 19,885.00","? 79,540.00",Credit Card,C01063
T004141,10-11-2025,Camera,Electronics,North,Offline,3,"? 38,700.00","? 1,16,100.00",Credit Card,C00027
T004142,02-11-2025,Headphones,Accessories,South,Offline,2,"? 8,909.00","? 17,818.00",Credit Card,C00198
T004143,30-01-2025,Keyboard,Accessories,East,Offline,1,"? 1,621.00","? 1,621.00",UPI,C00998
T004144,09-07-2025,Tablet,Electronics,South,Offline,1,"? 17,114.00","? 17,114.00",Credit Card,C01988
T004145,23-12-2025,Speaker,Accessories,North,Offline,4,"? 8,074.00","? 32,296.00",Credit Card,C01347
T004146,25-01-2025,Printer,Electronics,East,Offline,3,"? 11,529.00","? 34,587.00",Net Banking,C02070
T004147,22-04-2025,Monitor,Electronics,West,Online,1,"? 11,809.00","? 11,809.00",Net Banking,C01097
T004148,25-07-2025,Keyboard,Accessories,North,Online,3,"? 1,866.00","? 5,598.00",Credit Card,C01720
T004149,04-07-2025,Headphones,Accessories,South,Online,3,"? 9,731.00","? 29,193.00",Credit Card,C00441
T004150,16-02-2025,Mouse,Accessories,South,Offline,1,"? 2,572.00","? 2,572.00",UPI,C01974
T004151,16-08-2025,Router,Networking,South,Offline,3,"? 6,831.00","? 20,493.00",Credit Card,C00392
T004152,08-02-2025,Webcam,Accessories,South,Offline,4,"? 6,529.00","? 26,116.00",Credit Card,C01671
T004153,16-01-2025,Speaker,Accessories,South,Offline,1,"? 13,191.00","? 13,191.00",Cash,C01356
T004154,22-01-2025,Tablet,Electronics,North,Online,4,"? 14,687.00","? 58,748.00",Net Banking,C00001
T004155,01-08-2025,Camera,Electronics,East,Online,4,"? 41,123.00","? 1,64,492.00",Net Banking,C02486
T004156,06-11-2025,Webcam,Accessories,South,Online,3,"? 1,827.00","? 5,481.00",UPI,C00908
T004157,29-05-2025,Monitor,Electronics,South,Offline,3,"? 29,622.00","? 88,866.00",UPI,C02256
T004158,29-08-2025,Laptop,Electronics,West,Online,1,"? 60,285.00","? 60,285.00",UPI,C00014
T004159,29-09-2025,Tablet,Electronics,West,Online,2,"? 34,927.00","? 69,854.00",Cash,C01246
T004160,28-02-2025,Speaker,Accessories,East,Offline,1,"? 6,632.00","? 6,632.00",Cash,C02027
T004161,14-10-2025,Smartwatch,Accessories,North,Online,4,"? 7,291.00","? 29,164.00",UPI,C00244
T004162,21-07-2025,Smartwatch,Accessories,North,Offline,3,"? 10,425.00","? 31,275.00",UPI,C01299
T004163,01-02-2025,Camera,Electronics,East,Online,4,"? 23,122.00","? 92,488.00",Credit Card,C01613
T004164,11-06-2025,Gaming Chair,Furniture,East,Offline,5,"? 12,876.00","? 64,380.00",Credit Card,C00108
T004165,12-09-2025,Smartphone,Electronics,East,Online,5,"? 34,112.00","? 1,70,560.00",Net Banking,C01354
T004166,11-09-2025,Camera,Electronics,South,Online,4,"? 77,147.00","? 3,08,588.00",Cash,C01647
T004167,09-01-2025,Monitor,Electronics,North,Offline,2,"? 9,823.00","? 19,646.00",Credit Card,C00125
T004168,19-05-2025,Smartwatch,Accessories,East,Offline,2,"? 6,073.00","? 12,146.00",Cash,C01117
T004169,10-01-2025,Mouse,Accessories,West,Online,1,"? 1,260.00","? 1,260.00",Credit Card,C00412
T004170,02-08-2025,Webcam,Accessories,South,Offline,1,"? 2,730.00","? 2,730.00",Credit Card,C00237
T004171,30-09-2025,Mouse,Accessories,South,Offline,1,"? 2,595.00","? 2,595.00",Credit Card,C00209
T004172,20-11-2025,Gaming Chair,Furniture,South,Online,3,"? 12,395.00","? 37,185.00",UPI,C01343
T004173,17-02-2025,Smartwatch,Accessories,South,Offline,2,"? 8,051.00","? 16,102.00",Credit Card,C00010
T004174,21-04-2025,Monitor,Electronics,East,Online,4,"? 9,476.00","? 37,904.00",UPI,C01956
T004175,02-06-2025,Printer,Electronics,South,Online,5,"? 24,407.00","? 1,22,035.00",Credit Card,C00959
T004176,03-05-2025,Headphones,Accessories,West,Online,2,"? 3,596.00","? 7,192.00",Credit Card,C02338
T004177,23-12-2025,Headphones,Accessories,West,Online,2,"? 8,840.00","? 17,680.00",Net Banking,C01631
T004178,12-04-2025,Monitor,Electronics,East,Online,2,"? 15,121.00","? 30,242.00",UPI,C01831
T004179,29-08-2025,Laptop,Electronics,South,Online,1,"? 52,430.00","? 52,430.00",UPI,C01952
T004180,17-11-2025,Webcam,Accessories,West,Online,3,"? 9,454.00","? 28,362.00",Credit Card,C02128
T004181,10-07-2025,Headphones,Accessories,North,Offline,4,"? 7,943.00","? 31,772.00",Credit Card,C02454
T004182,05-08-2025,Keyboard,Accessories,South,Offline,1,"? 4,389.00","? 4,389.00",UPI,C02467
T004183,20-02-2025,Router,Networking,East,Offline,3,"? 2,033.00","? 6,099.00",Credit Card,C02071
T004184,19-10-2025,Headphones,Accessories,North,Online,2,"? 2,256.00","? 4,512.00",UPI,C01414
T004185,22-03-2025,Keyboard,Accessories,South,Offline,3,"? 2,357.00","? 7,071.00",UPI,C00247
T004186,29-03-2025,Smartwatch,Accessories,North,Online,1,"? 14,085.00","? 14,085.00",UPI,C01626
T004187,13-07-2025,Gaming Chair,Furniture,South,Online,2,"? 26,136.00","? 52,272.00",UPI,C00765
T004188,14-04-2025,Printer,Electronics,South,Online,1,"? 29,097.00","? 29,097.00",Cash,C01980
T004189,28-09-2025,Camera,Electronics,West,Offline,4,"? 22,978.00","? 91,912.00",Credit Card,C01043
T004190,06-04-2025,Printer,Electronics,North,Online,2,"? 10,332.00","? 20,664.00",UPI,C00787
T004191,17-07-2025,Headphones,Accessories,North,Online,3,"? 4,653.00","? 13,959.00",UPI,C01134
T004192,01-01-2025,Router,Networking,East,Offline,1,"? 4,513.00","? 4,513.00",Credit Card,C01631
T004193,16-06-2025,Gaming Chair,Furniture,East,Online,5,"? 23,089.00","? 1,15,445.00",Cash,C00997
T004194,06-05-2025,Headphones,Accessories,North,Online,3,"? 8,652.00","? 25,956.00",Cash,C02444
T004195,09-11-2025,Power Bank,Accessories,West,Offline,3,"? 3,864.00","? 11,592.00",UPI,C01037
T004196,22-03-2025,Monitor,Electronics,West,Online,2,"? 22,008.00","? 44,016.00",Credit Card,C00342
T004197,08-09-2025,Camera,Electronics,South,Offline,3,"? 74,018.00","? 2,22,054.00",Net Banking,C00707
T004198,18-06-2025,Webcam,Accessories,East,Online,1,"? 3,264.00","? 3,264.00",Cash,C01765
T004199,14-03-2025,Headphones,Accessories,East,Online,5,"? 2,122.00","? 10,610.00",Net Banking,C01183
T004200,21-05-2025,Smartphone,Electronics,East,Online,4,"? 18,830.00","? 75,320.00",UPI,C01357
T004201,11-03-2025,Router,Networking,South,Offline,5,"? 4,458.00","? 22,290.00",Credit Card,C01047
T004202,19-09-2025,Router,Networking,West,Online,1,"? 3,820.00","? 3,820.00",Credit Card,C01021
T004203,06-12-2025,Gaming Chair,Furniture,East,Offline,2,"? 9,540.00","? 19,080.00",Net Banking,C01741
T004204,04-11-2025,Webcam,Accessories,South,Offline,1,"? 6,967.00","? 6,967.00",Cash,C01862
T004205,02-09-2025,Smartphone,Electronics,North,Offline,3,"? 22,053.00","? 66,159.00",Credit Card,C02243
T004206,03-01-2025,Laptop,Electronics,West,Online,2,"? 55,670.00","? 1,11,340.00",Net Banking,C00711
T004207,03-12-2025,Smartwatch,Accessories,North,Online,4,"? 12,690.00","? 50,760.00",Cash,C01162
T004208,04-03-2025,Webcam,Accessories,East,Online,4,"? 3,238.00","? 12,952.00",Cash,C01247
T004209,18-02-2025,Keyboard,Accessories,South,Online,1,"? 4,889.00","? 4,889.00",Cash,C00836
T004210,17-03-2025,Printer,Electronics,West,Offline,3,"? 8,533.00","? 25,599.00",UPI,C01452
T004211,24-06-2025,Smartwatch,Accessories,East,Offline,4,"? 12,756.00","? 51,024.00",Credit Card,C01874
T004212,19-04-2025,Router,Networking,West,Online,5,"? 6,769.00","? 33,845.00",Cash,C01479
T004213,02-07-2025,Keyboard,Accessories,South,Online,2,"? 3,464.00","? 6,928.00",Cash,C00994
T004214,11-07-2025,Keyboard,Accessories,South,Offline,5,"? 1,198.00","? 5,990.00",UPI,C00727
T004215,06-03-2025,Tablet,Electronics,East,Offline,4,"? 28,802.00","? 1,15,208.00",UPI,C01032
T004216,03-12-2025,Power Bank,Accessories,West,Online,4,"? 3,546.00","? 14,184.00",Cash,C01906
T004217,28-09-2025,Headphones,Accessories,South,Online,1,"? 1,484.00","? 1,484.00",UPI,C02264
T004218,10-04-2025,Laptop,Electronics,West,Online,1,"? 67,048.00","? 67,048.00",Cash,C00284
T004219,01-02-2025,Headphones,Accessories,West,Offline,2,"? 4,454.00","? 8,908.00",UPI,C01517
T004220,18-12-2025,Laptop,Electronics,North,Online,1,"? 99,779.00","? 99,779.00",Net Banking,C00439
T004221,08-05-2025,Webcam,Accessories,East,Offline,3,"? 5,787.00","? 17,361.00",Cash,C01791
T004222,05-12-2025,Smartwatch,Accessories,East,Online,2,"? 16,056.00","? 32,112.00",Net Banking,C02371
T004223,12-02-2025,Speaker,Accessories,West,Offline,3,"? 10,936.00","? 32,808.00",UPI,C01741
T004224,19-03-2025,Speaker,Accessories,North,Online,1,"? 6,666.00","? 6,666.00",Credit Card,C01959
T004225,10-11-2025,Monitor,Electronics,West,Online,2,"? 18,366.00","? 36,732.00",UPI,C00757
T004226,16-10-2025,Monitor,Electronics,East,Online,4,"? 28,258.00","? 1,13,032.00",Credit Card,C02461
T004227,27-09-2025,Smartwatch,Accessories,East,Online,5,"? 12,966.00","? 64,830.00",Cash,C02265
T004228,11-06-2025,Gaming Chair,Furniture,West,Online,4,"? 20,983.00","? 83,932.00",UPI,C00677
T004229,08-07-2025,Camera,Electronics,West,Offline,3,"? 84,441.00","? 2,53,323.00",Net Banking,C01643
T004230,04-09-2025,Smartphone,Electronics,West,Online,4,"? 60,078.00","? 2,40,312.00",Credit Card,C01784
T004231,04-08-2025,Power Bank,Accessories,East,Online,4,"? 4,002.00","? 16,008.00",Net Banking,C01868
T004232,11-11-2025,Keyboard,Accessories,West,Online,5,"? 3,898.00","? 19,490.00",Net Banking,C01875
T004233,05-12-2025,Laptop,Electronics,West,Online,5,"? 70,924.00","? 3,54,620.00",Credit Card,C00853
T004234,17-06-2025,Mouse,Accessories,South,Online,4,"? 1,176.00","? 4,704.00",Net Banking,C01244
T004235,05-12-2025,Speaker,Accessories,East,Online,5,"? 11,736.00","? 58,680.00",Credit Card,C01745
T004236,12-07-2025,Headphones,Accessories,West,Offline,4,"? 8,476.00","? 33,904.00",Credit Card,C02041
T004237,10-10-2025,Smartwatch,Accessories,North,Online,2,"? 2,707.00","? 5,414.00",Net Banking,C01026
T004238,02-12-2025,Keyboard,Accessories,East,Online,4,"? 1,132.00","? 4,528.00",Cash,C00710
T004239,13-01-2025,Speaker,Accessories,West,Online,1,"? 10,164.00","? 10,164.00",UPI,C00070
T004240,28-08-2025,Laptop,Electronics,West,Online,5,"? 99,093.00","? 4,95,465.00",UPI,C00705
T004241,16-11-2025,Printer,Electronics,South,Offline,5,"? 6,047.00","? 30,235.00",Credit Card,C00046
T004242,27-05-2025,Camera,Electronics,South,Online,3,"? 54,682.00","? 1,64,046.00",UPI,C01655
T004243,23-07-2025,Headphones,Accessories,East,Online,3,"? 2,105.00","? 6,315.00",Credit Card,C00917
T004244,21-03-2025,Monitor,Electronics,South,Offline,1,"? 27,564.00","? 27,564.00",Credit Card,C01051
T004245,12-02-2025,Smartwatch,Accessories,South,Online,5,"? 17,390.00","? 86,950.00",Net Banking,C01215
T004246,30-03-2025,Speaker,Accessories,East,Online,5,"? 10,049.00","? 50,245.00",Net Banking,C01815
T004247,28-05-2025,Monitor,Electronics,North,Online,3,"? 24,951.00","? 74,853.00",Cash,C00868
T004248,05-04-2025,Webcam,Accessories,West,Offline,3,"? 2,366.00","? 7,098.00",Credit Card,C00224
T004249,31-05-2025,Laptop,Electronics,West,Offline,4,"? 61,452.00","? 2,45,808.00",Cash,C01082
T004250,02-01-2025,Monitor,Electronics,South,Offline,5,"? 9,028.00","? 45,140.00",Net Banking,C00813
T004251,22-01-2025,Speaker,Accessories,West,Offline,5,"? 13,049.00","? 65,245.00",Credit Card,C00721
T004252,09-11-2025,Router,Networking,South,Offline,4,"? 3,313.00","? 13,252.00",Credit Card,C00925
T004253,24-11-2025,Speaker,Accessories,East,Offline,5,"? 5,228.00","? 26,140.00",Net Banking,C00496
T004254,07-01-2025,Headphones,Accessories,East,Online,1,"? 6,513.00","? 6,513.00",Cash,C01062
T004255,25-07-2025,Smartphone,Electronics,East,Online,3,"? 67,678.00","? 2,03,034.00",Credit Card,C02106
T004256,24-04-2025,Speaker,Accessories,West,Offline,3,"? 6,303.00","? 18,909.00",Credit Card,C01371
T004257,29-09-2025,Keyboard,Accessories,South,Offline,3,"? 1,750.00","? 5,250.00",Net Banking,C00529
T004258,24-03-2025,Smartphone,Electronics,South,Online,2,"? 39,702.00","? 79,404.00",Cash,C00632
T004259,28-06-2025,Smartwatch,Accessories,West,Online,1,"? 8,278.00","? 8,278.00",Credit Card,C00535
T004260,29-07-2025,Smartphone,Electronics,East,Offline,1,"? 59,566.00","? 59,566.00",Net Banking,C00482
T004261,24-11-2025,Tablet,Electronics,North,Online,4,"? 28,036.00","? 1,12,144.00",UPI,C00213
T004262,04-05-2025,Speaker,Accessories,South,Online,2,"? 9,699.00","? 19,398.00",Credit Card,C02196
T004263,23-04-2025,Keyboard,Accessories,South,Offline,5,"? 1,984.00","? 9,920.00",UPI,C01120
T004264,12-01-2025,Laptop,Electronics,West,Online,1,"? 55,318.00","? 55,318.00",Credit Card,C00460
T004265,06-05-2025,Keyboard,Accessories,North,Online,2,? 878.00,"? 1,756.00",Cash,C02308
T004266,22-02-2025,Tablet,Electronics,East,Offline,2,"? 49,361.00","? 98,722.00",Credit Card,C00073
T004267,27-11-2025,Mouse,Accessories,South,Online,1,"? 1,214.00","? 1,214.00",Cash,C00331
T004268,10-10-2025,Smartphone,Electronics,West,Offline,4,"? 51,022.00","? 2,04,088.00",UPI,C00049
T004269,20-05-2025,Gaming Chair,Furniture,North,Offline,2,"? 12,453.00","? 24,906.00",Cash,C00794
T004270,07-04-2025,Keyboard,Accessories,West,Offline,3,"? 3,123.00","? 9,369.00",Cash,C00505
T004271,05-01-2025,Monitor,Electronics,North,Offline,2,"? 32,492.00","? 64,984.00",Credit Card,C02080
T004272,26-02-2025,Webcam,Accessories,West,Online,5,"? 6,297.00","? 31,485.00",Net Banking,C00680
T004273,30-11-2025,Webcam,Accessories,North,Online,1,"? 8,481.00","? 8,481.00",Credit Card,C02085
T004274,10-03-2025,Webcam,Accessories,South,Offline,5,"? 9,437.00","? 47,185.00",UPI,C01203
T004275,28-04-2025,Laptop,Electronics,North,Online,4,"? 54,177.00","? 2,16,708.00",Credit Card,C00057
T004276,28-02-2025,Speaker,Accessories,East,Online,3,"? 4,929.00","? 14,787.00",UPI,C00336
T004277,02-02-2025,Speaker,Accessories,South,Offline,1,"? 1,684.00","? 1,684.00",Credit Card,C00584
T004278,14-11-2025,Router,Networking,East,Offline,2,"? 3,835.00","? 7,670.00",Credit Card,C02243
T004279,19-02-2025,Printer,Electronics,South,Offline,3,"? 9,133.00","? 27,399.00",UPI,C00003
T004280,19-01-2025,Smartwatch,Accessories,North,Offline,2,"? 6,978.00","? 13,956.00",Credit Card,C02250
T004281,02-08-2025,Smartwatch,Accessories,South,Offline,4,"? 10,698.00","? 42,792.00",Cash,C01932
T004282,16-07-2025,Router,Networking,West,Offline,1,"? 7,637.00","? 7,637.00",Credit Card,C00207
T004283,16-02-2025,Power Bank,Accessories,North,Online,4,"? 4,925.00","? 19,700.00",Credit Card,C01135
T004284,16-06-2025,Smartwatch,Accessories,West,Online,4,"? 8,174.00","? 32,696.00",UPI,C00907
T004285,16-10-2025,Keyboard,Accessories,West,Offline,4,"? 1,896.00","? 7,584.00",Credit Card,C01932
T004286,21-05-2025,Smartphone,Electronics,West,Online,4,"? 26,877.00","? 1,07,508.00",Credit Card,C02002
T004287,25-03-2025,Keyboard,Accessories,West,Offline,2,"? 4,881.00","? 9,762.00",Credit Card,C01305
T004288,01-07-2025,Gaming Chair,Furniture,East,Offline,5,"? 25,722.00","? 1,28,610.00",Credit Card,C01250
T004289,20-03-2025,Speaker,Accessories,North,Offline,2,"? 7,671.00","? 15,342.00",Credit Card,C01562
T004290,03-08-2025,Headphones,Accessories,West,Offline,3,"? 3,620.00","? 10,860.00",Credit Card,C02264
T004291,14-01-2025,Monitor,Electronics,East,Offline,4,"? 14,546.00","? 58,184.00",Credit Card,C02270
T004292,03-08-2025,Router,Networking,South,Online,3,"? 2,182.00","? 6,546.00",Net Banking,C01585
T004293,08-05-2025,Speaker,Accessories,West,Online,2,"? 13,206.00","? 26,412.00",Credit Card,C01364
T004294,06-11-2025,Printer,Electronics,West,Online,4,"? 28,315.00","? 1,13,260.00",Net Banking,C01596
T004295,05-09-2025,Printer,Electronics,East,Online,2,"? 16,352.00","? 32,704.00",UPI,C00874
T004296,29-01-2025,Monitor,Electronics,South,Online,4,"? 9,729.00","? 38,916.00",Credit Card,C00754
T004297,07-10-2025,Tablet,Electronics,South,Offline,2,"? 19,609.00","? 39,218.00",Credit Card,C00446
T004298,04-12-2025,Camera,Electronics,East,Online,1,"? 64,974.00","? 64,974.00",Credit Card,C02427
T004299,15-11-2025,Speaker,Accessories,West,Online,5,"? 1,518.00","? 7,590.00",UPI,C00395
T004300,21-07-2025,Speaker,Accessories,North,Online,5,"? 7,471.00","? 37,355.00",UPI,C01380
T004301,27-12-2025,Headphones,Accessories,East,Online,4,"? 11,844.00","? 47,376.00",UPI,C02000
T004302,26-02-2025,Laptop,Electronics,North,Online,1,"? 99,616.00","? 99,616.00",Cash,C00643
T004303,06-08-2025,Printer,Electronics,West,Online,3,"? 14,882.00","? 44,646.00",Credit Card,C02489
T004304,03-03-2025,Smartwatch,Accessories,West,Offline,1,"? 18,268.00","? 18,268.00",UPI,C00214
T004305,06-06-2025,Keyboard,Accessories,South,Online,4,"? 3,761.00","? 15,044.00",Cash,C00128
T004306,21-07-2025,Tablet,Electronics,West,Online,1,"? 30,404.00","? 30,404.00",Net Banking,C00512
T004307,17-01-2025,Speaker,Accessories,South,Online,3,"? 1,662.00","? 4,986.00",Cash,C01643
T004308,18-11-2025,Camera,Electronics,South,Offline,4,"? 29,827.00","? 1,19,308.00",Credit Card,C01477
T004309,06-01-2025,Monitor,Electronics,West,Offline,5,"? 18,938.00","? 94,690.00",Net Banking,C00706
T004310,27-02-2025,Webcam,Accessories,South,Offline,1,"? 1,794.00","? 1,794.00",UPI,C01069
T004311,21-11-2025,Mouse,Accessories,West,Offline,5,? 978.00,"? 4,890.00",UPI,C02105
T004312,14-11-2025,Laptop,Electronics,South,Online,5,"? 57,240.00","? 2,86,200.00",Cash,C00386
T004313,18-06-2025,Camera,Electronics,South,Online,2,"? 21,585.00","? 43,170.00",Net Banking,C01207
T004314,23-03-2025,Power Bank,Accessories,West,Online,3,"? 4,180.00","? 12,540.00",Net Banking,C01811
T004315,07-08-2025,Smartwatch,Accessories,North,Offline,1,"? 12,541.00","? 12,541.00",Cash,C01341
T004316,26-06-2025,Camera,Electronics,East,Online,5,"? 25,427.00","? 1,27,135.00",Credit Card,C01432
T004317,23-07-2025,Printer,Electronics,West,Offline,5,"? 29,196.00","? 1,45,980.00",UPI,C01955
T004318,12-03-2025,Power Bank,Accessories,South,Online,3,? 994.00,"? 2,982.00",Net Banking,C01055
T004319,23-09-2025,Speaker,Accessories,East,Online,5,"? 10,533.00","? 52,665.00",UPI,C01515
T004320,08-04-2025,Power Bank,Accessories,North,Online,5,"? 4,807.00","? 24,035.00",Net Banking,C00940
T004321,11-12-2025,Keyboard,Accessories,West,Offline,5,"? 3,631.00","? 18,155.00",Cash,C01873
T004322,18-10-2025,Monitor,Electronics,South,Online,5,"? 22,843.00","? 1,14,215.00",Net Banking,C02444
T004323,27-07-2025,Camera,Electronics,South,Offline,2,"? 76,193.00","? 1,52,386.00",Credit Card,C00419
T004324,02-01-2025,Laptop,Electronics,West,Online,2,"? 55,699.00","? 1,11,398.00",Cash,C01397
T004325,04-05-2025,Camera,Electronics,South,Online,4,"? 77,789.00","? 3,11,156.00",Cash,C01177
T004326,07-10-2025,Speaker,Accessories,East,Online,1,"? 9,771.00","? 9,771.00",UPI,C01677
T004327,15-03-2025,Mouse,Accessories,South,Online,3,"? 1,144.00","? 3,432.00",Credit Card,C01322
T004328,15-06-2025,Tablet,Electronics,East,Online,4,"? 37,321.00","? 1,49,284.00",Net Banking,C00269
T004329,22-01-2025,Printer,Electronics,East,Online,2,"? 13,636.00","? 27,272.00",Net Banking,C02379
T004330,03-06-2025,Keyboard,Accessories,West,Online,2,"? 2,560.00","? 5,120.00",UPI,C01196
T004331,22-10-2025,Smartwatch,Accessories,South,Offline,2,"? 19,314.00","? 38,628.00",Credit Card,C01486
T004332,07-08-2025,Monitor,Electronics,East,Online,4,"? 22,989.00","? 91,956.00",Credit Card,C00291
T004333,06-06-2025,Monitor,Electronics,South,Online,2,"? 26,318.00","? 52,636.00",Cash,C00815
T004334,18-08-2025,Power Bank,Accessories,East,Offline,4,"? 2,971.00","? 11,884.00",UPI,C00235
T004335,20-01-2025,Power Bank,Accessories,North,Offline,2,"? 4,094.00","? 8,188.00",Credit Card,C01443
T004336,10-02-2025,Tablet,Electronics,West,Online,5,"? 23,801.00","? 1,19,005.00",UPI,C00306
T004337,28-05-2025,Smartphone,Electronics,West,Offline,5,"? 45,398.00","? 2,26,990.00",Cash,C01512
T004338,18-04-2025,Webcam,Accessories,West,Offline,1,"? 6,247.00","? 6,247.00",UPI,C00087
T004339,25-03-2025,Smartphone,Electronics,East,Online,2,"? 52,160.00","? 1,04,320.00",Cash,C01357
T004340,18-11-2025,Gaming Chair,Furniture,North,Online,1,"? 13,238.00","? 13,238.00",UPI,C00710
T004341,05-11-2025,Smartwatch,Accessories,East,Online,4,"? 4,834.00","? 19,336.00",Credit Card,C00733
T004342,17-10-2025,Camera,Electronics,West,Online,1,"? 68,203.00","? 68,203.00",Credit Card,C01322
T004343,19-11-2025,Power Bank,Accessories,East,Offline,2,"? 2,454.00","? 4,908.00",Net Banking,C01825
T004344,14-05-2025,Mouse,Accessories,West,Online,4,"? 2,054.00","? 8,216.00",Cash,C01960
T004345,26-07-2025,Monitor,Electronics,South,Online,4,"? 14,494.00","? 57,976.00",Net Banking,C00417
T004346,10-10-2025,Camera,Electronics,East,Offline,5,"? 28,190.00","? 1,40,950.00",Credit Card,C01278
T004347,23-09-2025,Webcam,Accessories,South,Offline,4,"? 8,944.00","? 35,776.00",Cash,C00952
T004348,14-03-2025,Monitor,Electronics,East,Offline,4,"? 12,350.00","? 49,400.00",Cash,C01787
T004349,18-12-2025,Router,Networking,West,Offline,1,"? 2,787.00","? 2,787.00",Net Banking,C02416
T004350,17-02-2025,Power Bank,Accessories,South,Offline,4,"? 3,526.00","? 14,104.00",Net Banking,C02181
T004351,22-11-2025,Monitor,Electronics,East,Offline,3,"? 24,036.00","? 72,108.00",Credit Card,C02110
T004352,21-08-2025,Webcam,Accessories,West,Online,5,"? 8,110.00","? 40,550.00",Credit Card,C01640
T004353,10-04-2025,Camera,Electronics,East,Online,5,"? 49,420.00","? 2,47,100.00",UPI,C00452
T004354,28-02-2025,Power Bank,Accessories,South,Online,4,"? 1,401.00","? 5,604.00",Net Banking,C01102
T004355,15-09-2025,Speaker,Accessories,East,Online,1,"? 12,966.00","? 12,966.00",UPI,C02153
T004356,06-03-2025,Tablet,Electronics,East,Online,5,"? 49,651.00","? 2,48,255.00",Net Banking,C02442
T004357,24-03-2025,Gaming Chair,Furniture,South,Offline,5,"? 19,170.00","? 95,850.00",Credit Card,C01139
T004358,03-06-2025,Speaker,Accessories,West,Online,3,"? 6,687.00","? 20,061.00",UPI,C01686
T004359,23-09-2025,Smartphone,Electronics,East,Online,4,"? 64,282.00","? 2,57,128.00",UPI,C00598
T004360,05-11-2025,Router,Networking,East,Offline,5,"? 1,610.00","? 8,050.00",Credit Card,C01564
T004361,20-03-2025,Headphones,Accessories,North,Online,5,"? 11,763.00","? 58,815.00",UPI,C00048
T004362,11-11-2025,Webcam,Accessories,North,Offline,5,"? 4,234.00","? 21,170.00",Net Banking,C00188
T004363,30-05-2025,Laptop,Electronics,West,Offline,5,"? 75,406.00","? 3,77,030.00",Net Banking,C01620
T004364,17-02-2025,Tablet,Electronics,South,Offline,1,"? 11,066.00","? 11,066.00",Credit Card,C01599
T004365,05-09-2025,Speaker,Accessories,West,Offline,2,"? 6,470.00","? 12,940.00",Cash,C00791
T004366,05-10-2025,Printer,Electronics,West,Offline,3,"? 26,172.00","? 78,516.00",Cash,C02274
T004367,22-12-2025,Mouse,Accessories,West,Offline,1,"? 1,717.00","? 1,717.00",Credit Card,C00924
T004368,08-04-2025,Mouse,Accessories,East,Offline,3,? 684.00,"? 2,052.00",Net Banking,C01782
T004369,25-01-2025,Laptop,Electronics,East,Offline,5,"? 73,350.00","? 3,66,750.00",Credit Card,C01230
T004370,11-10-2025,Mouse,Accessories,West,Online,3,? 963.00,"? 2,889.00",UPI,C00628
T004371,28-10-2025,Camera,Electronics,West,Online,4,"? 24,114.00","? 96,456.00",Cash,C01001
T004372,09-03-2025,Mouse,Accessories,North,Offline,4,? 946.00,"? 3,784.00",UPI,C01241
T004373,07-01-2025,Headphones,Accessories,South,Offline,2,"? 1,047.00","? 2,094.00",Credit Card,C00456
T004374,01-11-2025,Mouse,Accessories,West,Offline,2,"? 2,168.00","? 4,336.00",Credit Card,C00982
T004375,17-05-2025,Monitor,Electronics,North,Online,3,"? 14,138.00","? 42,414.00",Cash,C01767
T004376,13-06-2025,Tablet,Electronics,West,Online,1,"? 38,890.00","? 38,890.00",UPI,C01523
T004377,24-03-2025,Router,Networking,South,Online,1,"? 6,361.00","? 6,361.00",UPI,C02286
T004378,18-05-2025,Camera,Electronics,West,Offline,5,"? 63,266.00","? 3,16,330.00",Credit Card,C01331
T004379,14-03-2025,Smartphone,Electronics,South,Offline,1,"? 39,226.00","? 39,226.00",Credit Card,C01614
T004380,25-08-2025,Mouse,Accessories,East,Online,2,? 707.00,"? 1,414.00",UPI,C02202
T004381,15-02-2025,Smartwatch,Accessories,South,Offline,1,"? 8,450.00","? 8,450.00",UPI,C01121
T004382,16-04-2025,Smartwatch,Accessories,West,Online,5,"? 15,410.00","? 77,050.00",Credit Card,C00652
T004383,15-10-2025,Gaming Chair,Furniture,North,Online,4,"? 14,164.00","? 56,656.00",Credit Card,C01117
T004384,19-09-2025,Smartwatch,Accessories,East,Online,1,"? 9,787.00","? 9,787.00",Credit Card,C00652
T004385,25-06-2025,Webcam,Accessories,North,Offline,1,"? 5,565.00","? 5,565.00",Credit Card,C01053
T004386,15-06-2025,Mouse,Accessories,West,Offline,2,? 481.00,? 962.00,Credit Card,C00873
T004387,25-05-2025,Printer,Electronics,East,Online,3,"? 9,005.00","? 27,015.00",UPI,C01085
T004388,26-11-2025,Speaker,Accessories,North,Online,4,"? 9,908.00","? 39,632.00",Net Banking,C02089
T004389,10-10-2025,Monitor,Electronics,West,Offline,3,"? 8,334.00","? 25,002.00",Credit Card,C01838
T004390,23-02-2025,Keyboard,Accessories,North,Online,5,"? 1,258.00","? 6,290.00",UPI,C01694
T004391,27-06-2025,Mouse,Accessories,South,Offline,5,"? 1,273.00","? 6,365.00",UPI,C02343
T004392,01-09-2025,Printer,Electronics,South,Offline,3,"? 14,944.00","? 44,832.00",Net Banking,C01320
T004393,07-12-2025,Gaming Chair,Furniture,West,Online,2,"? 19,953.00","? 39,906.00",UPI,C01203
T004394,07-05-2025,Speaker,Accessories,North,Online,2,"? 10,285.00","? 20,570.00",Net Banking,C02306
T004395,28-09-2025,Keyboard,Accessories,West,Online,2,"? 3,451.00","? 6,902.00",UPI,C01473
T004396,12-05-2025,Laptop,Electronics,North,Online,4,"? 73,452.00","? 2,93,808.00",UPI,C01020
T004397,03-04-2025,Headphones,Accessories,East,Offline,5,"? 10,870.00","? 54,350.00",Cash,C01288
T004398,14-03-2025,Monitor,Electronics,West,Online,5,"? 11,897.00","? 59,485.00",Credit Card,C02335
T004399,05-09-2025,Mouse,Accessories,West,Offline,5,? 952.00,"? 4,760.00",Net Banking,C01575
T004400,14-12-2025,Tablet,Electronics,North,Offline,4,"? 19,674.00","? 78,696.00",UPI,C01212
T004401,30-09-2025,Camera,Electronics,West,Offline,5,"? 39,970.00","? 1,99,850.00",Credit Card,C02290
T004402,12-02-2025,Tablet,Electronics,East,Online,3,"? 13,794.00","? 41,382.00",Net Banking,C01619
T004403,10-02-2025,Speaker,Accessories,North,Offline,1,"? 14,300.00","? 14,300.00",Cash,C02253
T004404,19-06-2025,Tablet,Electronics,North,Offline,4,"? 35,559.00","? 1,42,236.00",Credit Card,C00656
T004405,31-07-2025,Power Bank,Accessories,North,Online,1,"? 1,542.00","? 1,542.00",UPI,C02327
T004406,17-06-2025,Webcam,Accessories,East,Online,3,"? 6,044.00","? 18,132.00",UPI,C00395
T004407,08-02-2025,Laptop,Electronics,East,Offline,2,"? 62,875.00","? 1,25,750.00",Cash,C00472
T004408,02-09-2025,Webcam,Accessories,West,Online,2,"? 5,855.00","? 11,710.00",Credit Card,C01401
T004409,31-05-2025,Camera,Electronics,North,Online,2,"? 39,992.00","? 79,984.00",Net Banking,C01718
T004410,21-04-2025,Laptop,Electronics,East,Offline,4,"? 91,053.00","? 3,64,212.00",Net Banking,C00970
T004411,16-02-2025,Keyboard,Accessories,South,Online,2,"? 2,075.00","? 4,150.00",Credit Card,C01017
T004412,04-03-2025,Gaming Chair,Furniture,West,Online,4,"? 10,516.00","? 42,064.00",Cash,C01349
T004413,13-08-2025,Gaming Chair,Furniture,East,Offline,4,"? 21,155.00","? 84,620.00",Credit Card,C00057
T004414,10-03-2025,Laptop,Electronics,East,Offline,1,"? 99,242.00","? 99,242.00",Net Banking,C00464
T004415,26-10-2025,Smartwatch,Accessories,East,Online,2,"? 17,403.00","? 34,806.00",Net Banking,C00962
T004416,17-10-2025,Headphones,Accessories,West,Online,5,"? 2,479.00","? 12,395.00",Cash,C00602
T004417,23-10-2025,Smartwatch,Accessories,East,Offline,2,"? 19,338.00","? 38,676.00",UPI,C00516
T004418,22-07-2025,Mouse,Accessories,East,Offline,2,"? 2,831.00","? 5,662.00",UPI,C00022
T004419,02-03-2025,Keyboard,Accessories,South,Offline,2,? 722.00,"? 1,444.00",Cash,C00704
T004420,14-11-2025,Power Bank,Accessories,South,Online,5,"? 2,525.00","? 12,625.00",Cash,C00326
T004421,10-11-2025,Printer,Electronics,South,Offline,5,"? 18,310.00","? 91,550.00",Credit Card,C01756
T004422,10-06-2025,Keyboard,Accessories,East,Online,4,"? 4,005.00","? 16,020.00",Credit Card,C00907
T004423,27-11-2025,Printer,Electronics,South,Offline,5,"? 24,105.00","? 1,20,525.00",UPI,C02474
T004424,16-01-2025,Headphones,Accessories,North,Online,4,"? 10,632.00","? 42,528.00",Credit Card,C01365
T004425,04-12-2025,Laptop,Electronics,South,Online,1,"? 71,836.00","? 71,836.00",Credit Card,C00730
T004426,04-04-2025,Laptop,Electronics,South,Online,4,"? 79,246.00","? 3,16,984.00",Credit Card,C00039
T004427,31-10-2025,Camera,Electronics,East,Online,2,"? 88,083.00","? 1,76,166.00",UPI,C00943
T004428,18-05-2025,Mouse,Accessories,North,Online,3,"? 1,227.00","? 3,681.00",Net Banking,C00030
T004429,04-12-2025,Router,Networking,South,Offline,3,"? 5,054.00","? 15,162.00",Net Banking,C02209
T004430,07-02-2025,Router,Networking,East,Offline,2,"? 1,688.00","? 3,376.00",UPI,C00616
T004431,07-05-2025,Router,Networking,North,Online,4,"? 1,959.00","? 7,836.00",UPI,C01694
T004432,02-10-2025,Tablet,Electronics,South,Online,2,"? 12,236.00","? 24,472.00",Cash,C01957
T004433,13-06-2025,Smartphone,Electronics,East,Offline,5,"? 35,830.00","? 1,79,150.00",Credit Card,C02357
T004434,15-11-2025,Gaming Chair,Furniture,North,Online,4,"? 8,580.00","? 34,320.00",Cash,C01946
T004435,18-03-2025,Keyboard,Accessories,South,Online,2,"? 2,861.00","? 5,722.00",Credit Card,C02182
T004436,23-06-2025,Keyboard,Accessories,North,Online,5,"? 2,231.00","? 11,155.00",UPI,C01924
T004437,24-12-2025,Router,Networking,North,Online,5,"? 2,868.00","? 14,340.00",Credit Card,C01359
T004438,17-11-2025,Mouse,Accessories,East,Online,4,"? 2,834.00","? 11,336.00",UPI,C00036
T004439,01-04-2025,Smartwatch,Accessories,West,Offline,1,"? 7,897.00","? 7,897.00",Credit Card,C00831
T004440,26-08-2025,Monitor,Electronics,North,Online,1,"? 27,286.00","? 27,286.00",Credit Card,C01667
T004441,21-09-2025,Mouse,Accessories,North,Offline,5,"? 1,632.00","? 8,160.00",Net Banking,C00080
T004442,28-06-2025,Smartphone,Electronics,North,Online,1,"? 47,425.00","? 47,425.00",Credit Card,C00784
T004443,28-07-2025,Webcam,Accessories,North,Online,5,"? 2,358.00","? 11,790.00",Cash,C00437
T004444,14-03-2025,Laptop,Electronics,North,Online,1,"? 93,949.00","? 93,949.00",Credit Card,C01144
T004445,17-04-2025,Router,Networking,West,Offline,5,"? 3,940.00","? 19,700.00",Credit Card,C01158
T004446,11-12-2025,Gaming Chair,Furniture,East,Online,5,"? 19,898.00","? 99,490.00",UPI,C00405
T004447,22-10-2025,Printer,Electronics,West,Online,5,"? 7,712.00","? 38,560.00",UPI,C01741
T004448,11-10-2025,Smartwatch,Accessories,East,Online,5,"? 18,899.00","? 94,495.00",Credit Card,C00265
T004449,19-12-2025,Power Bank,Accessories,West,Online,3,"? 3,193.00","? 9,579.00",Net Banking,C00233
T004450,01-07-2025,Speaker,Accessories,East,Online,1,"? 2,875.00","? 2,875.00",UPI,C00447
T004451,06-02-2025,Smartwatch,Accessories,South,Online,5,"? 5,669.00","? 28,345.00",Cash,C02475
T004452,17-05-2025,Power Bank,Accessories,North,Online,2,"? 3,190.00","? 6,380.00",Credit Card,C00968
T004453,04-12-2025,Camera,Electronics,East,Offline,4,"? 56,030.00","? 2,24,120.00",UPI,C01052
T004454,25-02-2025,Headphones,Accessories,East,Online,2,"? 5,638.00","? 11,276.00",UPI,C01325
T004455,06-07-2025,Smartphone,Electronics,North,Offline,2,"? 17,866.00","? 35,732.00",Credit Card,C01594
T004456,07-12-2025,Smartwatch,Accessories,South,Online,3,"? 11,251.00","? 33,753.00",Cash,C00979
T004457,15-09-2025,Smartphone,Electronics,North,Online,1,"? 23,948.00","? 23,948.00",Credit Card,C00029
T004458,27-02-2025,Power Bank,Accessories,East,Offline,3,"? 4,295.00","? 12,885.00",Credit Card,C01887
T004459,29-12-2025,Mouse,Accessories,East,Offline,1,"? 2,798.00","? 2,798.00",Credit Card,C02425
T004460,03-05-2025,Speaker,Accessories,North,Offline,5,"? 1,687.00","? 8,435.00",Net Banking,C01974
T004461,07-07-2025,Printer,Electronics,West,Offline,3,"? 16,573.00","? 49,719.00",UPI,C00033
T004462,18-08-2025,Printer,Electronics,North,Offline,4,"? 26,962.00","? 1,07,848.00",UPI,C00960
T004463,17-06-2025,Speaker,Accessories,East,Offline,1,"? 14,969.00","? 14,969.00",Credit Card,C00620
T004464,24-04-2025,Keyboard,Accessories,East,Online,3,"? 3,414.00","? 10,242.00",Credit Card,C01296
T004465,09-09-2025,Laptop,Electronics,East,Online,4,"? 57,408.00","? 2,29,632.00",Credit Card,C00899
T004466,17-04-2025,Router,Networking,South,Offline,2,"? 1,795.00","? 3,590.00",UPI,C00703
T004467,06-02-2025,Keyboard,Accessories,North,Offline,5,"? 4,233.00","? 21,165.00",Credit Card,C01942
T004468,01-12-2025,Smartwatch,Accessories,South,Offline,5,"? 6,140.00","? 30,700.00",Credit Card,C00730
T004469,02-04-2025,Headphones,Accessories,North,Online,2,"? 5,042.00","? 10,084.00",Credit Card,C02332
T004470,18-01-2025,Power Bank,Accessories,South,Offline,3,"? 2,842.00","? 8,526.00",Net Banking,C00919
T004471,20-12-2025,Keyboard,Accessories,West,Online,2,"? 4,970.00","? 9,940.00",UPI,C02184
T004472,04-03-2025,Keyboard,Accessories,East,Offline,4,"? 3,751.00","? 15,004.00",Credit Card,C00653
T004473,30-05-2025,Gaming Chair,Furniture,East,Online,1,"? 29,849.00","? 29,849.00",UPI,C00889
T004474,19-05-2025,Keyboard,Accessories,North,Offline,3,"? 2,500.00","? 7,500.00",UPI,C01583
T004475,05-07-2025,Smartphone,Electronics,East,Online,1,"? 21,005.00","? 21,005.00",Credit Card,C02345
T004476,04-07-2025,Webcam,Accessories,South,Online,2,"? 7,370.00","? 14,740.00",Credit Card,C00330
T004477,24-07-2025,Gaming Chair,Furniture,West,Offline,5,"? 11,904.00","? 59,520.00",UPI,C02496
T004478,17-09-2025,Mouse,Accessories,South,Offline,1,"? 2,320.00","? 2,320.00",Cash,C00015
T004479,02-08-2025,Gaming Chair,Furniture,South,Online,1,"? 10,261.00","? 10,261.00",UPI,C02264
T004480,13-09-2025,Headphones,Accessories,North,Offline,5,"? 10,714.00","? 53,570.00",Credit Card,C01725
T004481,15-05-2025,Router,Networking,East,Offline,1,"? 6,353.00","? 6,353.00",Cash,C01277
T004482,02-03-2025,Webcam,Accessories,South,Online,1,"? 2,920.00","? 2,920.00",Credit Card,C00330
T004483,29-12-2025,Power Bank,Accessories,North,Online,5,? 904.00,"? 4,520.00",UPI,C02005
T004484,06-11-2025,Printer,Electronics,South,Online,5,"? 22,862.00","? 1,14,310.00",Net Banking,C01454
T004485,29-03-2025,Camera,Electronics,South,Offline,2,"? 59,553.00","? 1,19,106.00",Cash,C01083
T004486,20-11-2025,Smartphone,Electronics,South,Offline,2,"? 23,884.00","? 47,768.00",Credit Card,C02224
T004487,26-07-2025,Smartwatch,Accessories,North,Online,1,"? 5,038.00","? 5,038.00",Cash,C01398
T004488,09-05-2025,Gaming Chair,Furniture,West,Offline,3,"? 8,193.00","? 24,579.00",Net Banking,C00295
T004489,07-11-2025,Headphones,Accessories,South,Offline,2,"? 10,681.00","? 21,362.00",UPI,C01662
T004490,03-01-2025,Printer,Electronics,South,Offline,2,"? 22,442.00","? 44,884.00",Credit Card,C01578
T004491,30-08-2025,Headphones,Accessories,North,Offline,3,"? 2,886.00","? 8,658.00",Net Banking,C02355
T004492,01-05-2025,Monitor,Electronics,East,Offline,3,"? 19,801.00","? 59,403.00",UPI,C00361
T004493,12-04-2025,Monitor,Electronics,West,Online,5,"? 28,957.00","? 1,44,785.00",Credit Card,C01790
T004494,07-02-2025,Keyboard,Accessories,North,Offline,2,"? 3,280.00","? 6,560.00",UPI,C01961
T004495,07-12-2025,Keyboard,Accessories,East,Offline,4,"? 2,668.00","? 10,672.00",Cash,C00639
T004496,13-05-2025,Speaker,Accessories,North,Online,4,"? 14,379.00","? 57,516.00",UPI,C02283
T004497,21-07-2025,Monitor,Electronics,North,Offline,1,"? 20,245.00","? 20,245.00",Cash,C02481
T004498,14-12-2025,Power Bank,Accessories,West,Online,2,"? 3,885.00","? 7,770.00",Net Banking,C00387
T004499,21-01-2025,Router,Networking,West,Online,4,"? 1,720.00","? 6,880.00",UPI,C01056
T004500,30-08-2025,Power Bank,Accessories,West,Offline,2,"? 1,675.00","? 3,350.00",UPI,C01711
T004501,19-04-2025,Camera,Electronics,West,Offline,2,"? 80,069.00","? 1,60,138.00",Credit Card,C01598
T004502,30-10-2025,Printer,Electronics,East,Offline,4,"? 7,196.00","? 28,784.00",Net Banking,C02274
T004503,25-03-2025,Webcam,Accessories,South,Online,2,"? 4,209.00","? 8,418.00",Cash,C02192
T004504,24-03-2025,Smartwatch,Accessories,North,Offline,3,"? 18,719.00","? 56,157.00",Net Banking,C01476
T004505,18-10-2025,Speaker,Accessories,West,Offline,1,"? 9,916.00","? 9,916.00",Credit Card,C02066
T004506,10-03-2025,Laptop,Electronics,South,Online,5,"? 73,398.00","? 3,66,990.00",Net Banking,C01414
T004507,09-05-2025,Laptop,Electronics,East,Offline,4,"? 64,370.00","? 2,57,480.00",UPI,C00747
T004508,15-07-2025,Webcam,Accessories,West,Offline,5,"? 2,747.00","? 13,735.00",Net Banking,C02410
T004509,20-05-2025,Smartphone,Electronics,North,Online,1,"? 39,564.00","? 39,564.00",Credit Card,C00321
T004510,10-10-2025,Camera,Electronics,South,Online,3,"? 27,111.00","? 81,333.00",Cash,C02121
T004511,08-11-2025,Camera,Electronics,West,Online,3,"? 40,973.00","? 1,22,919.00",Credit Card,C01983
T004512,22-08-2025,Smartwatch,Accessories,North,Offline,3,"? 3,886.00","? 11,658.00",Credit Card,C00849
T004513,23-01-2025,Headphones,Accessories,South,Online,3,"? 1,310.00","? 3,930.00",Credit Card,C02148
T004514,02-06-2025,Laptop,Electronics,North,Online,4,"? 60,760.00","? 2,43,040.00",Net Banking,C01506
T004515,04-10-2025,Headphones,Accessories,East,Online,4,"? 2,604.00","? 10,416.00",UPI,C00256
T004516,02-03-2025,Headphones,Accessories,West,Online,2,"? 6,659.00","? 13,318.00",Cash,C01339
T004517,15-11-2025,Camera,Electronics,West,Online,2,"? 73,134.00","? 1,46,268.00",Net Banking,C00863
T004518,21-02-2025,Headphones,Accessories,North,Online,1,"? 9,560.00","? 9,560.00",UPI,C02210
T004519,10-12-2025,Laptop,Electronics,South,Online,2,"? 86,314.00","? 1,72,628.00",Net Banking,C02341
T004520,02-06-2025,Printer,Electronics,West,Online,1,"? 27,225.00","? 27,225.00",Net Banking,C00162
T004521,25-08-2025,Gaming Chair,Furniture,North,Offline,1,"? 13,351.00","? 13,351.00",UPI,C01665
T004522,07-11-2025,Tablet,Electronics,East,Online,1,"? 34,401.00","? 34,401.00",Credit Card,C01333
T004523,29-10-2025,Router,Networking,West,Offline,3,"? 2,497.00","? 7,491.00",Net Banking,C01598
T004524,01-02-2025,Headphones,Accessories,North,Offline,5,"? 1,496.00","? 7,480.00",Cash,C02271
T004525,24-02-2025,Smartwatch,Accessories,South,Online,5,"? 19,347.00","? 96,735.00",UPI,C02355
T004526,18-12-2025,Router,Networking,West,Online,4,"? 3,504.00","? 14,016.00",UPI,C00014
T004527,05-02-2025,Router,Networking,West,Offline,1,"? 2,698.00","? 2,698.00",Credit Card,C01634
T004528,20-04-2025,Mouse,Accessories,East,Offline,3,"? 2,745.00","? 8,235.00",UPI,C00571
T004529,26-06-2025,Keyboard,Accessories,North,Online,2,"? 1,276.00","? 2,552.00",Cash,C00227
T004530,28-12-2025,Smartwatch,Accessories,South,Online,2,"? 2,053.00","? 4,106.00",Credit Card,C01483
T004531,10-11-2025,Monitor,Electronics,East,Online,4,"? 23,989.00","? 95,956.00",Credit Card,C02193
T004532,22-10-2025,Gaming Chair,Furniture,East,Offline,4,"? 19,624.00","? 78,496.00",Net Banking,C01669
T004533,02-12-2025,Laptop,Electronics,East,Offline,1,"? 98,603.00","? 98,603.00",Credit Card,C00786
T004534,07-04-2025,Mouse,Accessories,North,Online,1,? 628.00,? 628.00,Net Banking,C00823
T004535,01-08-2025,Power Bank,Accessories,North,Online,2,"? 1,578.00","? 3,156.00",UPI,C01583
T004536,13-11-2025,Keyboard,Accessories,West,Online,2,"? 4,530.00","? 9,060.00",UPI,C00433
T004537,17-05-2025,Speaker,Accessories,North,Offline,2,"? 2,484.00","? 4,968.00",UPI,C02290
T004538,06-01-2025,Smartwatch,Accessories,East,Online,2,"? 14,660.00","? 29,320.00",Cash,C00277
T004539,19-04-2025,Mouse,Accessories,North,Offline,5,? 868.00,"? 4,340.00",Cash,C01212
T004540,04-02-2025,Tablet,Electronics,South,Online,1,"? 28,851.00","? 28,851.00",Credit Card,C02148
T004541,08-02-2025,Laptop,Electronics,West,Offline,1,"? 92,809.00","? 92,809.00",UPI,C00522
T004542,30-05-2025,Printer,Electronics,East,Online,2,"? 6,531.00","? 13,062.00",UPI,C01077
T004543,28-04-2025,Smartphone,Electronics,West,Offline,3,"? 28,711.00","? 86,133.00",Credit Card,C00647
T004544,18-09-2025,Router,Networking,North,Online,2,"? 4,535.00","? 9,070.00",UPI,C01310
T004545,28-03-2025,Camera,Electronics,West,Offline,4,"? 82,647.00","? 3,30,588.00",Cash,C01885
T004546,17-03-2025,Webcam,Accessories,West,Online,3,"? 9,528.00","? 28,584.00",UPI,C00055
T004547,09-11-2025,Tablet,Electronics,North,Offline,4,"? 26,945.00","? 1,07,780.00",UPI,C00577
T004548,02-08-2025,Monitor,Electronics,West,Online,3,"? 8,089.00","? 24,267.00",Net Banking,C01045
T004549,12-10-2025,Power Bank,Accessories,North,Online,4,"? 2,206.00","? 8,824.00",Cash,C00836
T004550,27-08-2025,Camera,Electronics,East,Online,2,"? 86,828.00","? 1,73,656.00",Net Banking,C02407
T004551,14-06-2025,Printer,Electronics,West,Online,2,"? 26,494.00","? 52,988.00",Cash,C00143
T004552,28-03-2025,Router,Networking,South,Online,3,"? 5,281.00","? 15,843.00",UPI,C00610
T004553,21-05-2025,Tablet,Electronics,South,Online,4,"? 45,159.00","? 1,80,636.00",Cash,C00357
T004554,09-06-2025,Keyboard,Accessories,East,Online,5,"? 1,918.00","? 9,590.00",Cash,C00643
T004555,15-02-2025,Mouse,Accessories,North,Online,3,"? 2,345.00","? 7,035.00",Net Banking,C02500
T004556,22-04-2025,Webcam,Accessories,North,Online,3,"? 6,655.00","? 19,965.00",Credit Card,C00047
T004557,14-02-2025,Laptop,Electronics,West,Online,1,"? 63,204.00","? 63,204.00",Credit Card,C00427
T004558,04-09-2025,Gaming Chair,Furniture,West,Online,3,"? 10,252.00","? 30,756.00",UPI,C00868
T004559,14-04-2025,Mouse,Accessories,South,Online,5,"? 2,074.00","? 10,370.00",UPI,C01563
T004560,26-03-2025,Headphones,Accessories,South,Offline,2,"? 1,775.00","? 3,550.00",Credit Card,C01572
T004561,14-05-2025,Smartwatch,Accessories,North,Online,4,"? 7,229.00","? 28,916.00",Cash,C00941
T004562,18-04-2025,Monitor,Electronics,South,Offline,1,"? 32,800.00","? 32,800.00",Cash,C01587
T004563,18-01-2025,Headphones,Accessories,North,Online,4,"? 8,553.00","? 34,212.00",UPI,C00672
T004564,04-04-2025,Webcam,Accessories,East,Offline,2,"? 1,563.00","? 3,126.00",UPI,C00529
T004565,30-05-2025,Headphones,Accessories,East,Online,3,"? 2,787.00","? 8,361.00",Cash,C02220
T004566,03-09-2025,Monitor,Electronics,South,Offline,5,"? 31,475.00","? 1,57,375.00",UPI,C01420
T004567,16-10-2025,Webcam,Accessories,West,Online,1,"? 6,556.00","? 6,556.00",UPI,C00566
T004568,28-07-2025,Smartwatch,Accessories,South,Online,5,"? 14,042.00","? 70,210.00",UPI,C00525
T004569,06-05-2025,Router,Networking,South,Online,5,"? 2,875.00","? 14,375.00",Credit Card,C00964
T004570,23-08-2025,Keyboard,Accessories,South,Online,5,"? 4,234.00","? 21,170.00",Cash,C01351
T004571,02-05-2025,Power Bank,Accessories,West,Online,5,"? 4,715.00","? 23,575.00",UPI,C00450
T004572,18-05-2025,Speaker,Accessories,South,Online,2,"? 14,144.00","? 28,288.00",Net Banking,C00783
T004573,25-04-2025,Gaming Chair,Furniture,West,Offline,5,"? 8,092.00","? 40,460.00",UPI,C01764
T004574,11-06-2025,Smartwatch,Accessories,South,Online,5,"? 12,934.00","? 64,670.00",UPI,C02110
T004575,20-07-2025,Laptop,Electronics,West,Online,2,"? 79,995.00","? 1,59,990.00",Net Banking,C01225
T004576,22-08-2025,Mouse,Accessories,West,Offline,4,"? 1,917.00","? 7,668.00",Cash,C01094
T004577,28-01-2025,Keyboard,Accessories,West,Offline,2,"? 2,377.00","? 4,754.00",UPI,C01725
T004578,11-01-2025,Smartphone,Electronics,West,Online,3,"? 43,242.00","? 1,29,726.00",UPI,C00497
T004579,25-07-2025,Speaker,Accessories,West,Offline,2,"? 7,008.00","? 14,016.00",Net Banking,C00208
T004580,16-06-2025,Mouse,Accessories,East,Online,4,"? 2,034.00","? 8,136.00",Net Banking,C01489
T004581,04-09-2025,Keyboard,Accessories,North,Online,3,"? 4,564.00","? 13,692.00",Cash,C01502
T004582,16-02-2025,Smartwatch,Accessories,North,Online,3,"? 19,785.00","? 59,355.00",Credit Card,C01155
T004583,03-09-2025,Monitor,Electronics,West,Online,1,"? 25,990.00","? 25,990.00",Cash,C00473
T004584,07-05-2025,Smartwatch,Accessories,North,Online,5,"? 14,148.00","? 70,740.00",Net Banking,C02102
T004585,27-05-2025,Speaker,Accessories,West,Online,3,"? 13,101.00","? 39,303.00",UPI,C01780
T004586,28-04-2025,Smartphone,Electronics,South,Online,3,"? 59,031.00","? 1,77,093.00",Cash,C01414
T004587,01-06-2025,Keyboard,Accessories,East,Offline,4,"? 1,597.00","? 6,388.00",Credit Card,C00889
T004588,13-03-2025,Gaming Chair,Furniture,South,Offline,3,"? 23,113.00","? 69,339.00",Cash,C02263
T004589,29-12-2025,Power Bank,Accessories,South,Offline,4,"? 4,513.00","? 18,052.00",Cash,C02034
T004590,17-05-2025,Laptop,Electronics,West,Offline,5,"? 81,532.00","? 4,07,660.00",Credit Card,C00011
T004591,24-06-2025,Smartwatch,Accessories,South,Offline,1,"? 19,916.00","? 19,916.00",UPI,C00411
T004592,16-10-2025,Gaming Chair,Furniture,East,Offline,1,"? 18,169.00","? 18,169.00",Credit Card,C01741
T004593,19-01-2025,Keyboard,Accessories,South,Offline,5,"? 2,498.00","? 12,490.00",UPI,C00109
T004594,14-07-2025,Webcam,Accessories,East,Online,5,"? 9,662.00","? 48,310.00",Credit Card,C00027
T004595,26-11-2025,Mouse,Accessories,East,Online,2,"? 1,894.00","? 3,788.00",Net Banking,C01440
T004596,24-06-2025,Gaming Chair,Furniture,West,Online,3,"? 25,735.00","? 77,205.00",UPI,C02397
T004597,20-12-2025,Smartphone,Electronics,East,Online,3,"? 45,740.00","? 1,37,220.00",Cash,C01006
T004598,21-05-2025,Laptop,Electronics,South,Online,3,"? 96,176.00","? 2,88,528.00",UPI,C01313
T004599,03-09-2025,Keyboard,Accessories,West,Online,4,"? 2,538.00","? 10,152.00",Credit Card,C01012
T004600,03-04-2025,Tablet,Electronics,East,Offline,2,"? 20,752.00","? 41,504.00",Net Banking,C01677
T004601,27-08-2025,Smartwatch,Accessories,East,Online,3,"? 9,051.00","? 27,153.00",UPI,C02273
T004602,24-07-2025,Power Bank,Accessories,North,Online,4,"? 3,791.00","? 15,164.00",UPI,C02398
T004603,17-02-2025,Webcam,Accessories,West,Online,4,"? 2,098.00","? 8,392.00",Credit Card,C01910
T004604,02-09-2025,Speaker,Accessories,North,Offline,1,"? 3,544.00","? 3,544.00",Credit Card,C01113
T004605,16-11-2025,Router,Networking,East,Online,4,"? 1,758.00","? 7,032.00",UPI,C01127
T004606,13-11-2025,Webcam,Accessories,North,Online,5,"? 6,071.00","? 30,355.00",Credit Card,C00330
T004607,22-10-2025,Smartphone,Electronics,South,Offline,4,"? 55,771.00","? 2,23,084.00",UPI,C01956
T004608,08-05-2025,Webcam,Accessories,South,Offline,5,"? 8,468.00","? 42,340.00",Cash,C01149
T004609,10-12-2025,Laptop,Electronics,East,Offline,5,"? 60,097.00","? 3,00,485.00",Cash,C02131
T004610,09-10-2025,Laptop,Electronics,North,Offline,1,"? 63,207.00","? 63,207.00",Credit Card,C00267
T004611,17-01-2025,Router,Networking,North,Online,1,"? 7,676.00","? 7,676.00",Net Banking,C01385
T004612,12-03-2025,Speaker,Accessories,West,Offline,4,"? 8,542.00","? 34,168.00",Net Banking,C01081
T004613,26-09-2025,Headphones,Accessories,South,Online,1,"? 9,579.00","? 9,579.00",Credit Card,C02235
T004614,21-11-2025,Camera,Electronics,South,Offline,1,"? 86,333.00","? 86,333.00",Cash,C01871
T004615,09-10-2025,Router,Networking,West,Online,3,"? 4,003.00","? 12,009.00",Cash,C01511
T004616,01-11-2025,Smartphone,Electronics,South,Online,4,"? 20,713.00","? 82,852.00",Credit Card,C02446
T004617,07-01-2025,Laptop,Electronics,North,Online,4,"? 90,079.00","? 3,60,316.00",Net Banking,C00863
T004618,10-11-2025,Keyboard,Accessories,North,Online,4,"? 4,720.00","? 18,880.00",UPI,C00521
T004619,01-11-2025,Gaming Chair,Furniture,South,Online,1,"? 13,911.00","? 13,911.00",Net Banking,C01545
T004620,13-04-2025,Headphones,Accessories,West,Online,1,"? 4,954.00","? 4,954.00",Net Banking,C02161
T004621,05-11-2025,Camera,Electronics,East,Offline,5,"? 89,848.00","? 4,49,240.00",UPI,C00122
T004622,12-07-2025,Router,Networking,East,Online,2,"? 7,799.00","? 15,598.00",UPI,C02037
T004623,29-08-2025,Power Bank,Accessories,East,Online,2,"? 1,588.00","? 3,176.00",Net Banking,C00386
T004624,03-03-2025,Webcam,Accessories,East,Offline,2,"? 7,139.00","? 14,278.00",UPI,C00784
T004625,17-01-2025,Mouse,Accessories,North,Offline,3,"? 2,483.00","? 7,449.00",Credit Card,C00919
T004626,20-06-2025,Speaker,Accessories,East,Online,1,"? 8,279.00","? 8,279.00",UPI,C02430
T004627,25-01-2025,Keyboard,Accessories,North,Online,5,"? 2,756.00","? 13,780.00",Cash,C00156
T004628,08-09-2025,Smartwatch,Accessories,North,Offline,5,"? 17,828.00","? 89,140.00",Net Banking,C01599
T004629,10-09-2025,Camera,Electronics,East,Online,2,"? 50,898.00","? 1,01,796.00",Cash,C02429
T004630,26-07-2025,Power Bank,Accessories,East,Online,3,"? 2,247.00","? 6,741.00",Credit Card,C01681
T004631,29-01-2025,Router,Networking,East,Online,3,"? 2,014.00","? 6,042.00",Credit Card,C01956
T004632,27-04-2025,Power Bank,Accessories,South,Offline,2,"? 2,713.00","? 5,426.00",Net Banking,C02437
T004633,09-10-2025,Power Bank,Accessories,South,Online,2,"? 2,751.00","? 5,502.00",Net Banking,C01047
T004634,24-05-2025,Power Bank,Accessories,West,Online,1,"? 1,573.00","? 1,573.00",UPI,C00787
T004635,25-01-2025,Smartphone,Electronics,North,Offline,3,"? 48,096.00","? 1,44,288.00",Credit Card,C01835
T004636,06-11-2025,Smartwatch,Accessories,East,Online,5,"? 10,985.00","? 54,925.00",Credit Card,C00228
T004637,05-06-2025,Printer,Electronics,South,Online,2,"? 28,897.00","? 57,794.00",Cash,C01787
T004638,14-03-2025,Printer,Electronics,West,Online,1,"? 18,884.00","? 18,884.00",Net Banking,C00714
T004639,30-04-2025,Smartphone,Electronics,North,Offline,5,"? 20,973.00","? 1,04,865.00",Net Banking,C00174
T004640,08-11-2025,Mouse,Accessories,North,Offline,3,"? 1,810.00","? 5,430.00",Net Banking,C01399
T004641,17-11-2025,Camera,Electronics,North,Offline,2,"? 86,673.00","? 1,73,346.00",UPI,C02435
T004642,03-04-2025,Gaming Chair,Furniture,South,Online,2,"? 29,050.00","? 58,100.00",Net Banking,C00343
T004643,27-03-2025,Headphones,Accessories,East,Online,1,"? 6,157.00","? 6,157.00",Cash,C01148
T004644,02-12-2025,Router,Networking,East,Online,1,"? 3,068.00","? 3,068.00",Credit Card,C00740
T004645,30-12-2025,Router,Networking,North,Online,3,"? 5,972.00","? 17,916.00",Net Banking,C02381
T004646,28-04-2025,Tablet,Electronics,North,Offline,2,"? 46,042.00","? 92,084.00",Credit Card,C01478
T004647,21-08-2025,Speaker,Accessories,West,Offline,1,"? 4,773.00","? 4,773.00",UPI,C00706
T004648,18-07-2025,Laptop,Electronics,West,Offline,2,"? 72,627.00","? 1,45,254.00",UPI,C02127
T004649,25-07-2025,Tablet,Electronics,North,Online,3,"? 42,193.00","? 1,26,579.00",Credit Card,C02056
T004650,05-12-2025,Speaker,Accessories,West,Online,2,"? 7,432.00","? 14,864.00",Credit Card,C01890
T004651,27-05-2025,Printer,Electronics,South,Offline,5,"? 21,151.00","? 1,05,755.00",Cash,C00567
T004652,28-09-2025,Gaming Chair,Furniture,North,Online,2,"? 18,155.00","? 36,310.00",UPI,C00712
T004653,19-05-2025,Webcam,Accessories,West,Offline,4,"? 8,064.00","? 32,256.00",Credit Card,C02318
T004654,30-06-2025,Printer,Electronics,North,Online,4,"? 11,362.00","? 45,448.00",Cash,C02480
T004655,30-01-2025,Mouse,Accessories,East,Offline,3,? 940.00,"? 2,820.00",UPI,C00601
T004656,26-02-2025,Tablet,Electronics,South,Offline,3,"? 48,114.00","? 1,44,342.00",Credit Card,C02274
T004657,20-08-2025,Router,Networking,North,Online,3,"? 5,072.00","? 15,216.00",Credit Card,C01696
T004658,26-05-2025,Tablet,Electronics,East,Online,5,"? 41,649.00","? 2,08,245.00",Cash,C01444
T004659,17-02-2025,Headphones,Accessories,North,Online,5,"? 11,938.00","? 59,690.00",Credit Card,C02031
T004660,13-07-2025,Mouse,Accessories,East,Offline,2,? 512.00,"? 1,024.00",UPI,C02383
T004661,12-08-2025,Mouse,Accessories,West,Online,1,? 772.00,? 772.00,Net Banking,C00122
T004662,16-05-2025,Power Bank,Accessories,East,Online,4,"? 3,146.00","? 12,584.00",Credit Card,C00476
T004663,22-01-2025,Power Bank,Accessories,South,Offline,4,"? 1,842.00","? 7,368.00",Net Banking,C00786
T004664,06-01-2025,Gaming Chair,Furniture,South,Offline,4,"? 21,063.00","? 84,252.00",Cash,C00237
T004665,23-07-2025,Smartphone,Electronics,West,Offline,2,"? 68,918.00","? 1,37,836.00",UPI,C01668
T004666,27-08-2025,Power Bank,Accessories,North,Online,2,"? 4,906.00","? 9,812.00",Net Banking,C00382
T004667,04-07-2025,Webcam,Accessories,South,Online,3,"? 9,699.00","? 29,097.00",UPI,C00389
T004668,26-12-2025,Smartwatch,Accessories,West,Offline,1,"? 5,731.00","? 5,731.00",Credit Card,C01471
T004669,19-10-2025,Mouse,Accessories,South,Online,3,"? 1,973.00","? 5,919.00",Credit Card,C00694
T004670,01-12-2025,Mouse,Accessories,West,Offline,2,"? 1,796.00","? 3,592.00",UPI,C00461
T004671,08-08-2025,Keyboard,Accessories,South,Offline,5,"? 1,160.00","? 5,800.00",Credit Card,C00110
T004672,26-04-2025,Camera,Electronics,West,Online,3,"? 80,650.00","? 2,41,950.00",UPI,C00214
T004673,09-11-2025,Camera,Electronics,South,Online,2,"? 22,302.00","? 44,604.00",Cash,C00585
T004674,18-02-2025,Power Bank,Accessories,North,Online,2,"? 3,433.00","? 6,866.00",Cash,C00515
T004675,22-06-2025,Monitor,Electronics,East,Online,5,"? 17,543.00","? 87,715.00",UPI,C02050
T004676,23-03-2025,Tablet,Electronics,South,Online,5,"? 10,361.00","? 51,805.00",UPI,C00210
T004677,18-11-2025,Webcam,Accessories,West,Offline,5,"? 6,993.00","? 34,965.00",UPI,C00058
T004678,29-11-2025,Laptop,Electronics,North,Online,1,"? 67,171.00","? 67,171.00",Cash,C00484
T004679,14-02-2025,Tablet,Electronics,South,Online,2,"? 39,327.00","? 78,654.00",Credit Card,C01753
T004680,01-12-2025,Speaker,Accessories,West,Online,5,"? 6,592.00","? 32,960.00",Cash,C01137
T004681,20-01-2025,Smartphone,Electronics,East,Online,1,"? 31,937.00","? 31,937.00",UPI,C00485
T004682,09-08-2025,Smartphone,Electronics,West,Online,4,"? 55,793.00","? 2,23,172.00",UPI,C00071
T004683,03-05-2025,Gaming Chair,Furniture,South,Online,4,"? 21,817.00","? 87,268.00",Net Banking,C01507
T004684,22-08-2025,Gaming Chair,Furniture,West,Online,4,"? 17,779.00","? 71,116.00",Credit Card,C01638
T004685,09-08-2025,Smartphone,Electronics,West,Online,2,"? 19,516.00","? 39,032.00",Net Banking,C01069
T004686,19-11-2025,Smartwatch,Accessories,East,Online,1,"? 8,451.00","? 8,451.00",UPI,C01766
T004687,05-12-2025,Router,Networking,South,Offline,1,"? 7,780.00","? 7,780.00",UPI,C01829
T004688,03-01-2025,Laptop,Electronics,South,Online,4,"? 80,114.00","? 3,20,456.00",Cash,C01228
T004689,01-07-2025,Camera,Electronics,East,Online,3,"? 34,530.00","? 1,03,590.00",Cash,C00476
T004690,25-07-2025,Headphones,Accessories,North,Offline,4,"? 10,310.00","? 41,240.00",UPI,C00572
T004691,16-11-2025,Gaming Chair,Furniture,West,Offline,2,"? 9,513.00","? 19,026.00",UPI,C01467
T004692,09-02-2025,Camera,Electronics,West,Online,4,"? 79,270.00","? 3,17,080.00",Cash,C01271
T004693,28-02-2025,Smartwatch,Accessories,West,Online,4,"? 15,336.00","? 61,344.00",Cash,C00592
T004694,03-03-2025,Smartphone,Electronics,South,Offline,1,"? 36,735.00","? 36,735.00",UPI,C01574
T004695,12-05-2025,Smartwatch,Accessories,South,Online,4,"? 13,595.00","? 54,380.00",Net Banking,C00649
T004696,01-03-2025,Camera,Electronics,West,Online,5,"? 27,005.00","? 1,35,025.00",Cash,C00466
T004697,27-11-2025,Webcam,Accessories,South,Online,5,"? 9,912.00","? 49,560.00",Cash,C00225
T004698,02-05-2025,Headphones,Accessories,East,Offline,3,"? 3,344.00","? 10,032.00",Net Banking,C02290
T004699,17-04-2025,Monitor,Electronics,East,Online,2,"? 31,538.00","? 63,076.00",UPI,C01747
T004700,06-04-2025,Laptop,Electronics,South,Online,2,"? 87,206.00","? 1,74,412.00",Cash,C00558
T004701,13-12-2025,Webcam,Accessories,West,Online,1,"? 6,824.00","? 6,824.00",Credit Card,C01578
T004702,23-08-2025,Power Bank,Accessories,West,Online,2,"? 4,864.00","? 9,728.00",UPI,C00453
T004703,03-03-2025,Smartwatch,Accessories,West,Online,3,"? 12,176.00","? 36,528.00",Cash,C01898
T004704,13-09-2025,Gaming Chair,Furniture,West,Offline,5,"? 24,359.00","? 1,21,795.00",Credit Card,C00742
T004705,18-02-2025,Gaming Chair,Furniture,South,Online,1,"? 22,412.00","? 22,412.00",UPI,C01942
T004706,14-12-2025,Speaker,Accessories,North,Offline,5,"? 7,169.00","? 35,845.00",Cash,C00709
T004707,08-06-2025,Power Bank,Accessories,North,Online,3,"? 4,326.00","? 12,978.00",Cash,C00193
T004708,04-05-2025,Camera,Electronics,West,Online,1,"? 51,309.00","? 51,309.00",Cash,C00154
T004709,13-11-2025,Laptop,Electronics,West,Online,4,"? 68,239.00","? 2,72,956.00",UPI,C00466
T004710,26-07-2025,Camera,Electronics,West,Offline,2,"? 22,435.00","? 44,870.00",Credit Card,C00567
T004711,17-02-2025,Camera,Electronics,North,Online,3,"? 23,386.00","? 70,158.00",Credit Card,C01474
T004712,16-05-2025,Headphones,Accessories,East,Offline,1,"? 6,440.00","? 6,440.00",Cash,C02127
T004713,20-07-2025,Monitor,Electronics,North,Online,5,"? 20,735.00","? 1,03,675.00",Credit Card,C00011
T004714,07-09-2025,Laptop,Electronics,South,Online,1,"? 92,776.00","? 92,776.00",UPI,C00570
T004715,10-11-2025,Speaker,Accessories,North,Offline,4,"? 7,936.00","? 31,744.00",Net Banking,C01005
T004716,23-12-2025,Webcam,Accessories,South,Online,3,"? 3,277.00","? 9,831.00",UPI,C02287
T004717,14-11-2025,Smartphone,Electronics,West,Online,1,"? 22,403.00","? 22,403.00",Credit Card,C00810
T004718,22-10-2025,Laptop,Electronics,South,Online,3,"? 73,242.00","? 2,19,726.00",Credit Card,C00849
T004719,10-11-2025,Speaker,Accessories,West,Online,3,"? 12,196.00","? 36,588.00",Credit Card,C02245
T004720,28-07-2025,Mouse,Accessories,East,Offline,5,"? 1,238.00","? 6,190.00",Credit Card,C02209
T004721,21-12-2025,Smartphone,Electronics,West,Online,2,"? 42,277.00","? 84,554.00",Cash,C00499
T004722,30-07-2025,Laptop,Electronics,West,Offline,4,"? 71,143.00","? 2,84,572.00",Credit Card,C02220
T004723,11-07-2025,Webcam,Accessories,East,Offline,1,"? 6,360.00","? 6,360.00",Net Banking,C01159
T004724,13-02-2025,Power Bank,Accessories,West,Online,2,"? 3,938.00","? 7,876.00",Net Banking,C02274
T004725,29-01-2025,Keyboard,Accessories,West,Online,5,? 875.00,"? 4,375.00",UPI,C01909
T004726,28-02-2025,Keyboard,Accessories,West,Offline,2,"? 4,386.00","? 8,772.00",Credit Card,C01844
T004727,12-03-2025,Camera,Electronics,North,Offline,3,"? 88,698.00","? 2,66,094.00",UPI,C00032
T004728,02-04-2025,Smartphone,Electronics,South,Online,3,"? 17,752.00","? 53,256.00",Credit Card,C00295
T004729,22-09-2025,Webcam,Accessories,West,Offline,4,"? 2,337.00","? 9,348.00",Credit Card,C01614
T004730,08-08-2025,Laptop,Electronics,North,Offline,1,"? 78,474.00","? 78,474.00",Cash,C01556
T004731,03-08-2025,Gaming Chair,Furniture,West,Online,1,"? 20,043.00","? 20,043.00",Cash,C01552
T004732,04-10-2025,Camera,Electronics,South,Offline,5,"? 76,997.00","? 3,84,985.00",Cash,C01182
T004733,05-03-2025,Tablet,Electronics,West,Online,4,"? 45,501.00","? 1,82,004.00",Credit Card,C01129
T004734,12-12-2025,Camera,Electronics,South,Online,1,"? 64,770.00","? 64,770.00",Credit Card,C00726
T004735,19-10-2025,Gaming Chair,Furniture,North,Online,3,"? 22,601.00","? 67,803.00",Net Banking,C00586
T004736,02-09-2025,Smartwatch,Accessories,North,Online,4,"? 7,206.00","? 28,824.00",Cash,C00733
T004737,03-03-2025,Keyboard,Accessories,West,Offline,2,"? 3,353.00","? 6,706.00",Credit Card,C00334
T004738,28-11-2025,Tablet,Electronics,East,Online,4,"? 32,524.00","? 1,30,096.00",Cash,C01739
T004739,19-06-2025,Printer,Electronics,South,Online,4,"? 29,603.00","? 1,18,412.00",Credit Card,C00362
T004740,26-09-2025,Speaker,Accessories,West,Offline,1,"? 12,942.00","? 12,942.00",UPI,C00930
T004741,24-09-2025,Smartwatch,Accessories,North,Online,5,"? 5,310.00","? 26,550.00",Credit Card,C00935
T004742,23-02-2025,Router,Networking,West,Online,5,"? 6,180.00","? 30,900.00",UPI,C01073
T004743,16-01-2025,Smartphone,Electronics,South,Offline,1,"? 33,770.00","? 33,770.00",UPI,C00490
T004744,08-01-2025,Camera,Electronics,West,Online,1,"? 57,959.00","? 57,959.00",UPI,C00133
T004745,14-04-2025,Keyboard,Accessories,South,Offline,1,"? 1,073.00","? 1,073.00",Credit Card,C00873
T004746,28-02-2025,Power Bank,Accessories,North,Online,5,"? 2,061.00","? 10,305.00",Cash,C00299
T004747,09-11-2025,Monitor,Electronics,East,Offline,1,"? 15,633.00","? 15,633.00",Net Banking,C01723
T004748,09-02-2025,Speaker,Accessories,East,Online,2,"? 9,812.00","? 19,624.00",UPI,C01966
T004749,25-08-2025,Keyboard,Accessories,North,Online,2,"? 4,545.00","? 9,090.00",Net Banking,C01848
T004750,04-04-2025,Headphones,Accessories,North,Online,3,"? 3,884.00","? 11,652.00",Net Banking,C01178
T004751,10-08-2025,Keyboard,Accessories,West,Online,2,"? 3,317.00","? 6,634.00",UPI,C00194
T004752,23-07-2025,Monitor,Electronics,North,Online,4,"? 28,522.00","? 1,14,088.00",Credit Card,C02446
T004753,18-05-2025,Monitor,Electronics,North,Offline,3,"? 13,623.00","? 40,869.00",UPI,C02484
T004754,27-10-2025,Router,Networking,South,Online,2,"? 4,768.00","? 9,536.00",UPI,C02436
T004755,26-07-2025,Camera,Electronics,West,Online,4,"? 30,234.00","? 1,20,936.00",UPI,C02383
T004756,02-12-2025,Smartphone,Electronics,South,Online,2,"? 33,503.00","? 67,006.00",UPI,C01430
T004757,22-03-2025,Monitor,Electronics,West,Offline,4,"? 32,100.00","? 1,28,400.00",UPI,C00368
T004758,06-08-2025,Keyboard,Accessories,West,Offline,1,"? 1,190.00","? 1,190.00",Cash,C00738
T004759,02-01-2025,Smartphone,Electronics,East,Online,4,"? 61,905.00","? 2,47,620.00",Cash,C01890
T004760,27-06-2025,Laptop,Electronics,East,Offline,1,"? 79,420.00","? 79,420.00",Credit Card,C00528
T004761,12-12-2025,Keyboard,Accessories,North,Offline,4,"? 3,745.00","? 14,980.00",Net Banking,C02148
T004762,06-10-2025,Router,Networking,West,Online,4,"? 1,882.00","? 7,528.00",Net Banking,C01463
T004763,26-05-2025,Mouse,Accessories,North,Offline,2,"? 1,204.00","? 2,408.00",UPI,C00278
T004764,14-11-2025,Gaming Chair,Furniture,South,Online,4,"? 13,585.00","? 54,340.00",Credit Card,C01402
T004765,12-08-2025,Gaming Chair,Furniture,North,Offline,2,"? 17,369.00","? 34,738.00",Credit Card,C01312
T004766,03-03-2025,Camera,Electronics,South,Online,4,"? 54,985.00","? 2,19,940.00",Credit Card,C00428
T004767,21-10-2025,Smartwatch,Accessories,East,Offline,5,"? 11,487.00","? 57,435.00",Credit Card,C01617
T004768,27-08-2025,Gaming Chair,Furniture,East,Online,3,"? 20,718.00","? 62,154.00",Cash,C00329
T004769,14-07-2025,Camera,Electronics,South,Online,2,"? 67,883.00","? 1,35,766.00",Credit Card,C01024
T004770,15-06-2025,Monitor,Electronics,South,Offline,2,"? 30,550.00","? 61,100.00",Credit Card,C00764
T004771,10-08-2025,Speaker,Accessories,South,Offline,1,"? 3,914.00","? 3,914.00",UPI,C00033
T004772,02-03-2025,Router,Networking,North,Offline,5,"? 2,150.00","? 10,750.00",Net Banking,C02168
T004773,09-05-2025,Power Bank,Accessories,South,Offline,1,"? 3,086.00","? 3,086.00",Credit Card,C00386
T004774,22-06-2025,Printer,Electronics,West,Offline,5,"? 22,312.00","? 1,11,560.00",Cash,C00014
T004775,05-06-2025,Headphones,Accessories,South,Offline,5,"? 11,943.00","? 59,715.00",Net Banking,C02369
T004776,20-04-2025,Mouse,Accessories,East,Online,4,"? 1,341.00","? 5,364.00",Net Banking,C00086
T004777,26-09-2025,Monitor,Electronics,South,Online,1,"? 16,732.00","? 16,732.00",Cash,C01088
T004778,22-12-2025,Router,Networking,East,Online,3,"? 4,180.00","? 12,540.00",Cash,C01825
T004779,05-10-2025,Keyboard,Accessories,East,Offline,5,"? 4,427.00","? 22,135.00",Credit Card,C00080
T004780,15-03-2025,Smartphone,Electronics,North,Online,5,"? 33,913.00","? 1,69,565.00",Credit Card,C00394
T004781,26-07-2025,Mouse,Accessories,South,Online,2,"? 1,602.00","? 3,204.00",Cash,C00667
T004782,06-10-2025,Router,Networking,East,Online,4,"? 6,464.00","? 25,856.00",Cash,C01922
T004783,22-11-2025,Printer,Electronics,West,Offline,3,"? 23,034.00","? 69,102.00",UPI,C01374
T004784,06-12-2025,Smartwatch,Accessories,South,Online,5,"? 5,006.00","? 25,030.00",Credit Card,C02259
T004785,23-12-2025,Webcam,Accessories,South,Online,2,"? 4,404.00","? 8,808.00",UPI,C02451
T004786,06-12-2025,Smartphone,Electronics,East,Online,1,"? 23,505.00","? 23,505.00",Credit Card,C02315
T004787,23-07-2025,Headphones,Accessories,North,Online,5,"? 5,114.00","? 25,570.00",UPI,C01076
T004788,10-06-2025,Tablet,Electronics,North,Online,2,"? 26,505.00","? 53,010.00",UPI,C00032
T004789,28-01-2025,Headphones,Accessories,South,Online,1,"? 7,603.00","? 7,603.00",UPI,C01021
T004790,14-09-2025,Camera,Electronics,South,Online,4,"? 44,744.00","? 1,78,976.00",Credit Card,C01360
T004791,14-06-2025,Mouse,Accessories,North,Offline,1,"? 1,572.00","? 1,572.00",Credit Card,C02001
T004792,04-03-2025,Camera,Electronics,North,Offline,5,"? 73,273.00","? 3,66,365.00",Credit Card,C01821
T004793,22-01-2025,Monitor,Electronics,West,Online,3,"? 21,559.00","? 64,677.00",UPI,C00468
T004794,11-03-2025,Laptop,Electronics,South,Offline,1,"? 78,544.00","? 78,544.00",Credit Card,C00292
T004795,06-04-2025,Router,Networking,South,Offline,3,"? 7,542.00","? 22,626.00",Cash,C00600
T004796,12-06-2025,Monitor,Electronics,South,Offline,3,"? 19,889.00","? 59,667.00",Credit Card,C00171
T004797,20-03-2025,Smartwatch,Accessories,North,Online,1,"? 3,729.00","? 3,729.00",Cash,C02416
T004798,05-01-2025,Power Bank,Accessories,East,Online,4,"? 4,355.00","? 17,420.00",UPI,C02356
T004799,12-11-2025,Mouse,Accessories,West,Offline,1,"? 2,256.00","? 2,256.00",Cash,C02116
T004800,30-04-2025,Speaker,Accessories,North,Online,2,"? 6,629.00","? 13,258.00",Credit Card,C01107
T004801,29-10-2025,Speaker,Accessories,North,Online,3,"? 2,618.00","? 7,854.00",UPI,C00176
T004802,27-06-2025,Laptop,Electronics,West,Online,5,"? 84,936.00","? 4,24,680.00",UPI,C00920
T004803,25-06-2025,Smartphone,Electronics,South,Offline,3,"? 27,413.00","? 82,239.00",Credit Card,C01918
T004804,05-08-2025,Laptop,Electronics,East,Online,5,"? 97,652.00","? 4,88,260.00",Credit Card,C00112
T004805,25-02-2025,Smartwatch,Accessories,West,Online,2,"? 14,973.00","? 29,946.00",UPI,C01793
T004806,06-07-2025,Gaming Chair,Furniture,East,Offline,2,"? 15,668.00","? 31,336.00",Net Banking,C00355
T004807,20-08-2025,Gaming Chair,Furniture,South,Offline,2,"? 21,260.00","? 42,520.00",Credit Card,C01794
T004808,12-09-2025,Keyboard,Accessories,East,Online,1,"? 3,816.00","? 3,816.00",UPI,C00191
T004809,14-04-2025,Camera,Electronics,South,Online,3,"? 79,773.00","? 2,39,319.00",Net Banking,C02310
T004810,18-03-2025,Printer,Electronics,North,Offline,5,"? 23,434.00","? 1,17,170.00",Cash,C01748
T004811,18-08-2025,Monitor,Electronics,South,Online,2,"? 16,896.00","? 33,792.00",Cash,C01363
T004812,15-09-2025,Mouse,Accessories,West,Offline,2,"? 2,944.00","? 5,888.00",UPI,C00925
T004813,21-09-2025,Power Bank,Accessories,West,Offline,5,"? 3,699.00","? 18,495.00",Credit Card,C02168
T004814,27-11-2025,Smartwatch,Accessories,South,Online,3,"? 15,919.00","? 47,757.00",Cash,C00937
T004815,01-07-2025,Gaming Chair,Furniture,South,Online,3,"? 15,674.00","? 47,022.00",Credit Card,C02432
T004816,13-09-2025,Webcam,Accessories,North,Online,5,"? 5,332.00","? 26,660.00",Credit Card,C00329
T004817,07-02-2025,Tablet,Electronics,North,Offline,4,"? 28,392.00","? 1,13,568.00",Credit Card,C00765
T004818,25-06-2025,Printer,Electronics,South,Online,3,"? 10,721.00","? 32,163.00",UPI,C00773
T004819,27-01-2025,Router,Networking,East,Online,5,"? 6,121.00","? 30,605.00",Net Banking,C02133
T004820,03-10-2025,Smartwatch,Accessories,North,Online,5,"? 3,066.00","? 15,330.00",Cash,C02065
T004821,20-05-2025,Tablet,Electronics,West,Online,2,"? 37,375.00","? 74,750.00",Credit Card,C01560
T004822,26-10-2025,Tablet,Electronics,North,Online,5,"? 11,918.00","? 59,590.00",UPI,C00384
T004823,14-10-2025,Tablet,Electronics,North,Online,1,"? 19,457.00","? 19,457.00",Cash,C01648
T004824,01-04-2025,Gaming Chair,Furniture,North,Offline,2,"? 18,726.00","? 37,452.00",UPI,C02130
T004825,02-03-2025,Keyboard,Accessories,North,Online,2,? 939.00,"? 1,878.00",UPI,C01542
T004826,31-12-2025,Laptop,Electronics,South,Online,3,"? 72,594.00","? 2,17,782.00",Net Banking,C02154
T004827,13-12-2025,Speaker,Accessories,North,Offline,4,"? 8,948.00","? 35,792.00",Credit Card,C01684
T004828,12-06-2025,Headphones,Accessories,East,Offline,3,"? 8,359.00","? 25,077.00",Credit Card,C00147
T004829,17-12-2025,Router,Networking,North,Offline,1,"? 2,642.00","? 2,642.00",Cash,C02322
T004830,23-05-2025,Monitor,Electronics,North,Online,2,"? 27,607.00","? 55,214.00",Cash,C01725
T004831,10-09-2025,Tablet,Electronics,West,Online,2,"? 30,232.00","? 60,464.00",Net Banking,C00735
T004832,26-09-2025,Smartwatch,Accessories,North,Online,5,"? 3,415.00","? 17,075.00",Net Banking,C00038
T004833,18-10-2025,Smartphone,Electronics,West,Offline,4,"? 21,374.00","? 85,496.00",Net Banking,C01975
T004834,06-07-2025,Webcam,Accessories,West,Offline,4,"? 2,260.00","? 9,040.00",Credit Card,C00571
T004835,31-10-2025,Smartphone,Electronics,South,Offline,5,"? 18,642.00","? 93,210.00",UPI,C01748
T004836,18-10-2025,Speaker,Accessories,West,Online,1,"? 3,052.00","? 3,052.00",Cash,C00660
T004837,27-03-2025,Router,Networking,West,Offline,4,"? 2,362.00","? 9,448.00",Net Banking,C02130
T004838,15-06-2025,Mouse,Accessories,East,Offline,2,"? 1,555.00","? 3,110.00",Credit Card,C01420
T004839,24-04-2025,Camera,Electronics,East,Online,1,"? 79,015.00","? 79,015.00",Credit Card,C00881
T004840,22-12-2025,Tablet,Electronics,West,Online,3,"? 33,593.00","? 1,00,779.00",UPI,C00849
T004841,02-07-2025,Smartwatch,Accessories,South,Online,3,"? 3,328.00","? 9,984.00",UPI,C01273
T004842,26-07-2025,Tablet,Electronics,East,Online,1,"? 28,760.00","? 28,760.00",UPI,C00765
T004843,13-09-2025,Keyboard,Accessories,East,Online,2,"? 3,941.00","? 7,882.00",Credit Card,C02331
T004844,23-08-2025,Router,Networking,South,Offline,3,"? 3,491.00","? 10,473.00",Net Banking,C02034
T004845,21-12-2025,Camera,Electronics,North,Offline,2,"? 23,140.00","? 46,280.00",UPI,C01706
T004846,03-01-2025,Tablet,Electronics,East,Offline,5,"? 27,265.00","? 1,36,325.00",UPI,C00252
T004847,27-07-2025,Monitor,Electronics,West,Online,4,"? 16,730.00","? 66,920.00",UPI,C01006
T004848,16-07-2025,Smartphone,Electronics,West,Online,1,"? 29,057.00","? 29,057.00",UPI,C01396
T004849,07-12-2025,Tablet,Electronics,West,Offline,4,"? 13,557.00","? 54,228.00",Cash,C01325
T004850,05-05-2025,Monitor,Electronics,South,Online,5,"? 21,211.00","? 1,06,055.00",Credit Card,C01348
T004851,18-05-2025,Monitor,Electronics,West,Online,3,"? 31,447.00","? 94,341.00",Cash,C00708
T004852,05-12-2025,Laptop,Electronics,North,Offline,2,"? 97,154.00","? 1,94,308.00",UPI,C00920
T004853,25-01-2025,Monitor,Electronics,South,Online,2,"? 26,580.00","? 53,160.00",Credit Card,C00855
T004854,09-03-2025,Camera,Electronics,East,Online,5,"? 29,802.00","? 1,49,010.00",Credit Card,C02084
T004855,02-03-2025,Smartphone,Electronics,South,Online,1,"? 37,321.00","? 37,321.00",UPI,C01254
T004856,29-01-2025,Power Bank,Accessories,West,Offline,4,"? 3,963.00","? 15,852.00",Credit Card,C01669
T004857,19-01-2025,Mouse,Accessories,South,Online,3,? 767.00,"? 2,301.00",Credit Card,C01189
T004858,20-06-2025,Keyboard,Accessories,South,Online,1,"? 4,707.00","? 4,707.00",Net Banking,C01563
T004859,15-03-2025,Smartphone,Electronics,South,Offline,5,"? 19,675.00","? 98,375.00",Credit Card,C01631
T004860,02-03-2025,Smartwatch,Accessories,South,Online,5,"? 16,058.00","? 80,290.00",Cash,C01152
T004861,02-06-2025,Mouse,Accessories,North,Online,2,"? 1,055.00","? 2,110.00",Cash,C00512
T004862,03-10-2025,Monitor,Electronics,South,Online,3,"? 14,219.00","? 42,657.00",Cash,C00278
T004863,17-02-2025,Tablet,Electronics,West,Online,1,"? 25,445.00","? 25,445.00",Cash,C00331
T004864,30-07-2025,Laptop,Electronics,East,Online,2,"? 58,418.00","? 1,16,836.00",Net Banking,C02408
T004865,09-12-2025,Router,Networking,North,Offline,3,"? 6,554.00","? 19,662.00",UPI,C00871
T004866,19-05-2025,Mouse,Accessories,South,Online,4,? 991.00,"? 3,964.00",Cash,C01464
T004867,20-04-2025,Router,Networking,East,Offline,4,"? 5,619.00","? 22,476.00",Cash,C02150
T004868,02-07-2025,Smartwatch,Accessories,North,Online,2,"? 16,456.00","? 32,912.00",Cash,C00377
T004869,28-01-2025,Smartwatch,Accessories,West,Online,1,"? 15,140.00","? 15,140.00",Credit Card,C01280
T004870,16-07-2025,Mouse,Accessories,West,Online,3,"? 1,768.00","? 5,304.00",Net Banking,C00822
T004871,10-07-2025,Laptop,Electronics,East,Online,4,"? 52,078.00","? 2,08,312.00",Credit Card,C00002
T004872,11-11-2025,Monitor,Electronics,South,Online,4,"? 20,142.00","? 80,568.00",UPI,C01864
T004873,20-02-2025,Power Bank,Accessories,East,Online,1,"? 4,681.00","? 4,681.00",UPI,C01883
T004874,29-05-2025,Gaming Chair,Furniture,North,Online,2,"? 11,321.00","? 22,642.00",UPI,C00128
T004875,25-09-2025,Camera,Electronics,East,Offline,5,"? 32,337.00","? 1,61,685.00",Credit Card,C01974
T004876,19-02-2025,Webcam,Accessories,East,Online,3,"? 7,511.00","? 22,533.00",Cash,C01479
T004877,03-09-2025,Smartwatch,Accessories,South,Online,4,"? 9,087.00","? 36,348.00",Credit Card,C00943
T004878,23-04-2025,Monitor,Electronics,West,Offline,5,"? 17,996.00","? 89,980.00",UPI,C02400
T004879,19-06-2025,Camera,Electronics,South,Online,1,"? 66,845.00","? 66,845.00",Cash,C02090
T004880,15-06-2025,Webcam,Accessories,West,Offline,2,"? 5,162.00","? 10,324.00",Credit Card,C01379
T004881,14-01-2025,Camera,Electronics,South,Offline,3,"? 26,618.00","? 79,854.00",UPI,C00259
T004882,22-07-2025,Smartwatch,Accessories,West,Offline,1,"? 8,899.00","? 8,899.00",Cash,C01234
T004883,15-10-2025,Power Bank,Accessories,South,Online,2,"? 3,773.00","? 7,546.00",Credit Card,C00037
T004884,08-07-2025,Mouse,Accessories,West,Offline,1,"? 1,429.00","? 1,429.00",Cash,C02070
T004885,04-06-2025,Camera,Electronics,West,Offline,4,"? 35,128.00","? 1,40,512.00",Credit Card,C01185
T004886,24-02-2025,Tablet,Electronics,West,Offline,4,"? 43,179.00","? 1,72,716.00",Net Banking,C01766
T004887,01-07-2025,Smartphone,Electronics,West,Offline,5,"? 16,981.00","? 84,905.00",Cash,C02407
T004888,29-07-2025,Keyboard,Accessories,South,Online,1,"? 1,361.00","? 1,361.00",UPI,C01879
T004889,16-03-2025,Smartwatch,Accessories,North,Offline,4,"? 11,539.00","? 46,156.00",Net Banking,C00830
T004890,04-10-2025,Printer,Electronics,West,Online,2,"? 25,854.00","? 51,708.00",Cash,C01309
T004891,13-05-2025,Camera,Electronics,West,Offline,5,"? 54,073.00","? 2,70,365.00",Cash,C01858
T004892,09-12-2025,Headphones,Accessories,West,Online,3,"? 5,680.00","? 17,040.00",Credit Card,C01917
T004893,28-02-2025,Speaker,Accessories,West,Online,1,"? 14,746.00","? 14,746.00",Net Banking,C02354
T004894,11-12-2025,Tablet,Electronics,West,Online,4,"? 36,429.00","? 1,45,716.00",UPI,C00014
T004895,01-07-2025,Printer,Electronics,East,Offline,2,"? 10,595.00","? 21,190.00",Credit Card,C00048
T004896,05-12-2025,Monitor,Electronics,East,Offline,1,"? 25,199.00","? 25,199.00",Cash,C01266
T004897,17-11-2025,Keyboard,Accessories,West,Offline,2,"? 4,205.00","? 8,410.00",Net Banking,C01910
T004898,05-03-2025,Laptop,Electronics,West,Offline,5,"? 65,422.00","? 3,27,110.00",Cash,C01735
T004899,23-11-2025,Gaming Chair,Furniture,West,Online,4,"? 17,668.00","? 70,672.00",UPI,C01122
T004900,17-09-2025,Camera,Electronics,North,Online,4,"? 58,380.00","? 2,33,520.00",UPI,C00816
T004901,12-07-2025,Router,Networking,South,Online,5,"? 7,265.00","? 36,325.00",UPI,C01150
T004902,23-05-2025,Power Bank,Accessories,West,Online,2,"? 4,313.00","? 8,626.00",Net Banking,C02208
T004903,14-04-2025,Speaker,Accessories,North,Offline,1,"? 3,537.00","? 3,537.00",UPI,C01289
T004904,02-08-2025,Laptop,Electronics,North,Offline,2,"? 59,522.00","? 1,19,044.00",Net Banking,C01271
T004905,30-08-2025,Power Bank,Accessories,West,Online,1,"? 4,606.00","? 4,606.00",UPI,C02019
T004906,28-07-2025,Keyboard,Accessories,South,Online,5,"? 1,849.00","? 9,245.00",Credit Card,C02233
T004907,03-04-2025,Router,Networking,East,Online,3,"? 7,908.00","? 23,724.00",Credit Card,C01594
T004908,22-05-2025,Tablet,Electronics,West,Online,1,"? 26,390.00","? 26,390.00",Net Banking,C01720
T004909,22-04-2025,Tablet,Electronics,West,Online,4,"? 44,204.00","? 1,76,816.00",Credit Card,C00735
T004910,28-02-2025,Keyboard,Accessories,East,Online,4,"? 3,950.00","? 15,800.00",UPI,C01907
T004911,12-02-2025,Router,Networking,South,Online,4,"? 5,039.00","? 20,156.00",UPI,C01263
T004912,26-07-2025,Tablet,Electronics,East,Offline,2,"? 34,047.00","? 68,094.00",Cash,C00558
T004913,25-09-2025,Router,Networking,West,Online,2,"? 2,194.00","? 4,388.00",Cash,C01253
T004914,23-10-2025,Speaker,Accessories,West,Offline,2,"? 6,587.00","? 13,174.00",Credit Card,C02375
T004915,28-04-2025,Camera,Electronics,North,Offline,4,"? 34,263.00","? 1,37,052.00",Credit Card,C00066
T004916,20-01-2025,Keyboard,Accessories,East,Online,1,"? 3,665.00","? 3,665.00",UPI,C02361
T004917,10-08-2025,Smartwatch,Accessories,North,Offline,4,"? 6,843.00","? 27,372.00",Credit Card,C00290
T004918,15-06-2025,Headphones,Accessories,North,Offline,1,"? 8,737.00","? 8,737.00",Net Banking,C02275
T004919,11-05-2025,Monitor,Electronics,North,Online,2,"? 19,559.00","? 39,118.00",Credit Card,C00175
T004920,05-06-2025,Smartphone,Electronics,North,Online,3,"? 19,952.00","? 59,856.00",UPI,C01089
T004921,03-07-2025,Webcam,Accessories,East,Offline,2,"? 6,547.00","? 13,094.00",Credit Card,C00847
T004922,31-03-2025,Power Bank,Accessories,East,Online,5,? 825.00,"? 4,125.00",Cash,C02318
T004923,04-04-2025,Gaming Chair,Furniture,East,Online,1,"? 28,931.00","? 28,931.00",Cash,C02230
T004924,13-01-2025,Speaker,Accessories,West,Online,3,"? 3,653.00","? 10,959.00",Credit Card,C00835
T004925,18-11-2025,Mouse,Accessories,South,Online,2,? 639.00,"? 1,278.00",UPI,C02388
T004926,20-10-2025,Headphones,Accessories,North,Offline,3,"? 9,019.00","? 27,057.00",Net Banking,C00887
T004927,18-08-2025,Smartphone,Electronics,West,Offline,4,"? 34,873.00","? 1,39,492.00",Credit Card,C01920
T004928,18-11-2025,Webcam,Accessories,East,Online,1,"? 6,661.00","? 6,661.00",Credit Card,C00859
T004929,19-10-2025,Mouse,Accessories,East,Online,5,"? 1,044.00","? 5,220.00",UPI,C01140
T004930,26-01-2025,Router,Networking,West,Offline,4,"? 3,352.00","? 13,408.00",Net Banking,C01775
T004931,16-03-2025,Laptop,Electronics,North,Offline,3,"? 90,491.00","? 2,71,473.00",Credit Card,C01035
T004932,30-12-2025,Headphones,Accessories,East,Offline,2,"? 5,130.00","? 10,260.00",Credit Card,C00167
T004933,26-10-2025,Printer,Electronics,North,Online,1,"? 21,706.00","? 21,706.00",Credit Card,C02010
T004934,30-05-2025,Gaming Chair,Furniture,North,Online,5,"? 18,623.00","? 93,115.00",Credit Card,C01824
T004935,28-05-2025,Headphones,Accessories,South,Offline,2,"? 4,584.00","? 9,168.00",Credit Card,C01972
T004936,08-01-2025,Power Bank,Accessories,East,Online,5,"? 4,609.00","? 23,045.00",Cash,C00328
T004937,29-01-2025,Router,Networking,West,Offline,1,"? 2,310.00","? 2,310.00",Cash,C01071
T004938,23-10-2025,Tablet,Electronics,South,Offline,3,"? 44,079.00","? 1,32,237.00",Cash,C01402
T004939,28-07-2025,Camera,Electronics,North,Online,5,"? 71,046.00","? 3,55,230.00",Credit Card,C01859
T004940,08-05-2025,Camera,Electronics,West,Offline,1,"? 82,496.00","? 82,496.00",Cash,C00821
T004941,06-12-2025,Smartphone,Electronics,South,Online,5,"? 54,006.00","? 2,70,030.00",Credit Card,C00399
T004942,26-04-2025,Gaming Chair,Furniture,South,Offline,2,"? 28,684.00","? 57,368.00",Credit Card,C00437
T004943,24-05-2025,Webcam,Accessories,South,Offline,5,"? 9,288.00","? 46,440.00",Cash,C00797
T004944,14-11-2025,Tablet,Electronics,North,Offline,2,"? 16,977.00","? 33,954.00",Credit Card,C01071
T004945,23-08-2025,Laptop,Electronics,North,Offline,2,"? 89,177.00","? 1,78,354.00",UPI,C00526
T004946,07-01-2025,Camera,Electronics,East,Online,1,"? 54,838.00","? 54,838.00",Credit Card,C00489
T004947,14-02-2025,Monitor,Electronics,South,Offline,4,"? 10,656.00","? 42,624.00",UPI,C01789
T004948,27-08-2025,Laptop,Electronics,West,Offline,5,"? 54,134.00","? 2,70,670.00",Cash,C00750
T004949,04-06-2025,Tablet,Electronics,North,Online,3,"? 39,431.00","? 1,18,293.00",Cash,C01391
T004950,30-06-2025,Gaming Chair,Furniture,South,Online,2,"? 11,484.00","? 22,968.00",UPI,C01339
T004951,03-08-2025,Tablet,Electronics,West,Offline,4,"? 48,916.00","? 1,95,664.00",Credit Card,C01134
T004952,29-03-2025,Router,Networking,North,Online,2,"? 4,198.00","? 8,396.00",Credit Card,C01600
T004953,13-09-2025,Webcam,Accessories,West,Offline,4,"? 5,809.00","? 23,236.00",Cash,C00556
T004954,14-03-2025,Smartphone,Electronics,West,Online,4,"? 53,559.00","? 2,14,236.00",Cash,C02036
T004955,28-06-2025,Gaming Chair,Furniture,East,Online,3,"? 25,303.00","? 75,909.00",Cash,C02457
T004956,31-07-2025,Smartwatch,Accessories,North,Online,4,"? 19,290.00","? 77,160.00",UPI,C00239
T004957,20-10-2025,Camera,Electronics,North,Offline,3,"? 31,858.00","? 95,574.00",Credit Card,C00317
T004958,22-08-2025,Tablet,Electronics,North,Offline,1,"? 25,002.00","? 25,002.00",Net Banking,C00770
T004959,27-08-2025,Tablet,Electronics,North,Online,2,"? 14,895.00","? 29,790.00",Credit Card,C02127
T004960,11-08-2025,Monitor,Electronics,East,Offline,3,"? 18,556.00","? 55,668.00",Credit Card,C00330
T004961,29-04-2025,Headphones,Accessories,East,Online,2,"? 1,792.00","? 3,584.00",Net Banking,C00777
T004962,09-11-2025,Headphones,Accessories,South,Offline,5,"? 9,767.00","? 48,835.00",Credit Card,C01725
T004963,21-09-2025,Tablet,Electronics,North,Offline,1,"? 19,919.00","? 19,919.00",Net Banking,C00920
T004964,26-07-2025,Speaker,Accessories,West,Online,5,"? 12,919.00","? 64,595.00",Credit Card,C02214
T004965,05-04-2025,Laptop,Electronics,East,Online,5,"? 71,927.00","? 3,59,635.00",Credit Card,C01734
T004966,10-08-2025,Monitor,Electronics,West,Online,4,"? 20,378.00","? 81,512.00",Credit Card,C02285
T004967,03-10-2025,Webcam,Accessories,West,Online,4,"? 5,225.00","? 20,900.00",Cash,C01694
T004968,19-08-2025,Laptop,Electronics,West,Online,5,"? 71,545.00","? 3,57,725.00",Cash,C00135
T004969,05-11-2025,Mouse,Accessories,South,Online,4,"? 1,160.00","? 4,640.00",Credit Card,C00947
T004970,29-04-2025,Smartwatch,Accessories,South,Offline,2,"? 13,558.00","? 27,116.00",Credit Card,C00160
T004971,25-09-2025,Headphones,Accessories,North,Online,4,"? 2,360.00","? 9,440.00",Credit Card,C00842
T004972,30-09-2025,Headphones,Accessories,East,Online,5,"? 3,048.00","? 15,240.00",Credit Card,C01125
T004973,05-03-2025,Monitor,Electronics,North,Offline,4,"? 14,252.00","? 57,008.00",Net Banking,C01249
T004974,25-10-2025,Speaker,Accessories,South,Offline,4,"? 12,667.00","? 50,668.00",Cash,C00555
T004975,16-12-2025,Speaker,Accessories,South,Offline,3,"? 7,598.00","? 22,794.00",UPI,C01389
T004976,11-01-2025,Router,Networking,West,Offline,3,"? 4,696.00","? 14,088.00",Credit Card,C01342
T004977,08-04-2025,Gaming Chair,Furniture,North,Online,5,"? 8,205.00","? 41,025.00",Credit Card,C00415
T004978,12-03-2025,Keyboard,Accessories,West,Offline,2,"? 4,186.00","? 8,372.00",UPI,C01047
T004979,30-12-2025,Gaming Chair,Furniture,South,Online,1,"? 23,185.00","? 23,185.00",UPI,C00840
T004980,27-02-2025,Power Bank,Accessories,North,Offline,1,"? 4,115.00","? 4,115.00",Net Banking,C01207
T004981,17-10-2025,Laptop,Electronics,North,Online,5,"? 91,582.00","? 4,57,910.00",Cash,C00656
T004982,08-09-2025,Gaming Chair,Furniture,East,Offline,2,"? 26,061.00","? 52,122.00",Credit Card,C01656
T004983,03-10-2025,Camera,Electronics,South,Online,2,"? 64,597.00","? 1,29,194.00",Credit Card,C00777
T004984,19-02-2025,Monitor,Electronics,South,Online,2,"? 18,892.00","? 37,784.00",UPI,C01796
T004985,24-12-2025,Router,Networking,East,Offline,3,"? 3,371.00","? 10,113.00",Credit Card,C00979
T004986,04-08-2025,Gaming Chair,Furniture,South,Offline,5,"? 29,118.00","? 1,45,590.00",UPI,C00551
T004987,21-02-2025,Smartphone,Electronics,West,Online,1,"? 69,941.00","? 69,941.00",UPI,C00300
T004988,28-09-2025,Keyboard,Accessories,West,Offline,2,"? 3,928.00","? 7,856.00",Net Banking,C01321
T004989,25-03-2025,Printer,Electronics,West,Online,5,"? 8,335.00","? 41,675.00",UPI,C01293
T004990,20-10-2025,Laptop,Electronics,North,Offline,1,"? 81,855.00","? 81,855.00",UPI,C00588
T004991,06-05-2025,Keyboard,Accessories,West,Offline,3,"? 2,425.00","? 7,275.00",Credit Card,C01304
T004992,23-10-2025,Monitor,Electronics,South,Online,4,"? 30,121.00","? 1,20,484.00",Cash,C02096
T004993,13-03-2025,Camera,Electronics,East,Online,1,"? 85,324.00","? 85,324.00",Credit Card,C00205
T004994,23-10-2025,Router,Networking,West,Online,1,"? 1,660.00","? 1,660.00",UPI,C00422
T004995,24-08-2025,Smartphone,Electronics,West,Online,1,"? 16,425.00","? 16,425.00",Cash,C00974
T004996,25-02-2025,Smartwatch,Accessories,North,Offline,4,"? 3,733.00","? 14,932.00",UPI,C01986
T004997,26-12-2025,Keyboard,Accessories,South,Offline,2,"? 3,111.00","? 6,222.00",UPI,C01974
T004998,20-04-2025,Smartwatch,Accessories,East,Offline,4,"? 14,152.00","? 56,608.00",UPI,C02368
T004999,11-07-2025,Tablet,Electronics,South,Online,1,"? 25,801.00","? 25,801.00",Credit Card,C00948
T005000,03-04-2025,Headphones,Accessories,West,Online,3,"? 3,522.00","? 10,566.00",Net Banking,C01704
T005001,16-12-2025,Mouse,Accessories,South,Online,1,"? 1,165.00","? 1,165.00",Credit Card,C02138
T005002,25-02-2025,Headphones,Accessories,East,Offline,3,"? 1,601.00","? 4,803.00",UPI,C00550
T005003,01-03-2025,Printer,Electronics,West,Online,5,"? 15,747.00","? 78,735.00",Cash,C01795
T005004,18-05-2025,Speaker,Accessories,South,Offline,3,"? 6,184.00","? 18,552.00",UPI,C01794
T005005,08-02-2025,Power Bank,Accessories,East,Online,1,"? 2,320.00","? 2,320.00",Cash,C02006
T005006,28-01-2025,Gaming Chair,Furniture,West,Offline,4,"? 10,390.00","? 41,560.00",UPI,C01283
T005007,18-02-2025,Router,Networking,West,Online,1,"? 2,405.00","? 2,405.00",Cash,C01640
T005008,05-05-2025,Router,Networking,South,Offline,1,"? 3,150.00","? 3,150.00",UPI,C01711
T005009,13-01-2025,Camera,Electronics,North,Online,5,"? 86,653.00","? 4,33,265.00",Credit Card,C01642
T005010,05-02-2025,Smartphone,Electronics,North,Offline,2,"? 47,661.00","? 95,322.00",UPI,C02159
T005011,11-04-2025,Smartwatch,Accessories,East,Offline,1,"? 9,300.00","? 9,300.00",Credit Card,C01563
T005012,09-10-2025,Monitor,Electronics,South,Online,5,"? 17,716.00","? 88,580.00",UPI,C01983
T005013,27-03-2025,Gaming Chair,Furniture,East,Online,4,"? 20,459.00","? 81,836.00",Credit Card,C00684
T005014,04-01-2025,Smartwatch,Accessories,South,Offline,5,"? 8,141.00","? 40,705.00",Credit Card,C00023
T005015,11-08-2025,Camera,Electronics,East,Online,5,"? 52,554.00","? 2,62,770.00",UPI,C01670
T005016,04-12-2025,Power Bank,Accessories,East,Offline,3,"? 4,040.00","? 12,120.00",UPI,C01433
T005017,15-06-2025,Monitor,Electronics,South,Offline,2,"? 22,271.00","? 44,542.00",UPI,C02489
T005018,10-12-2025,Monitor,Electronics,North,Online,2,"? 11,801.00","? 23,602.00",Net Banking,C01792
T005019,05-10-2025,Printer,Electronics,East,Offline,4,"? 13,057.00","? 52,228.00",Credit Card,C01936
T005020,10-05-2025,Camera,Electronics,South,Offline,5,"? 46,511.00","? 2,32,555.00",Credit Card,C01818
T005021,31-01-2025,Keyboard,Accessories,South,Offline,4,"? 4,327.00","? 17,308.00",Credit Card,C01359
T005022,11-01-2025,Power Bank,Accessories,South,Offline,4,"? 4,509.00","? 18,036.00",Cash,C00687
T005023,29-10-2025,Headphones,Accessories,West,Online,2,"? 6,379.00","? 12,758.00",Cash,C01171
T005024,06-04-2025,Power Bank,Accessories,South,Offline,2,"? 3,342.00","? 6,684.00",UPI,C00462
T005025,09-07-2025,Speaker,Accessories,South,Online,2,"? 5,950.00","? 11,900.00",Credit Card,C00629
T005026,11-07-2025,Tablet,Electronics,West,Offline,1,"? 24,549.00","? 24,549.00",Credit Card,C00752
T005027,23-09-2025,Webcam,Accessories,West,Online,5,"? 8,460.00","? 42,300.00",UPI,C00666
T005028,08-05-2025,Power Bank,Accessories,North,Online,4,? 999.00,"? 3,996.00",Credit Card,C00308
T005029,26-08-2025,Gaming Chair,Furniture,South,Online,5,"? 14,996.00","? 74,980.00",Cash,C02469
T005030,21-12-2025,Smartwatch,Accessories,East,Online,4,"? 16,201.00","? 64,804.00",Credit Card,C01869
T005031,22-04-2025,Keyboard,Accessories,West,Offline,4,"? 3,375.00","? 13,500.00",Net Banking,C00303
T005032,12-11-2025,Tablet,Electronics,West,Online,4,"? 30,420.00","? 1,21,680.00",Cash,C00712
T005033,09-12-2025,Smartphone,Electronics,North,Online,4,"? 69,164.00","? 2,76,656.00",Net Banking,C00526
T005034,25-05-2025,Mouse,Accessories,North,Online,3,"? 1,764.00","? 5,292.00",Cash,C00047
T005035,06-03-2025,Speaker,Accessories,North,Online,3,"? 3,352.00","? 10,056.00",Credit Card,C00760
T005036,04-09-2025,Smartwatch,Accessories,South,Online,1,"? 18,263.00","? 18,263.00",Credit Card,C00606
T005037,11-08-2025,Printer,Electronics,South,Online,2,"? 18,629.00","? 37,258.00",UPI,C00106
T005038,09-11-2025,Webcam,Accessories,South,Online,4,"? 3,162.00","? 12,648.00",Net Banking,C00740
T005039,16-04-2025,Tablet,Electronics,West,Online,5,"? 24,734.00","? 1,23,670.00",Credit Card,C00907
T005040,30-06-2025,Gaming Chair,Furniture,North,Online,3,"? 15,589.00","? 46,767.00",Credit Card,C02206
T005041,03-07-2025,Webcam,Accessories,West,Online,2,"? 1,712.00","? 3,424.00",Cash,C02419
T005042,14-08-2025,Monitor,Electronics,East,Offline,1,"? 12,655.00","? 12,655.00",Cash,C00792
T005043,22-09-2025,Keyboard,Accessories,South,Offline,2,"? 1,257.00","? 2,514.00",UPI,C02044
T005044,05-10-2025,Headphones,Accessories,West,Offline,4,"? 11,797.00","? 47,188.00",Cash,C02293
T005045,30-03-2025,Power Bank,Accessories,East,Offline,2,"? 3,919.00","? 7,838.00",Credit Card,C01559
T005046,25-06-2025,Power Bank,Accessories,West,Offline,4,"? 4,503.00","? 18,012.00",Net Banking,C02165
T005047,18-01-2025,Webcam,Accessories,East,Online,3,"? 4,191.00","? 12,573.00",Cash,C00070
T005048,16-04-2025,Printer,Electronics,West,Online,3,"? 7,994.00","? 23,982.00",UPI,C01099
T005049,28-09-2025,Smartwatch,Accessories,West,Offline,4,"? 16,866.00","? 67,464.00",UPI,C00135
T005050,15-11-2025,Webcam,Accessories,South,Offline,5,"? 6,548.00","? 32,740.00",Credit Card,C00737
T005051,16-06-2025,Camera,Electronics,West,Online,3,"? 67,890.00","? 2,03,670.00",Credit Card,C00138
T005052,13-01-2025,Keyboard,Accessories,West,Online,5,"? 1,174.00","? 5,870.00",Credit Card,C01877
T005053,03-12-2025,Gaming Chair,Furniture,North,Offline,4,"? 16,233.00","? 64,932.00",Net Banking,C01438
T005054,01-02-2025,Webcam,Accessories,West,Offline,4,"? 5,492.00","? 21,968.00",UPI,C01456
T005055,09-02-2025,Webcam,Accessories,South,Online,3,"? 6,323.00","? 18,969.00",Credit Card,C02288
T005056,28-05-2025,Router,Networking,West,Offline,5,"? 5,017.00","? 25,085.00",UPI,C00217
T005057,06-08-2025,Printer,Electronics,South,Offline,4,"? 8,268.00","? 33,072.00",UPI,C02466
T005058,07-08-2025,Mouse,Accessories,North,Online,3,"? 2,044.00","? 6,132.00",Credit Card,C00387
T005059,23-03-2025,Power Bank,Accessories,South,Offline,4,"? 1,739.00","? 6,956.00",Cash,C01158
T005060,29-11-2025,Smartwatch,Accessories,North,Offline,2,"? 6,438.00","? 12,876.00",UPI,C01339
T005061,27-07-2025,Smartphone,Electronics,North,Online,2,"? 59,269.00","? 1,18,538.00",Credit Card,C00923
T005062,20-07-2025,Headphones,Accessories,North,Offline,3,"? 7,298.00","? 21,894.00",Net Banking,C00595
T005063,28-11-2025,Smartphone,Electronics,North,Online,4,"? 34,369.00","? 1,37,476.00",UPI,C00036
T005064,07-02-2025,Tablet,Electronics,North,Offline,3,"? 36,603.00","? 1,09,809.00",Credit Card,C00829
T005065,30-07-2025,Camera,Electronics,South,Offline,1,"? 31,319.00","? 31,319.00",Net Banking,C01767
T005066,23-11-2025,Power Bank,Accessories,North,Online,3,"? 4,933.00","? 14,799.00",Credit Card,C01636
T005067,06-09-2025,Tablet,Electronics,North,Online,3,"? 35,940.00","? 1,07,820.00",Net Banking,C00711
T005068,15-08-2025,Headphones,Accessories,North,Offline,2,"? 10,042.00","? 20,084.00",Cash,C02040
T005069,17-02-2025,Keyboard,Accessories,North,Offline,2,? 930.00,"? 1,860.00",UPI,C01166
T005070,18-01-2025,Power Bank,Accessories,North,Online,4,"? 3,299.00","? 13,196.00",UPI,C02296
T005071,22-10-2025,Tablet,Electronics,East,Offline,3,"? 30,688.00","? 92,064.00",Credit Card,C02369
T005072,15-07-2025,Camera,Electronics,West,Online,3,"? 66,280.00","? 1,98,840.00",Cash,C01548
T005073,06-07-2025,Gaming Chair,Furniture,West,Online,4,"? 22,472.00","? 89,888.00",Cash,C00723
T005074,11-12-2025,Laptop,Electronics,North,Offline,5,"? 64,900.00","? 3,24,500.00",UPI,C01485
T005075,12-08-2025,Laptop,Electronics,North,Offline,4,"? 85,671.00","? 3,42,684.00",Credit Card,C02033
T005076,14-11-2025,Printer,Electronics,East,Offline,2,"? 13,763.00","? 27,526.00",Net Banking,C00323
T005077,31-12-2025,Printer,Electronics,North,Online,2,"? 16,960.00","? 33,920.00",UPI,C00930
T005078,03-12-2025,Smartwatch,Accessories,East,Online,3,"? 13,084.00","? 39,252.00",Credit Card,C01837
T005079,17-08-2025,Printer,Electronics,West,Offline,2,"? 16,275.00","? 32,550.00",UPI,C01161
T005080,18-03-2025,Speaker,Accessories,South,Online,4,"? 10,930.00","? 43,720.00",Cash,C01418
T005081,07-07-2025,Mouse,Accessories,West,Online,3,"? 2,474.00","? 7,422.00",Net Banking,C01693
T005082,12-12-2025,Printer,Electronics,South,Offline,4,"? 13,825.00","? 55,300.00",Cash,C02109
T005083,27-09-2025,Power Bank,Accessories,South,Offline,4,"? 2,865.00","? 11,460.00",Credit Card,C01974
T005084,05-04-2025,Mouse,Accessories,South,Online,3,"? 1,029.00","? 3,087.00",Credit Card,C01825
T005085,06-11-2025,Printer,Electronics,North,Online,5,"? 9,208.00","? 46,040.00",Net Banking,C02376
T005086,12-05-2025,Webcam,Accessories,East,Offline,2,"? 6,174.00","? 12,348.00",Cash,C02216
T005087,08-02-2025,Smartphone,Electronics,South,Offline,1,"? 56,862.00","? 56,862.00",Credit Card,C02406
T005088,13-03-2025,Speaker,Accessories,East,Online,1,"? 10,745.00","? 10,745.00",Cash,C01559
T005089,08-10-2025,Speaker,Accessories,West,Online,1,"? 1,622.00","? 1,622.00",Credit Card,C01984
T005090,29-11-2025,Monitor,Electronics,South,Online,2,"? 25,340.00","? 50,680.00",Credit Card,C01848
T005091,09-06-2025,Mouse,Accessories,West,Offline,5,"? 1,400.00","? 7,000.00",UPI,C00683
T005092,06-07-2025,Keyboard,Accessories,East,Online,4,"? 1,686.00","? 6,744.00",Credit Card,C02132
T005093,10-07-2025,Smartwatch,Accessories,East,Offline,3,"? 11,443.00","? 34,329.00",Cash,C02296
T005094,30-04-2025,Headphones,Accessories,West,Online,5,"? 5,433.00","? 27,165.00",Cash,C00826
T005095,08-08-2025,Mouse,Accessories,East,Online,1,"? 1,390.00","? 1,390.00",Cash,C01520
T005096,22-02-2025,Tablet,Electronics,West,Offline,2,"? 15,556.00","? 31,112.00",Cash,C00932
T005097,10-08-2025,Monitor,Electronics,East,Online,2,"? 33,477.00","? 66,954.00",UPI,C00646
T005098,11-05-2025,Smartphone,Electronics,North,Offline,3,"? 41,662.00","? 1,24,986.00",Credit Card,C00193
T005099,25-08-2025,Laptop,Electronics,West,Online,4,"? 79,097.00","? 3,16,388.00",Cash,C01724
T005100,03-09-2025,Speaker,Accessories,South,Online,5,"? 6,209.00","? 31,045.00",Credit Card,C02486
T005101,14-08-2025,Smartphone,Electronics,South,Online,5,"? 39,357.00","? 1,96,785.00",Cash,C00500
T005102,27-07-2025,Printer,Electronics,South,Online,5,"? 9,580.00","? 47,900.00",Cash,C00152
T005103,06-04-2025,Smartwatch,Accessories,East,Online,4,"? 2,871.00","? 11,484.00",UPI,C00669
T005104,19-07-2025,Speaker,Accessories,West,Offline,4,"? 4,324.00","? 17,296.00",UPI,C01544
T005105,04-09-2025,Monitor,Electronics,East,Online,4,"? 22,592.00","? 90,368.00",Cash,C02317
T005106,13-03-2025,Tablet,Electronics,South,Offline,3,"? 32,479.00","? 97,437.00",Credit Card,C00575
T005107,14-11-2025,Mouse,Accessories,North,Online,2,"? 2,293.00","? 4,586.00",UPI,C01561
T005108,04-07-2025,Webcam,Accessories,South,Online,1,"? 4,903.00","? 4,903.00",Net Banking,C02039
T005109,06-01-2025,Smartphone,Electronics,South,Online,4,"? 37,537.00","? 1,50,148.00",Credit Card,C02205
T005110,25-07-2025,Monitor,Electronics,South,Offline,2,"? 18,383.00","? 36,766.00",Credit Card,C02235
T005111,01-02-2025,Gaming Chair,Furniture,North,Online,4,"? 13,550.00","? 54,200.00",Credit Card,C00317
T005112,09-04-2025,Mouse,Accessories,North,Online,1,? 886.00,? 886.00,Cash,C01661
T005113,13-09-2025,Power Bank,Accessories,West,Online,4,"? 4,007.00","? 16,028.00",Cash,C00987
T005114,06-07-2025,Smartwatch,Accessories,North,Online,2,"? 5,097.00","? 10,194.00",UPI,C01267
T005115,17-03-2025,Power Bank,Accessories,West,Online,3,"? 3,878.00","? 11,634.00",Cash,C01562
T005116,26-06-2025,Speaker,Accessories,North,Online,1,"? 4,138.00","? 4,138.00",Credit Card,C02132
T005117,11-11-2025,Headphones,Accessories,West,Online,2,"? 6,551.00","? 13,102.00",Net Banking,C00196
T005118,14-10-2025,Laptop,Electronics,South,Online,5,"? 84,392.00","? 4,21,960.00",Credit Card,C01159
T005119,15-12-2025,Smartwatch,Accessories,North,Offline,5,"? 17,968.00","? 89,840.00",Credit Card,C01977
T005120,12-09-2025,Power Bank,Accessories,East,Offline,5,"? 3,757.00","? 18,785.00",Credit Card,C01854
T005121,21-11-2025,Printer,Electronics,East,Offline,3,"? 15,717.00","? 47,151.00",Credit Card,C00378
T005122,09-07-2025,Camera,Electronics,West,Online,4,"? 36,642.00","? 1,46,568.00",UPI,C02166
T005123,04-11-2025,Headphones,Accessories,North,Online,4,"? 1,453.00","? 5,812.00",Cash,C01938
T005124,11-12-2025,Router,Networking,North,Offline,4,"? 2,298.00","? 9,192.00",UPI,C02074
T005125,07-05-2025,Printer,Electronics,East,Online,3,"? 26,854.00","? 80,562.00",UPI,C00239
T005126,14-10-2025,Power Bank,Accessories,North,Online,5,"? 3,311.00","? 16,555.00",Credit Card,C01114
T005127,11-09-2025,Smartphone,Electronics,North,Offline,4,"? 19,170.00","? 76,680.00",Cash,C00382
T005128,01-08-2025,Headphones,Accessories,West,Offline,3,"? 9,433.00","? 28,299.00",Cash,C01656
T005129,07-09-2025,Printer,Electronics,South,Offline,3,"? 11,136.00","? 33,408.00",Net Banking,C01042
T005130,25-03-2025,Headphones,Accessories,East,Offline,2,"? 2,712.00","? 5,424.00",Credit Card,C00664
T005131,13-01-2025,Smartwatch,Accessories,South,Offline,4,"? 4,002.00","? 16,008.00",Cash,C00502
T005132,14-02-2025,Speaker,Accessories,North,Offline,5,"? 9,651.00","? 48,255.00",Net Banking,C00620
T005133,07-05-2025,Monitor,Electronics,North,Online,1,"? 23,670.00","? 23,670.00",Credit Card,C01679
T005134,24-04-2025,Laptop,Electronics,West,Offline,3,"? 89,022.00","? 2,67,066.00",Credit Card,C01920
T005135,03-10-2025,Laptop,Electronics,South,Offline,2,"? 60,473.00","? 1,20,946.00",UPI,C00217
T005136,24-07-2025,Printer,Electronics,South,Online,1,"? 21,303.00","? 21,303.00",Cash,C02072
T005137,03-12-2025,Printer,Electronics,West,Online,3,"? 25,495.00","? 76,485.00",Cash,C01518
T005138,30-09-2025,Headphones,Accessories,South,Online,2,"? 6,241.00","? 12,482.00",UPI,C01786
T005139,27-02-2025,Router,Networking,West,Offline,4,"? 7,069.00","? 28,276.00",Cash,C01000
T005140,24-11-2025,Smartphone,Electronics,West,Online,2,"? 23,918.00","? 47,836.00",Cash,C02421
T005141,07-08-2025,Router,Networking,North,Online,3,"? 3,331.00","? 9,993.00",Credit Card,C01493
T005142,19-04-2025,Printer,Electronics,North,Online,4,"? 7,821.00","? 31,284.00",UPI,C01857
T005143,06-10-2025,Gaming Chair,Furniture,North,Offline,5,"? 9,816.00","? 49,080.00",UPI,C01562
T005144,23-06-2025,Headphones,Accessories,West,Offline,2,"? 1,091.00","? 2,182.00",Credit Card,C00330
T005145,24-11-2025,Keyboard,Accessories,North,Online,1,"? 4,132.00","? 4,132.00",Cash,C01858
T005146,21-09-2025,Power Bank,Accessories,East,Online,4,"? 2,769.00","? 11,076.00",UPI,C00936
T005147,11-11-2025,Laptop,Electronics,East,Online,4,"? 98,250.00","? 3,93,000.00",Cash,C02465
T005148,21-04-2025,Power Bank,Accessories,North,Online,5,"? 3,184.00","? 15,920.00",Cash,C01465
T005149,06-07-2025,Printer,Electronics,West,Offline,2,"? 9,679.00","? 19,358.00",Cash,C00423
T005150,26-09-2025,Smartwatch,Accessories,East,Online,1,"? 18,986.00","? 18,986.00",Credit Card,C01665
T005151,17-08-2025,Webcam,Accessories,North,Online,5,"? 1,927.00","? 9,635.00",Cash,C01182
T005152,05-06-2025,Tablet,Electronics,East,Online,2,"? 36,595.00","? 73,190.00",UPI,C01691
T005153,08-07-2025,Headphones,Accessories,East,Online,1,"? 10,648.00","? 10,648.00",Cash,C00700
T005154,29-09-2025,Laptop,Electronics,East,Offline,1,"? 90,966.00","? 90,966.00",Cash,C00113
T005155,02-01-2025,Gaming Chair,Furniture,South,Online,3,"? 14,263.00","? 42,789.00",Credit Card,C00542
T005156,03-09-2025,Printer,Electronics,East,Online,1,"? 24,818.00","? 24,818.00",Credit Card,C00941
T005157,29-07-2025,Gaming Chair,Furniture,North,Online,2,"? 25,757.00","? 51,514.00",Credit Card,C01781
T005158,13-10-2025,Monitor,Electronics,East,Online,5,"? 16,832.00","? 84,160.00",Credit Card,C01557
T005159,25-12-2025,Headphones,Accessories,North,Online,5,"? 6,162.00","? 30,810.00",Cash,C02001
T005160,13-01-2025,Smartphone,Electronics,East,Online,3,"? 41,806.00","? 1,25,418.00",Cash,C00018
T005161,06-04-2025,Gaming Chair,Furniture,East,Offline,2,"? 11,811.00","? 23,622.00",Credit Card,C02210
T005162,09-08-2025,Printer,Electronics,South,Online,1,"? 9,306.00","? 9,306.00",Net Banking,C01484
T005163,26-08-2025,Headphones,Accessories,East,Online,3,"? 9,637.00","? 28,911.00",Cash,C00159
T005164,04-04-2025,Printer,Electronics,North,Offline,4,"? 18,133.00","? 72,532.00",UPI,C01034
T005165,04-12-2025,Camera,Electronics,South,Online,2,"? 66,986.00","? 1,33,972.00",Credit Card,C00873
T005166,26-09-2025,Tablet,Electronics,South,Offline,3,"? 38,871.00","? 1,16,613.00",Credit Card,C01786
T005167,20-06-2025,Mouse,Accessories,East,Online,5,? 912.00,"? 4,560.00",UPI,C01039
T005168,04-04-2025,Mouse,Accessories,East,Online,3,"? 1,389.00","? 4,167.00",Credit Card,C00565
T005169,29-05-2025,Camera,Electronics,West,Online,4,"? 75,508.00","? 3,02,032.00",Credit Card,C00699
T005170,22-04-2025,Router,Networking,East,Online,2,"? 2,901.00","? 5,802.00",Credit Card,C02494
T005171,24-02-2025,Headphones,Accessories,West,Offline,3,"? 11,004.00","? 33,012.00",Credit Card,C01962
T005172,03-12-2025,Smartphone,Electronics,North,Online,1,"? 48,313.00","? 48,313.00",Cash,C01769
T005173,26-04-2025,Speaker,Accessories,East,Offline,2,"? 4,033.00","? 8,066.00",UPI,C00890
T005174,23-05-2025,Printer,Electronics,East,Offline,3,"? 8,009.00","? 24,027.00",Cash,C00391
T005175,20-07-2025,Headphones,Accessories,West,Online,3,"? 6,901.00","? 20,703.00",Credit Card,C02187
T005176,29-06-2025,Monitor,Electronics,West,Offline,2,"? 12,085.00","? 24,170.00",UPI,C01437
T005177,21-07-2025,Gaming Chair,Furniture,South,Online,5,"? 10,215.00","? 51,075.00",Credit Card,C01698
T005178,30-12-2025,Smartphone,Electronics,South,Offline,1,"? 69,137.00","? 69,137.00",UPI,C02173
T005179,22-02-2025,Monitor,Electronics,East,Offline,2,"? 24,041.00","? 48,082.00",Net Banking,C02267
T005180,29-06-2025,Speaker,Accessories,North,Online,1,"? 13,357.00","? 13,357.00",Credit Card,C00281
T005181,09-11-2025,Camera,Electronics,South,Online,1,"? 78,171.00","? 78,171.00",Credit Card,C02488
T005182,04-11-2025,Smartwatch,Accessories,South,Online,2,"? 4,184.00","? 8,368.00",Net Banking,C02150
T005183,17-05-2025,Mouse,Accessories,South,Online,3,"? 2,562.00","? 7,686.00",Credit Card,C01400
T005184,01-07-2025,Mouse,Accessories,West,Online,5,"? 1,675.00","? 8,375.00",Credit Card,C01629
T005185,01-01-2025,Power Bank,Accessories,East,Offline,1,"? 2,316.00","? 2,316.00",Cash,C01215
T005186,13-02-2025,Printer,Electronics,West,Online,1,"? 15,504.00","? 15,504.00",Credit Card,C02482
T005187,15-08-2025,Tablet,Electronics,North,Online,3,"? 13,523.00","? 40,569.00",Net Banking,C02059
T005188,27-11-2025,Camera,Electronics,West,Online,2,"? 53,787.00","? 1,07,574.00",Credit Card,C01724
T005189,08-04-2025,Headphones,Accessories,East,Online,5,"? 10,487.00","? 52,435.00",Cash,C01270
T005190,27-07-2025,Camera,Electronics,West,Online,1,"? 43,982.00","? 43,982.00",Cash,C02180
T005191,22-09-2025,Headphones,Accessories,North,Online,1,"? 2,049.00","? 2,049.00",Cash,C00415
T005192,15-10-2025,Webcam,Accessories,East,Online,2,"? 3,840.00","? 7,680.00",Cash,C00568
T005193,28-09-2025,Router,Networking,East,Online,3,"? 2,757.00","? 8,271.00",Net Banking,C02403
T005194,20-05-2025,Camera,Electronics,East,Offline,4,"? 68,390.00","? 2,73,560.00",Net Banking,C01580
T005195,25-08-2025,Smartwatch,Accessories,East,Offline,3,"? 4,985.00","? 14,955.00",Cash,C01745
T005196,13-03-2025,Gaming Chair,Furniture,North,Online,1,"? 20,061.00","? 20,061.00",UPI,C00261
T005197,04-06-2025,Keyboard,Accessories,East,Offline,1,"? 1,844.00","? 1,844.00",Credit Card,C01731
T005198,09-07-2025,Webcam,Accessories,North,Online,5,"? 9,130.00","? 45,650.00",Cash,C01011
T005199,25-09-2025,Tablet,Electronics,North,Offline,3,"? 43,473.00","? 1,30,419.00",Credit Card,C00580
T005200,17-11-2025,Router,Networking,West,Online,4,"? 3,924.00","? 15,696.00",UPI,C02389
T005201,17-04-2025,Headphones,Accessories,West,Offline,5,"? 2,934.00","? 14,670.00",Credit Card,C00970
T005202,20-08-2025,Tablet,Electronics,East,Offline,4,"? 12,484.00","? 49,936.00",UPI,C01653
T005203,11-02-2025,Smartphone,Electronics,South,Offline,5,"? 16,745.00","? 83,725.00",Cash,C00095
T005204,09-07-2025,Camera,Electronics,South,Offline,3,"? 42,148.00","? 1,26,444.00",Net Banking,C02064
T005205,19-05-2025,Power Bank,Accessories,East,Online,1,"? 1,769.00","? 1,769.00",Cash,C02023
T005206,13-04-2025,Printer,Electronics,North,Online,4,"? 24,930.00","? 99,720.00",UPI,C01135
T005207,20-06-2025,Laptop,Electronics,West,Offline,3,"? 96,742.00","? 2,90,226.00",UPI,C00326
T005208,17-12-2025,Smartphone,Electronics,East,Online,4,"? 37,012.00","? 1,48,048.00",Net Banking,C01246
T005209,30-09-2025,Monitor,Electronics,East,Online,3,"? 8,777.00","? 26,331.00",UPI,C00875
T005210,09-08-2025,Webcam,Accessories,North,Online,5,"? 4,614.00","? 23,070.00",UPI,C00094
T005211,01-08-2025,Mouse,Accessories,West,Offline,3,? 517.00,"? 1,551.00",Credit Card,C00997
T005212,07-12-2025,Power Bank,Accessories,South,Online,5,"? 3,736.00","? 18,680.00",Cash,C00336
T005213,25-02-2025,Laptop,Electronics,South,Offline,1,"? 70,494.00","? 70,494.00",Credit Card,C01525
T005214,08-12-2025,Smartwatch,Accessories,East,Offline,5,"? 3,345.00","? 16,725.00",Credit Card,C00164
T005215,12-04-2025,Camera,Electronics,East,Online,2,"? 22,041.00","? 44,082.00",UPI,C01410
T005216,11-07-2025,Keyboard,Accessories,East,Online,1,"? 3,374.00","? 3,374.00",Credit Card,C02460
T005217,06-11-2025,Smartwatch,Accessories,East,Offline,3,"? 9,504.00","? 28,512.00",Cash,C00368
T005218,19-07-2025,Headphones,Accessories,East,Offline,3,"? 10,747.00","? 32,241.00",Credit Card,C00319
T005219,21-08-2025,Gaming Chair,Furniture,South,Online,2,"? 25,073.00","? 50,146.00",Credit Card,C01279
T005220,15-08-2025,Router,Networking,East,Online,3,"? 6,369.00","? 19,107.00",Credit Card,C01855
T005221,19-05-2025,Laptop,Electronics,West,Online,1,"? 80,286.00","? 80,286.00",Cash,C01809
T005222,10-12-2025,Mouse,Accessories,North,Online,1,"? 1,934.00","? 1,934.00",Credit Card,C01444
T005223,01-11-2025,Printer,Electronics,South,Online,5,"? 29,440.00","? 1,47,200.00",Cash,C01952
T005224,29-05-2025,Keyboard,Accessories,North,Offline,4,? 819.00,"? 3,276.00",Credit Card,C00187
T005225,25-04-2025,Tablet,Electronics,North,Offline,3,"? 48,937.00","? 1,46,811.00",Net Banking,C02073
T005226,04-03-2025,Webcam,Accessories,East,Offline,2,"? 7,332.00","? 14,664.00",Net Banking,C02190
T005227,14-04-2025,Camera,Electronics,North,Online,1,"? 81,503.00","? 81,503.00",Cash,C00428
T005228,05-12-2025,Gaming Chair,Furniture,West,Online,1,"? 22,649.00","? 22,649.00",Credit Card,C01148
T005229,25-12-2025,Headphones,Accessories,East,Offline,1,"? 2,613.00","? 2,613.00",Credit Card,C00025
T005230,05-06-2025,Camera,Electronics,South,Offline,4,"? 68,343.00","? 2,73,372.00",Net Banking,C01827
T005231,30-09-2025,Smartwatch,Accessories,West,Online,4,"? 9,623.00","? 38,492.00",UPI,C00477
T005232,06-01-2025,Webcam,Accessories,South,Offline,3,"? 4,533.00","? 13,599.00",UPI,C01487
T005233,27-05-2025,Power Bank,Accessories,East,Offline,2,"? 3,583.00","? 7,166.00",Net Banking,C01455
T005234,03-07-2025,Power Bank,Accessories,East,Offline,4,"? 3,736.00","? 14,944.00",Net Banking,C01256
T005235,28-01-2025,Laptop,Electronics,South,Online,5,"? 55,659.00","? 2,78,295.00",UPI,C01681
T005236,07-02-2025,Smartwatch,Accessories,North,Offline,4,"? 14,255.00","? 57,020.00",UPI,C01047
T005237,29-04-2025,Laptop,Electronics,South,Online,1,"? 79,653.00","? 79,653.00",Net Banking,C02030
T005238,20-10-2025,Printer,Electronics,West,Offline,2,"? 18,080.00","? 36,160.00",Net Banking,C00122
T005239,01-09-2025,Mouse,Accessories,North,Online,3,"? 1,549.00","? 4,647.00",Cash,C00983
T005240,09-03-2025,Tablet,Electronics,East,Online,4,"? 26,296.00","? 1,05,184.00",Net Banking,C01254
T005241,02-08-2025,Printer,Electronics,West,Online,1,"? 25,542.00","? 25,542.00",UPI,C00017
T005242,06-08-2025,Smartphone,Electronics,West,Online,5,"? 29,134.00","? 1,45,670.00",Cash,C01309
T005243,26-06-2025,Power Bank,Accessories,East,Offline,5,"? 4,849.00","? 24,245.00",Cash,C00002
T005244,26-10-2025,Mouse,Accessories,North,Online,3,? 794.00,"? 2,382.00",UPI,C00267
T005245,13-06-2025,Printer,Electronics,East,Offline,3,"? 6,455.00","? 19,365.00",Cash,C01552
T005246,27-02-2025,Keyboard,Accessories,West,Online,4,"? 1,375.00","? 5,500.00",UPI,C01873
T005247,26-09-2025,Camera,Electronics,West,Online,3,"? 45,577.00","? 1,36,731.00",Credit Card,C01557
T005248,04-11-2025,Smartwatch,Accessories,West,Online,1,"? 18,126.00","? 18,126.00",Net Banking,C00251
T005249,27-02-2025,Power Bank,Accessories,East,Online,1,"? 1,695.00","? 1,695.00",Cash,C00277
T005250,15-10-2025,Mouse,Accessories,South,Offline,1,"? 1,403.00","? 1,403.00",Credit Card,C01030
T005251,15-04-2025,Gaming Chair,Furniture,West,Online,4,"? 21,887.00","? 87,548.00",Net Banking,C01838
T005252,16-08-2025,Webcam,Accessories,West,Offline,4,"? 1,559.00","? 6,236.00",Credit Card,C01261
T005253,04-09-2025,Webcam,Accessories,North,Online,3,"? 7,699.00","? 23,097.00",UPI,C01850
T005254,07-07-2025,Keyboard,Accessories,South,Online,4,"? 3,464.00","? 13,856.00",Credit Card,C01721
T005255,24-03-2025,Smartwatch,Accessories,North,Online,1,"? 3,794.00","? 3,794.00",Net Banking,C01981
T005256,05-07-2025,Gaming Chair,Furniture,West,Offline,2,"? 18,721.00","? 37,442.00",Credit Card,C02272
T005257,09-09-2025,Smartphone,Electronics,South,Offline,1,"? 20,686.00","? 20,686.00",Credit Card,C00941
T005258,21-12-2025,Monitor,Electronics,North,Online,2,"? 27,871.00","? 55,742.00",Net Banking,C01055
T005259,26-08-2025,Webcam,Accessories,East,Online,3,"? 6,487.00","? 19,461.00",Credit Card,C00473
T005260,26-12-2025,Router,Networking,North,Offline,5,"? 6,878.00","? 34,390.00",Net Banking,C00514
T005261,03-07-2025,Mouse,Accessories,South,Offline,4,"? 1,000.00","? 4,000.00",UPI,C01366
T005262,11-10-2025,Keyboard,Accessories,North,Online,4,"? 4,778.00","? 19,112.00",Credit Card,C02213
T005263,29-07-2025,Smartwatch,Accessories,South,Offline,1,"? 19,757.00","? 19,757.00",Cash,C00300
T005264,31-10-2025,Smartwatch,Accessories,South,Online,1,"? 5,553.00","? 5,553.00",Credit Card,C02123
T005265,23-10-2025,Printer,Electronics,North,Online,2,"? 26,056.00","? 52,112.00",Cash,C02357
T005266,07-04-2025,Laptop,Electronics,North,Offline,4,"? 58,144.00","? 2,32,576.00",Cash,C00076
T005267,27-07-2025,Printer,Electronics,East,Offline,3,"? 15,274.00","? 45,822.00",UPI,C02435
T005268,17-05-2025,Keyboard,Accessories,North,Offline,1,"? 4,947.00","? 4,947.00",Net Banking,C00460
T005269,03-07-2025,Headphones,Accessories,South,Online,4,"? 10,125.00","? 40,500.00",Credit Card,C01565
T005270,17-03-2025,Camera,Electronics,West,Online,5,"? 79,931.00","? 3,99,655.00",Cash,C01840
T005271,14-10-2025,Gaming Chair,Furniture,North,Offline,2,"? 13,437.00","? 26,874.00",UPI,C01864
T005272,22-05-2025,Mouse,Accessories,North,Offline,1,? 957.00,? 957.00,Credit Card,C01599
T005273,25-08-2025,Printer,Electronics,South,Offline,1,"? 19,785.00","? 19,785.00",UPI,C00661
T005274,25-01-2025,Smartwatch,Accessories,West,Online,3,"? 7,915.00","? 23,745.00",Cash,C02361
T005275,17-10-2025,Gaming Chair,Furniture,East,Online,1,"? 17,734.00","? 17,734.00",Net Banking,C02317
T005276,08-03-2025,Smartwatch,Accessories,West,Online,4,"? 16,703.00","? 66,812.00",UPI,C02203
T005277,07-09-2025,Monitor,Electronics,South,Online,4,"? 30,499.00","? 1,21,996.00",Cash,C01220
T005278,28-04-2025,Mouse,Accessories,South,Online,4,"? 1,398.00","? 5,592.00",UPI,C01880
T005279,14-03-2025,Router,Networking,South,Online,5,"? 3,882.00","? 19,410.00",UPI,C01472
T005280,09-10-2025,Router,Networking,South,Offline,5,"? 7,052.00","? 35,260.00",UPI,C01801
T005281,26-12-2025,Monitor,Electronics,West,Offline,1,"? 28,482.00","? 28,482.00",Credit Card,C01098
T005282,10-01-2025,Speaker,Accessories,West,Offline,5,"? 10,699.00","? 53,495.00",Cash,C01099
T005283,30-07-2025,Power Bank,Accessories,West,Offline,5,"? 2,081.00","? 10,405.00",Cash,C01121
T005284,19-11-2025,Camera,Electronics,North,Online,3,"? 57,126.00","? 1,71,378.00",Cash,C01415
T005285,01-06-2025,Smartphone,Electronics,South,Offline,5,"? 56,080.00","? 2,80,400.00",Cash,C00028
T005286,05-01-2025,Printer,Electronics,North,Offline,2,"? 20,031.00","? 40,062.00",UPI,C00119
T005287,14-07-2025,Tablet,Electronics,North,Offline,2,"? 38,692.00","? 77,384.00",Credit Card,C01608
T005288,10-10-2025,Keyboard,Accessories,North,Online,2,"? 1,604.00","? 3,208.00",Credit Card,C00150
T005289,23-04-2025,Keyboard,Accessories,East,Online,1,? 839.00,? 839.00,Credit Card,C00682
T005290,28-09-2025,Smartphone,Electronics,North,Offline,4,"? 22,644.00","? 90,576.00",Credit Card,C01696
T005291,12-06-2025,Power Bank,Accessories,South,Offline,3,"? 2,615.00","? 7,845.00",Credit Card,C01166
T005292,15-04-2025,Router,Networking,North,Offline,1,"? 6,908.00","? 6,908.00",UPI,C00762
T005293,30-06-2025,Mouse,Accessories,South,Offline,4,? 605.00,"? 2,420.00",Net Banking,C00183
T005294,13-02-2025,Printer,Electronics,East,Online,3,"? 18,330.00","? 54,990.00",Cash,C01095
T005295,09-10-2025,Power Bank,Accessories,West,Offline,3,"? 1,828.00","? 5,484.00",Cash,C02231
T005296,24-06-2025,Camera,Electronics,South,Offline,3,"? 30,446.00","? 91,338.00",UPI,C00173
T005297,11-06-2025,Speaker,Accessories,North,Offline,2,"? 8,278.00","? 16,556.00",Credit Card,C01858
T005298,17-12-2025,Laptop,Electronics,South,Offline,2,"? 64,150.00","? 1,28,300.00",Credit Card,C00355
T005299,06-12-2025,Monitor,Electronics,North,Online,2,"? 16,536.00","? 33,072.00",Cash,C02202
T005300,20-05-2025,Smartphone,Electronics,West,Offline,3,"? 44,837.00","? 1,34,511.00",Cash,C02433
T005301,12-05-2025,Gaming Chair,Furniture,South,Online,3,"? 26,803.00","? 80,409.00",UPI,C00733
T005302,28-03-2025,Laptop,Electronics,North,Offline,2,"? 86,003.00","? 1,72,006.00",Net Banking,C00920
T005303,25-06-2025,Monitor,Electronics,South,Offline,3,"? 26,978.00","? 80,934.00",Cash,C01335
T005304,02-07-2025,Smartphone,Electronics,West,Offline,2,"? 16,387.00","? 32,774.00",Cash,C01049
T005305,09-05-2025,Keyboard,Accessories,West,Offline,2,"? 4,717.00","? 9,434.00",Credit Card,C01122
T005306,03-09-2025,Webcam,Accessories,West,Online,2,"? 2,483.00","? 4,966.00",Cash,C00554
T005307,30-03-2025,Keyboard,Accessories,South,Online,4,"? 2,822.00","? 11,288.00",Net Banking,C01324
T005308,07-03-2025,Smartwatch,Accessories,South,Offline,3,"? 9,548.00","? 28,644.00",Cash,C00361
T005309,07-06-2025,Monitor,Electronics,North,Online,1,"? 14,853.00","? 14,853.00",Credit Card,C01932
T005310,29-05-2025,Tablet,Electronics,West,Online,2,"? 10,775.00","? 21,550.00",Cash,C00874
T005311,06-12-2025,Router,Networking,North,Offline,1,"? 5,418.00","? 5,418.00",Cash,C01087
T005312,26-04-2025,Camera,Electronics,South,Online,4,"? 41,531.00","? 1,66,124.00",UPI,C00718
T005313,02-08-2025,Webcam,Accessories,East,Online,3,"? 2,986.00","? 8,958.00",Cash,C00424
T005314,21-10-2025,Headphones,Accessories,West,Online,2,"? 1,395.00","? 2,790.00",UPI,C00841
T005315,10-09-2025,Mouse,Accessories,North,Online,2,"? 1,082.00","? 2,164.00",UPI,C00255
T005316,23-05-2025,Webcam,Accessories,West,Online,2,"? 3,501.00","? 7,002.00",UPI,C00261
T005317,07-09-2025,Mouse,Accessories,North,Online,1,"? 2,868.00","? 2,868.00",Net Banking,C00523
T005318,29-10-2025,Router,Networking,North,Offline,4,"? 1,863.00","? 7,452.00",Net Banking,C02038
T005319,25-01-2025,Power Bank,Accessories,East,Online,3,"? 4,087.00","? 12,261.00",Credit Card,C01924
T005320,04-10-2025,Gaming Chair,Furniture,South,Online,4,"? 18,046.00","? 72,184.00",UPI,C02470
T005321,11-03-2025,Monitor,Electronics,West,Online,2,"? 31,652.00","? 63,304.00",UPI,C01553
T005322,23-04-2025,Smartphone,Electronics,South,Offline,4,"? 51,956.00","? 2,07,824.00",Credit Card,C00416
T005323,29-12-2025,Speaker,Accessories,North,Online,1,"? 5,861.00","? 5,861.00",UPI,C00918
T005324,22-04-2025,Power Bank,Accessories,South,Online,5,"? 1,543.00","? 7,715.00",Credit Card,C00206
T005325,30-12-2025,Smartphone,Electronics,East,Offline,5,"? 21,162.00","? 1,05,810.00",UPI,C02130
T005326,30-10-2025,Headphones,Accessories,South,Online,3,"? 1,373.00","? 4,119.00",Credit Card,C01091
T005327,01-04-2025,Router,Networking,North,Online,3,"? 7,405.00","? 22,215.00",UPI,C00757
T005328,18-01-2025,Camera,Electronics,North,Offline,4,"? 77,483.00","? 3,09,932.00",Credit Card,C00267
T005329,29-05-2025,Router,Networking,East,Online,3,"? 7,189.00","? 21,567.00",Cash,C00751
T005330,15-08-2025,Printer,Electronics,West,Online,1,"? 25,404.00","? 25,404.00",Credit Card,C01767
T005331,02-08-2025,Camera,Electronics,East,Online,2,"? 35,380.00","? 70,760.00",Credit Card,C01764
T005332,26-12-2025,Power Bank,Accessories,West,Offline,2,"? 4,092.00","? 8,184.00",Net Banking,C00475
T005333,31-05-2025,Printer,Electronics,North,Offline,4,"? 29,260.00","? 1,17,040.00",Credit Card,C01510
T005334,11-07-2025,Router,Networking,South,Online,2,"? 6,838.00","? 13,676.00",Cash,C00153
T005335,09-02-2025,Router,Networking,North,Online,4,"? 3,064.00","? 12,256.00",UPI,C00554
T005336,30-08-2025,Headphones,Accessories,East,Online,3,"? 1,057.00","? 3,171.00",Credit Card,C00487
T005337,18-05-2025,Printer,Electronics,East,Offline,3,"? 25,880.00","? 77,640.00",Credit Card,C01399
T005338,11-12-2025,Webcam,Accessories,South,Online,1,"? 6,894.00","? 6,894.00",Credit Card,C01772
T005339,29-06-2025,Gaming Chair,Furniture,East,Online,2,"? 18,379.00","? 36,758.00",UPI,C01057
T005340,19-07-2025,Tablet,Electronics,North,Offline,1,"? 12,948.00","? 12,948.00",Net Banking,C00838
T005341,22-07-2025,Power Bank,Accessories,South,Online,5,"? 1,172.00","? 5,860.00",UPI,C02223
T005342,02-03-2025,Smartwatch,Accessories,West,Online,1,"? 5,134.00","? 5,134.00",Net Banking,C00967
T005343,11-07-2025,Camera,Electronics,East,Offline,4,"? 28,969.00","? 1,15,876.00",UPI,C01522
T005344,05-01-2025,Printer,Electronics,West,Offline,4,"? 26,646.00","? 1,06,584.00",Net Banking,C01222
T005345,25-08-2025,Keyboard,Accessories,South,Offline,1,"? 3,922.00","? 3,922.00",Cash,C01022
T005346,30-06-2025,Tablet,Electronics,East,Offline,3,"? 13,678.00","? 41,034.00",Cash,C01961
T005347,07-11-2025,Camera,Electronics,South,Online,5,"? 88,879.00","? 4,44,395.00",Cash,C00247
T005348,06-02-2025,Printer,Electronics,East,Online,1,"? 25,885.00","? 25,885.00",Credit Card,C00432
T005349,25-02-2025,Keyboard,Accessories,East,Online,3,"? 4,714.00","? 14,142.00",UPI,C00567
T005350,25-08-2025,Headphones,Accessories,East,Online,1,"? 6,107.00","? 6,107.00",Credit Card,C00481
T005351,24-12-2025,Gaming Chair,Furniture,South,Online,2,"? 19,870.00","? 39,740.00",UPI,C00258
T005352,15-12-2025,Headphones,Accessories,South,Online,4,"? 5,328.00","? 21,312.00",Cash,C00535
T005353,16-07-2025,Monitor,Electronics,North,Online,2,"? 12,655.00","? 25,310.00",Credit Card,C02156
T005354,14-03-2025,Mouse,Accessories,North,Online,2,"? 1,631.00","? 3,262.00",Credit Card,C00176
T005355,28-02-2025,Laptop,Electronics,South,Online,5,"? 88,626.00","? 4,43,130.00",Cash,C00469
T005356,28-08-2025,Keyboard,Accessories,South,Online,3,"? 1,620.00","? 4,860.00",Net Banking,C00819
T005357,02-01-2025,Monitor,Electronics,East,Offline,4,"? 15,004.00","? 60,016.00",UPI,C00152
T005358,26-12-2025,Tablet,Electronics,North,Online,2,"? 44,010.00","? 88,020.00",Cash,C01300
T005359,07-07-2025,Gaming Chair,Furniture,North,Online,4,"? 24,464.00","? 97,856.00",Credit Card,C00824
T005360,03-11-2025,Printer,Electronics,South,Offline,3,"? 8,661.00","? 25,983.00",Cash,C02329
T005361,30-01-2025,Camera,Electronics,North,Offline,1,"? 24,798.00","? 24,798.00",Credit Card,C01622
T005362,24-09-2025,Smartphone,Electronics,South,Online,2,"? 15,540.00","? 31,080.00",UPI,C01971
T005363,18-04-2025,Gaming Chair,Furniture,North,Online,3,"? 27,169.00","? 81,507.00",Credit Card,C00431
T005364,28-11-2025,Keyboard,Accessories,West,Offline,4,"? 4,186.00","? 16,744.00",UPI,C00320
T005365,31-03-2025,Power Bank,Accessories,West,Online,3,"? 3,957.00","? 11,871.00",UPI,C02119
T005366,24-07-2025,Laptop,Electronics,North,Online,1,"? 87,485.00","? 87,485.00",Cash,C01112
T005367,08-08-2025,Power Bank,Accessories,South,Offline,3,"? 3,043.00","? 9,129.00",UPI,C00057
T005368,04-04-2025,Speaker,Accessories,West,Online,4,"? 12,734.00","? 50,936.00",UPI,C02215
T005369,13-04-2025,Webcam,Accessories,East,Online,2,"? 4,493.00","? 8,986.00",Credit Card,C00631
T005370,11-08-2025,Smartphone,Electronics,South,Online,2,"? 66,243.00","? 1,32,486.00",UPI,C00797
T005371,05-07-2025,Router,Networking,West,Online,5,"? 7,062.00","? 35,310.00",UPI,C01422
T005372,03-07-2025,Smartwatch,Accessories,East,Offline,4,"? 7,209.00","? 28,836.00",Cash,C02368
T005373,11-06-2025,Laptop,Electronics,West,Online,5,"? 64,490.00","? 3,22,450.00",Credit Card,C01839
T005374,04-09-2025,Monitor,Electronics,West,Online,5,"? 15,645.00","? 78,225.00",Credit Card,C00532
T005375,31-01-2025,Laptop,Electronics,East,Offline,1,"? 88,508.00","? 88,508.00",Net Banking,C00007
T005376,21-02-2025,Router,Networking,East,Online,4,"? 5,654.00","? 22,616.00",Cash,C01746
T005377,11-12-2025,Printer,Electronics,North,Online,2,"? 8,665.00","? 17,330.00",Credit Card,C00238
T005378,17-03-2025,Camera,Electronics,West,Online,4,"? 26,018.00","? 1,04,072.00",Credit Card,C02499
T005379,05-10-2025,Speaker,Accessories,East,Online,1,"? 3,256.00","? 3,256.00",Credit Card,C01138
T005380,09-02-2025,Tablet,Electronics,North,Offline,4,"? 36,374.00","? 1,45,496.00",Credit Card,C00492
T005381,11-04-2025,Power Bank,Accessories,East,Online,4,"? 3,920.00","? 15,680.00",Cash,C00449
T005382,21-04-2025,Smartphone,Electronics,North,Online,5,"? 45,072.00","? 2,25,360.00",Cash,C01005
T005383,17-11-2025,Webcam,Accessories,North,Offline,4,"? 6,651.00","? 26,604.00",UPI,C01423
T005384,06-09-2025,Laptop,Electronics,East,Online,5,"? 81,320.00","? 4,06,600.00",Net Banking,C00639
T005385,10-07-2025,Printer,Electronics,East,Online,5,"? 21,327.00","? 1,06,635.00",Cash,C02251
T005386,01-07-2025,Webcam,Accessories,West,Online,3,"? 4,078.00","? 12,234.00",Net Banking,C00120
T005387,01-12-2025,Headphones,Accessories,West,Online,1,"? 2,026.00","? 2,026.00",Cash,C00665
T005388,28-07-2025,Power Bank,Accessories,North,Online,5,"? 2,754.00","? 13,770.00",UPI,C01559
T005389,22-01-2025,Laptop,Electronics,East,Online,4,"? 77,889.00","? 3,11,556.00",Credit Card,C00944
T005390,15-06-2025,Laptop,Electronics,West,Online,5,"? 76,140.00","? 3,80,700.00",Credit Card,C02228
T005391,09-04-2025,Mouse,Accessories,North,Online,5,? 986.00,"? 4,930.00",Credit Card,C00631
T005392,27-07-2025,Smartphone,Electronics,West,Online,5,"? 30,941.00","? 1,54,705.00",Credit Card,C00642
T005393,08-01-2025,Mouse,Accessories,North,Offline,2,"? 2,018.00","? 4,036.00",UPI,C00953
T005394,09-07-2025,Power Bank,Accessories,West,Offline,2,"? 1,484.00","? 2,968.00",Credit Card,C01536
T005395,24-06-2025,Webcam,Accessories,East,Online,2,"? 7,542.00","? 15,084.00",Credit Card,C00493
T005396,30-09-2025,Mouse,Accessories,South,Offline,2,"? 1,058.00","? 2,116.00",Net Banking,C01617
T005397,17-01-2025,Webcam,Accessories,South,Offline,3,"? 2,796.00","? 8,388.00",UPI,C02445
T005398,31-03-2025,Camera,Electronics,North,Offline,5,"? 54,293.00","? 2,71,465.00",Cash,C00790
T005399,21-05-2025,Gaming Chair,Furniture,South,Online,3,"? 18,274.00","? 54,822.00",Credit Card,C01662
T005400,25-05-2025,Printer,Electronics,South,Offline,4,"? 13,150.00","? 52,600.00",Net Banking,C01692
T005401,15-06-2025,Router,Networking,North,Offline,1,"? 7,289.00","? 7,289.00",Credit Card,C01970
T005402,03-12-2025,Mouse,Accessories,South,Online,3,"? 2,057.00","? 6,171.00",UPI,C01130
T005403,19-03-2025,Router,Networking,West,Offline,2,"? 6,107.00","? 12,214.00",UPI,C02382
T005404,19-09-2025,Gaming Chair,Furniture,West,Offline,2,"? 23,544.00","? 47,088.00",Cash,C00659
T005405,12-06-2025,Laptop,Electronics,West,Online,4,"? 73,018.00","? 2,92,072.00",Net Banking,C01398
T005406,14-01-2025,Power Bank,Accessories,East,Online,5,"? 3,120.00","? 15,600.00",Credit Card,C02049
T005407,27-08-2025,Router,Networking,West,Online,1,"? 7,232.00","? 7,232.00",UPI,C02500
T005408,13-03-2025,Monitor,Electronics,South,Online,3,"? 13,108.00","? 39,324.00",UPI,C00184
T005409,23-05-2025,Monitor,Electronics,South,Online,5,"? 13,247.00","? 66,235.00",UPI,C00581
T005410,06-11-2025,Headphones,Accessories,West,Online,5,"? 9,401.00","? 47,005.00",Net Banking,C02388
T005411,10-10-2025,Router,Networking,East,Offline,3,"? 2,123.00","? 6,369.00",UPI,C00918
T005412,26-09-2025,Monitor,Electronics,West,Offline,3,"? 17,997.00","? 53,991.00",UPI,C00622
T005413,29-08-2025,Headphones,Accessories,East,Online,3,"? 6,261.00","? 18,783.00",Credit Card,C01920
T005414,02-09-2025,Webcam,Accessories,East,Online,3,"? 5,768.00","? 17,304.00",UPI,C01896
T005415,12-06-2025,Monitor,Electronics,West,Online,2,"? 13,984.00","? 27,968.00",UPI,C00172
T005416,01-03-2025,Smartwatch,Accessories,East,Offline,5,"? 2,010.00","? 10,050.00",Net Banking,C02426
T005417,06-01-2025,Headphones,Accessories,South,Online,5,"? 1,760.00","? 8,800.00",Net Banking,C02225
T005418,16-07-2025,Keyboard,Accessories,West,Offline,2,"? 2,027.00","? 4,054.00",Credit Card,C00611
T005419,27-02-2025,Smartphone,Electronics,South,Online,5,"? 16,177.00","? 80,885.00",Cash,C02084
T005420,01-11-2025,Power Bank,Accessories,East,Online,3,"? 3,170.00","? 9,510.00",Net Banking,C01477
T005421,05-08-2025,Smartphone,Electronics,North,Online,1,"? 24,168.00","? 24,168.00",UPI,C00225
T005422,26-01-2025,Smartphone,Electronics,West,Online,5,"? 66,644.00","? 3,33,220.00",Cash,C02041
T005423,30-10-2025,Printer,Electronics,North,Offline,1,"? 8,389.00","? 8,389.00",Credit Card,C01317
T005424,05-01-2025,Webcam,Accessories,North,Online,1,"? 7,864.00","? 7,864.00",Cash,C01075
T005425,20-01-2025,Gaming Chair,Furniture,North,Online,2,"? 23,777.00","? 47,554.00",UPI,C02201
T005426,17-07-2025,Camera,Electronics,North,Offline,4,"? 31,865.00","? 1,27,460.00",UPI,C01878
T005427,28-02-2025,Tablet,Electronics,South,Online,5,"? 28,936.00","? 1,44,680.00",Cash,C01672
T005428,30-08-2025,Webcam,Accessories,West,Online,2,"? 2,982.00","? 5,964.00",Credit Card,C02153
T005429,26-05-2025,Camera,Electronics,South,Offline,2,"? 23,741.00","? 47,482.00",UPI,C00367
T005430,30-09-2025,Headphones,Accessories,East,Online,1,"? 8,285.00","? 8,285.00",Net Banking,C01307
T005431,06-09-2025,Camera,Electronics,West,Offline,5,"? 23,839.00","? 1,19,195.00",Cash,C01507
T005432,14-01-2025,Power Bank,Accessories,West,Offline,2,"? 3,555.00","? 7,110.00",Net Banking,C00833
T005433,13-01-2025,Monitor,Electronics,South,Online,3,"? 22,137.00","? 66,411.00",Cash,C01108
T005434,13-02-2025,Headphones,Accessories,East,Online,2,"? 10,014.00","? 20,028.00",Net Banking,C01735
T005435,19-01-2025,Speaker,Accessories,North,Online,3,"? 5,097.00","? 15,291.00",UPI,C01024
T005436,04-03-2025,Camera,Electronics,East,Online,4,"? 45,036.00","? 1,80,144.00",Net Banking,C01069
T005437,27-08-2025,Camera,Electronics,South,Offline,3,"? 65,272.00","? 1,95,816.00",UPI,C01411
T005438,03-12-2025,Router,Networking,South,Online,3,"? 3,240.00","? 9,720.00",Cash,C01213
T005439,10-04-2025,Mouse,Accessories,South,Online,1,"? 2,524.00","? 2,524.00",Net Banking,C02098
T005440,12-06-2025,Smartwatch,Accessories,North,Online,2,"? 7,291.00","? 14,582.00",UPI,C00816
T005441,02-05-2025,Printer,Electronics,West,Online,4,"? 25,481.00","? 1,01,924.00",Credit Card,C02249
T005442,13-02-2025,Headphones,Accessories,East,Offline,2,"? 6,247.00","? 12,494.00",Credit Card,C00175
T005443,26-12-2025,Tablet,Electronics,East,Offline,3,"? 31,383.00","? 94,149.00",Cash,C02190
T005444,13-11-2025,Router,Networking,North,Offline,3,"? 5,041.00","? 15,123.00",UPI,C02238
T005445,25-05-2025,Smartphone,Electronics,South,Offline,2,"? 40,319.00","? 80,638.00",UPI,C01637
T005446,23-11-2025,Laptop,Electronics,East,Online,4,"? 89,334.00","? 3,57,336.00",Cash,C00858
T005447,29-12-2025,Speaker,Accessories,West,Online,4,"? 8,844.00","? 35,376.00",Credit Card,C01569
T005448,19-02-2025,Keyboard,Accessories,East,Online,1,"? 1,552.00","? 1,552.00",Cash,C01652
T005449,06-03-2025,Camera,Electronics,South,Offline,3,"? 50,442.00","? 1,51,326.00",Credit Card,C01065
T005450,21-12-2025,Smartphone,Electronics,East,Online,3,"? 36,310.00","? 1,08,930.00",Cash,C02377
T005451,15-10-2025,Monitor,Electronics,South,Offline,1,"? 17,753.00","? 17,753.00",Net Banking,C01397
T005452,13-06-2025,Keyboard,Accessories,West,Offline,2,"? 4,645.00","? 9,290.00",Net Banking,C02143
T005453,21-05-2025,Power Bank,Accessories,North,Offline,3,"? 3,476.00","? 10,428.00",Cash,C02059
T005454,10-11-2025,Power Bank,Accessories,South,Online,2,"? 2,118.00","? 4,236.00",UPI,C01578
T005455,08-05-2025,Smartwatch,Accessories,South,Online,4,"? 18,505.00","? 74,020.00",Cash,C01491
T005456,27-08-2025,Router,Networking,East,Online,5,"? 5,754.00","? 28,770.00",Credit Card,C00431
T005457,20-11-2025,Smartphone,Electronics,North,Online,1,"? 64,007.00","? 64,007.00",Net Banking,C01067
T005458,23-10-2025,Mouse,Accessories,South,Offline,3,? 706.00,"? 2,118.00",Cash,C02052
T005459,06-07-2025,Smartphone,Electronics,East,Offline,1,"? 27,174.00","? 27,174.00",Cash,C00337
T005460,27-07-2025,Router,Networking,West,Offline,4,"? 2,612.00","? 10,448.00",UPI,C00375
T005461,08-08-2025,Gaming Chair,Furniture,North,Online,4,"? 9,896.00","? 39,584.00",Credit Card,C01119
T005462,09-07-2025,Smartwatch,Accessories,East,Online,4,"? 14,878.00","? 59,512.00",Credit Card,C00030
T005463,12-12-2025,Smartphone,Electronics,North,Offline,4,"? 53,744.00","? 2,14,976.00",Credit Card,C00898
T005464,11-10-2025,Speaker,Accessories,South,Online,5,"? 9,506.00","? 47,530.00",Cash,C00842
T005465,18-12-2025,Camera,Electronics,East,Offline,2,"? 23,911.00","? 47,822.00",Credit Card,C02268
T005466,25-08-2025,Speaker,Accessories,West,Offline,2,"? 9,840.00","? 19,680.00",Net Banking,C02176
T005467,13-07-2025,Speaker,Accessories,West,Online,5,"? 2,539.00","? 12,695.00",UPI,C01888
T005468,14-10-2025,Smartphone,Electronics,East,Offline,2,"? 57,350.00","? 1,14,700.00",Net Banking,C00225
T005469,16-09-2025,Webcam,Accessories,East,Offline,4,"? 5,404.00","? 21,616.00",UPI,C00408
T005470,03-09-2025,Mouse,Accessories,North,Online,2,"? 1,180.00","? 2,360.00",UPI,C02206
T005471,16-05-2025,Printer,Electronics,East,Online,1,"? 14,309.00","? 14,309.00",Credit Card,C00709
T005472,07-10-2025,Smartwatch,Accessories,North,Online,2,"? 2,703.00","? 5,406.00",UPI,C02455
T005473,28-09-2025,Mouse,Accessories,South,Online,1,"? 2,764.00","? 2,764.00",Credit Card,C00030
T005474,20-06-2025,Headphones,Accessories,East,Offline,3,"? 3,955.00","? 11,865.00",Credit Card,C02244
T005475,08-06-2025,Smartphone,Electronics,South,Online,1,"? 53,238.00","? 53,238.00",UPI,C01193
T005476,20-07-2025,Tablet,Electronics,West,Offline,1,"? 16,440.00","? 16,440.00",UPI,C02392
T005477,14-02-2025,Smartphone,Electronics,North,Online,4,"? 46,937.00","? 1,87,748.00",Credit Card,C01423
T005478,21-09-2025,Smartwatch,Accessories,North,Offline,4,"? 4,024.00","? 16,096.00",Cash,C00184
T005479,12-03-2025,Keyboard,Accessories,West,Offline,4,"? 2,657.00","? 10,628.00",Credit Card,C00621
T005480,30-12-2025,Webcam,Accessories,South,Offline,1,"? 7,362.00","? 7,362.00",UPI,C02266
T005481,13-04-2025,Webcam,Accessories,North,Online,5,"? 7,134.00","? 35,670.00",Net Banking,C01975
T005482,05-05-2025,Mouse,Accessories,West,Online,4,"? 1,085.00","? 4,340.00",UPI,C00321
T005483,09-11-2025,Tablet,Electronics,West,Online,4,"? 27,381.00","? 1,09,524.00",UPI,C02050
T005484,13-10-2025,Headphones,Accessories,West,Online,1,"? 1,405.00","? 1,405.00",Cash,C02043
T005485,18-08-2025,Monitor,Electronics,East,Online,3,"? 19,040.00","? 57,120.00",Credit Card,C01633
T005486,26-05-2025,Headphones,Accessories,South,Offline,3,"? 1,243.00","? 3,729.00",UPI,C01194
T005487,16-07-2025,Mouse,Accessories,West,Online,2,"? 2,814.00","? 5,628.00",Credit Card,C01833
T005488,09-08-2025,Power Bank,Accessories,South,Online,3,"? 4,656.00","? 13,968.00",Cash,C01329
T005489,01-03-2025,Keyboard,Accessories,North,Online,4,"? 2,305.00","? 9,220.00",UPI,C00082
T005490,08-04-2025,Mouse,Accessories,East,Offline,5,? 832.00,"? 4,160.00",Net Banking,C01317
T005491,20-06-2025,Laptop,Electronics,West,Online,2,"? 62,470.00","? 1,24,940.00",Cash,C00223
T005492,22-06-2025,Tablet,Electronics,West,Online,5,"? 23,772.00","? 1,18,860.00",Net Banking,C00879
T005493,31-05-2025,Keyboard,Accessories,West,Offline,5,"? 3,506.00","? 17,530.00",Cash,C01062
T005494,16-12-2025,Tablet,Electronics,North,Online,4,"? 43,909.00","? 1,75,636.00",Credit Card,C02490
T005495,02-05-2025,Webcam,Accessories,East,Offline,1,"? 5,626.00","? 5,626.00",Cash,C00595
T005496,18-04-2025,Gaming Chair,Furniture,South,Offline,1,"? 27,408.00","? 27,408.00",Net Banking,C00935
T005497,04-01-2025,Webcam,Accessories,South,Online,1,"? 8,507.00","? 8,507.00",Cash,C02076
T005498,03-04-2025,Gaming Chair,Furniture,South,Online,3,"? 27,840.00","? 83,520.00",UPI,C00185
T005499,06-01-2025,Mouse,Accessories,South,Offline,1,"? 2,303.00","? 2,303.00",Cash,C01154
T005500,15-10-2025,Printer,Electronics,South,Online,4,"? 10,197.00","? 40,788.00",Cash,C02118
T005501,16-04-2025,Tablet,Electronics,South,Online,3,"? 35,671.00","? 1,07,013.00",Credit Card,C00668
T005502,26-05-2025,Gaming Chair,Furniture,South,Online,1,"? 13,824.00","? 13,824.00",Credit Card,C00549
T005503,28-09-2025,Laptop,Electronics,East,Online,5,"? 62,097.00","? 3,10,485.00",Credit Card,C00217
T005504,06-04-2025,Camera,Electronics,East,Online,4,"? 38,839.00","? 1,55,356.00",Cash,C01912
T005505,17-08-2025,Webcam,Accessories,North,Offline,4,"? 9,014.00","? 36,056.00",UPI,C00608
T005506,21-07-2025,Router,Networking,West,Offline,2,"? 5,423.00","? 10,846.00",UPI,C01273
T005507,31-07-2025,Keyboard,Accessories,East,Online,4,"? 2,090.00","? 8,360.00",Credit Card,C00695
T005508,06-01-2025,Power Bank,Accessories,West,Online,5,"? 3,636.00","? 18,180.00",UPI,C02029
T005509,22-04-2025,Laptop,Electronics,North,Online,4,"? 99,769.00","? 3,99,076.00",Cash,C00472
T005510,19-11-2025,Laptop,Electronics,East,Offline,2,"? 52,469.00","? 1,04,938.00",UPI,C01362
T005511,16-04-2025,Gaming Chair,Furniture,North,Online,4,"? 20,468.00","? 81,872.00",UPI,C00385
T005512,19-05-2025,Monitor,Electronics,East,Online,4,"? 10,702.00","? 42,808.00",Credit Card,C00003
T005513,26-10-2025,Printer,Electronics,East,Offline,2,"? 12,257.00","? 24,514.00",Net Banking,C00097
T005514,06-04-2025,Smartphone,Electronics,South,Online,4,"? 55,873.00","? 2,23,492.00",Net Banking,C00597
T005515,03-12-2025,Printer,Electronics,West,Online,3,"? 9,165.00","? 27,495.00",Credit Card,C00688
T005516,24-10-2025,Smartwatch,Accessories,North,Online,4,"? 13,370.00","? 53,480.00",UPI,C00643
T005517,02-08-2025,Router,Networking,South,Offline,1,"? 3,791.00","? 3,791.00",Credit Card,C00689
T005518,18-10-2025,Monitor,Electronics,East,Offline,1,"? 22,758.00","? 22,758.00",Credit Card,C00613
T005519,22-01-2025,Mouse,Accessories,East,Offline,3,? 734.00,"? 2,202.00",Net Banking,C01464
T005520,12-07-2025,Mouse,Accessories,North,Online,4,"? 1,446.00","? 5,784.00",UPI,C01753
T005521,30-05-2025,Headphones,Accessories,West,Online,5,"? 6,992.00","? 34,960.00",Cash,C00700
T005522,04-09-2025,Smartphone,Electronics,North,Offline,4,"? 43,942.00","? 1,75,768.00",UPI,C00353
T005523,24-09-2025,Smartwatch,Accessories,East,Offline,1,"? 14,249.00","? 14,249.00",UPI,C02229
T005524,08-09-2025,Gaming Chair,Furniture,South,Online,2,"? 14,597.00","? 29,194.00",Net Banking,C01842
T005525,03-01-2025,Speaker,Accessories,North,Online,3,"? 2,907.00","? 8,721.00",Credit Card,C02017
T005526,12-11-2025,Speaker,Accessories,South,Offline,2,"? 11,092.00","? 22,184.00",UPI,C00477
T005527,17-03-2025,Tablet,Electronics,West,Online,5,"? 48,325.00","? 2,41,625.00",Net Banking,C01427
T005528,28-03-2025,Webcam,Accessories,West,Online,4,"? 8,499.00","? 33,996.00",UPI,C02039
T005529,27-09-2025,Gaming Chair,Furniture,South,Online,5,"? 23,515.00","? 1,17,575.00",Cash,C02470
T005530,13-08-2025,Printer,Electronics,West,Offline,2,"? 9,406.00","? 18,812.00",Credit Card,C01070
T005531,18-01-2025,Keyboard,Accessories,South,Offline,4,"? 4,302.00","? 17,208.00",Credit Card,C00862
T005532,23-04-2025,Laptop,Electronics,South,Online,5,"? 55,700.00","? 2,78,500.00",Cash,C00086
T005533,08-09-2025,Tablet,Electronics,South,Offline,1,"? 18,127.00","? 18,127.00",Net Banking,C00178
T005534,21-08-2025,Power Bank,Accessories,West,Online,1,"? 3,615.00","? 3,615.00",UPI,C01862
T005535,25-11-2025,Headphones,Accessories,South,Online,3,"? 10,936.00","? 32,808.00",Cash,C01925
T005536,06-10-2025,Printer,Electronics,West,Online,1,"? 16,740.00","? 16,740.00",UPI,C01250
T005537,21-07-2025,Speaker,Accessories,South,Online,1,"? 3,045.00","? 3,045.00",UPI,C02241
T005538,24-03-2025,Keyboard,Accessories,South,Offline,2,? 834.00,"? 1,668.00",UPI,C01170
T005539,05-05-2025,Headphones,Accessories,West,Online,1,"? 3,859.00","? 3,859.00",Credit Card,C00467
T005540,24-06-2025,Laptop,Electronics,South,Online,1,"? 78,054.00","? 78,054.00",Cash,C02011
T005541,10-03-2025,Monitor,Electronics,South,Offline,2,"? 21,057.00","? 42,114.00",Credit Card,C02493
T005542,16-02-2025,Gaming Chair,Furniture,West,Online,1,"? 14,003.00","? 14,003.00",Credit Card,C00886
T005543,13-09-2025,Speaker,Accessories,East,Online,1,"? 2,764.00","? 2,764.00",Credit Card,C01430
T005544,03-08-2025,Smartphone,Electronics,North,Online,3,"? 33,156.00","? 99,468.00",UPI,C00889
T005545,30-01-2025,Speaker,Accessories,West,Offline,1,"? 1,664.00","? 1,664.00",Credit Card,C02139
T005546,08-10-2025,Webcam,Accessories,South,Online,1,"? 9,922.00","? 9,922.00",Cash,C00063
T005547,25-08-2025,Speaker,Accessories,North,Online,3,"? 8,225.00","? 24,675.00",Net Banking,C00015
T005548,05-09-2025,Monitor,Electronics,North,Offline,2,"? 27,164.00","? 54,328.00",UPI,C01778
T005549,25-01-2025,Keyboard,Accessories,South,Offline,1,"? 3,851.00","? 3,851.00",UPI,C01446
T005550,15-03-2025,Monitor,Electronics,South,Offline,5,"? 33,953.00","? 1,69,765.00",Credit Card,C01897
T005551,25-07-2025,Keyboard,Accessories,East,Online,2,"? 2,591.00","? 5,182.00",UPI,C01240
T005552,10-11-2025,Smartwatch,Accessories,South,Offline,2,"? 18,185.00","? 36,370.00",Cash,C01798
T005553,04-04-2025,Smartwatch,Accessories,North,Offline,1,"? 5,972.00","? 5,972.00",UPI,C02342
T005554,07-05-2025,Gaming Chair,Furniture,South,Offline,3,"? 27,616.00","? 82,848.00",Cash,C00816
T005555,25-01-2025,Gaming Chair,Furniture,North,Offline,2,"? 15,594.00","? 31,188.00",Cash,C01551
T005556,30-11-2025,Camera,Electronics,West,Online,3,"? 69,554.00","? 2,08,662.00",Net Banking,C02306
T005557,21-12-2025,Camera,Electronics,West,Offline,5,"? 27,199.00","? 1,35,995.00",Cash,C01867
T005558,26-04-2025,Speaker,Accessories,North,Offline,3,"? 7,764.00","? 23,292.00",Credit Card,C01936
T005559,17-02-2025,Monitor,Electronics,West,Online,4,"? 23,874.00","? 95,496.00",Cash,C02210
T005560,14-08-2025,Mouse,Accessories,East,Online,3,? 784.00,"? 2,352.00",Cash,C00427
T005561,23-09-2025,Monitor,Electronics,North,Online,2,"? 14,619.00","? 29,238.00",Credit Card,C00024
T005562,09-04-2025,Power Bank,Accessories,North,Offline,3,"? 3,407.00","? 10,221.00",UPI,C01265
T005563,11-01-2025,Monitor,Electronics,South,Offline,3,"? 17,382.00","? 52,146.00",Cash,C00998
T005564,26-03-2025,Mouse,Accessories,East,Online,4,? 788.00,"? 3,152.00",Cash,C01126
T005565,02-08-2025,Smartphone,Electronics,South,Offline,4,"? 34,788.00","? 1,39,152.00",UPI,C01305
T005566,22-06-2025,Speaker,Accessories,East,Offline,1,"? 7,142.00","? 7,142.00",UPI,C00299
T005567,28-07-2025,Webcam,Accessories,East,Offline,2,"? 2,289.00","? 4,578.00",Net Banking,C01041
T005568,05-03-2025,Printer,Electronics,East,Online,1,"? 29,280.00","? 29,280.00",Credit Card,C00548
T005569,15-09-2025,Router,Networking,North,Online,4,"? 2,994.00","? 11,976.00",Cash,C02025
T005570,28-11-2025,Mouse,Accessories,West,Offline,3,"? 1,947.00","? 5,841.00",Credit Card,C01427
T005571,01-05-2025,Power Bank,Accessories,West,Online,4,"? 1,620.00","? 6,480.00",Net Banking,C02319
T005572,25-10-2025,Speaker,Accessories,South,Online,5,"? 6,640.00","? 33,200.00",Cash,C02118
T005573,23-02-2025,Webcam,Accessories,South,Online,3,"? 6,638.00","? 19,914.00",Net Banking,C02276
T005574,27-11-2025,Keyboard,Accessories,West,Offline,1,"? 4,736.00","? 4,736.00",Net Banking,C02285
T005575,29-09-2025,Printer,Electronics,West,Online,3,"? 24,753.00","? 74,259.00",UPI,C00197
T005576,29-08-2025,Router,Networking,East,Online,5,"? 5,565.00","? 27,825.00",Credit Card,C01538
T005577,31-08-2025,Laptop,Electronics,South,Online,4,"? 77,706.00","? 3,10,824.00",Cash,C01131
T005578,18-01-2025,Speaker,Accessories,South,Online,2,"? 2,963.00","? 5,926.00",Credit Card,C01263
T005579,06-07-2025,Smartphone,Electronics,South,Offline,2,"? 66,059.00","? 1,32,118.00",UPI,C00369
T005580,12-12-2025,Router,Networking,South,Online,2,"? 7,701.00","? 15,402.00",Credit Card,C00817
T005581,24-05-2025,Laptop,Electronics,West,Online,4,"? 94,025.00","? 3,76,100.00",UPI,C01492
T005582,19-09-2025,Camera,Electronics,West,Online,2,"? 44,279.00","? 88,558.00",Credit Card,C00720
T005583,30-12-2025,Power Bank,Accessories,North,Online,5,"? 4,445.00","? 22,225.00",Credit Card,C00639
T005584,27-08-2025,Tablet,Electronics,North,Offline,4,"? 34,209.00","? 1,36,836.00",Credit Card,C00796
T005585,31-10-2025,Speaker,Accessories,West,Offline,2,"? 13,720.00","? 27,440.00",UPI,C02390
T005586,25-10-2025,Smartwatch,Accessories,East,Online,1,"? 5,965.00","? 5,965.00",Credit Card,C02203
T005587,17-03-2025,Laptop,Electronics,West,Online,4,"? 95,806.00","? 3,83,224.00",UPI,C01687
T005588,07-07-2025,Headphones,Accessories,East,Online,4,"? 10,508.00","? 42,032.00",UPI,C02080
T005589,29-11-2025,Gaming Chair,Furniture,South,Online,3,"? 24,565.00","? 73,695.00",Net Banking,C01004
T005590,03-09-2025,Router,Networking,North,Offline,2,"? 7,500.00","? 15,000.00",Net Banking,C01039
T005591,10-05-2025,Monitor,Electronics,East,Online,1,"? 31,629.00","? 31,629.00",UPI,C01883
T005592,11-11-2025,Keyboard,Accessories,South,Offline,5,"? 1,660.00","? 8,300.00",UPI,C02176
T005593,10-10-2025,Router,Networking,West,Offline,4,"? 5,700.00","? 22,800.00",Cash,C01403
T005594,20-03-2025,Laptop,Electronics,North,Online,5,"? 77,870.00","? 3,89,350.00",UPI,C01988
T005595,13-03-2025,Power Bank,Accessories,West,Offline,5,"? 1,789.00","? 8,945.00",Cash,C02472
T005596,20-09-2025,Laptop,Electronics,South,Offline,5,"? 79,155.00","? 3,95,775.00",Cash,C00096
T005597,10-07-2025,Tablet,Electronics,South,Offline,3,"? 43,474.00","? 1,30,422.00",UPI,C00815
T005598,04-03-2025,Gaming Chair,Furniture,West,Offline,5,"? 12,847.00","? 64,235.00",Credit Card,C01142
T005599,12-01-2025,Camera,Electronics,South,Offline,2,"? 70,772.00","? 1,41,544.00",Cash,C01976
T005600,21-05-2025,Webcam,Accessories,South,Offline,2,"? 6,149.00","? 12,298.00",Cash,C00224
T005601,11-09-2025,Monitor,Electronics,East,Offline,1,"? 19,613.00","? 19,613.00",Net Banking,C01248
T005602,12-02-2025,Speaker,Accessories,West,Offline,1,"? 8,096.00","? 8,096.00",Credit Card,C02296
T005603,17-01-2025,Speaker,Accessories,West,Online,5,"? 6,181.00","? 30,905.00",Cash,C00975
T005604,04-03-2025,Gaming Chair,Furniture,North,Online,5,"? 27,964.00","? 1,39,820.00",Net Banking,C01862
T005605,10-09-2025,Monitor,Electronics,East,Offline,3,"? 21,938.00","? 65,814.00",Credit Card,C00649
T005606,19-10-2025,Router,Networking,East,Online,5,"? 1,922.00","? 9,610.00",Net Banking,C00742
T005607,08-01-2025,Tablet,Electronics,South,Online,5,"? 32,533.00","? 1,62,665.00",Net Banking,C01577
T005608,21-11-2025,Mouse,Accessories,North,Online,5,? 857.00,"? 4,285.00",Cash,C00784
T005609,31-03-2025,Power Bank,Accessories,North,Online,4,"? 2,714.00","? 10,856.00",UPI,C01788
T005610,27-07-2025,Tablet,Electronics,East,Offline,4,"? 42,313.00","? 1,69,252.00",Net Banking,C00138
T005611,19-10-2025,Headphones,Accessories,North,Online,3,"? 5,010.00","? 15,030.00",UPI,C02057
T005612,11-10-2025,Printer,Electronics,East,Online,3,"? 18,277.00","? 54,831.00",Credit Card,C01832
T005613,28-04-2025,Router,Networking,North,Offline,2,"? 6,441.00","? 12,882.00",Net Banking,C00569
T005614,15-12-2025,Headphones,Accessories,East,Offline,3,"? 5,646.00","? 16,938.00",Credit Card,C02350
T005615,24-06-2025,Tablet,Electronics,East,Offline,2,"? 23,708.00","? 47,416.00",Credit Card,C00631
T005616,17-03-2025,Smartwatch,Accessories,South,Online,5,"? 8,090.00","? 40,450.00",Net Banking,C01799
T005617,11-04-2025,Mouse,Accessories,South,Offline,3,"? 2,458.00","? 7,374.00",Credit Card,C00171
T005618,31-05-2025,Smartwatch,Accessories,North,Offline,3,"? 14,784.00","? 44,352.00",UPI,C00884
T005619,27-09-2025,Headphones,Accessories,South,Online,3,"? 11,984.00","? 35,952.00",Cash,C00512
T005620,12-03-2025,Monitor,Electronics,West,Offline,2,"? 10,536.00","? 21,072.00",UPI,C01920
T005621,29-06-2025,Headphones,Accessories,West,Online,2,"? 4,259.00","? 8,518.00",Credit Card,C02417
T005622,04-05-2025,Smartphone,Electronics,North,Offline,1,"? 54,647.00","? 54,647.00",Cash,C00375
T005623,20-10-2025,Camera,Electronics,East,Offline,2,"? 85,082.00","? 1,70,164.00",Cash,C01896
T005624,12-10-2025,Router,Networking,South,Online,2,"? 4,011.00","? 8,022.00",Credit Card,C00204
T005625,14-07-2025,Gaming Chair,Furniture,North,Offline,4,"? 26,474.00","? 1,05,896.00",Cash,C00057
T005626,16-08-2025,Keyboard,Accessories,West,Online,3,"? 1,267.00","? 3,801.00",Cash,C00657
T005627,02-10-2025,Smartphone,Electronics,East,Offline,2,"? 31,504.00","? 63,008.00",Net Banking,C01049
T005628,16-04-2025,Tablet,Electronics,South,Online,3,"? 16,768.00","? 50,304.00",Cash,C02195
T005629,21-01-2025,Laptop,Electronics,East,Online,3,"? 58,507.00","? 1,75,521.00",Cash,C00072
T005630,05-03-2025,Smartwatch,Accessories,East,Online,4,"? 17,357.00","? 69,428.00",Cash,C01558
T005631,14-06-2025,Printer,Electronics,South,Online,3,"? 6,620.00","? 19,860.00",Net Banking,C00750
T005632,27-01-2025,Smartphone,Electronics,South,Offline,2,"? 35,447.00","? 70,894.00",UPI,C00953
T005633,07-11-2025,Power Bank,Accessories,West,Offline,3,"? 1,253.00","? 3,759.00",UPI,C02184
T005634,12-10-2025,Mouse,Accessories,West,Online,1,"? 1,011.00","? 1,011.00",Cash,C01070
T005635,28-05-2025,Smartwatch,Accessories,East,Online,1,"? 15,831.00","? 15,831.00",Cash,C00517
T005636,08-10-2025,Smartphone,Electronics,East,Online,4,"? 15,958.00","? 63,832.00",Credit Card,C01036
T005637,22-11-2025,Monitor,Electronics,West,Offline,2,"? 18,200.00","? 36,400.00",UPI,C00027
T005638,15-11-2025,Speaker,Accessories,West,Online,4,"? 14,434.00","? 57,736.00",Cash,C00084
T005639,13-06-2025,Webcam,Accessories,East,Online,1,"? 2,262.00","? 2,262.00",UPI,C01931
T005640,12-08-2025,Router,Networking,North,Online,2,"? 2,860.00","? 5,720.00",Credit Card,C01076
T005641,29-09-2025,Router,Networking,North,Online,3,"? 5,835.00","? 17,505.00",Cash,C01666
T005642,26-05-2025,Keyboard,Accessories,North,Online,2,"? 2,751.00","? 5,502.00",Cash,C00074
T005643,22-12-2025,Headphones,Accessories,South,Online,5,"? 7,989.00","? 39,945.00",Credit Card,C00490
T005644,30-01-2025,Router,Networking,West,Online,2,"? 1,696.00","? 3,392.00",Credit Card,C02060
T005645,14-02-2025,Headphones,Accessories,North,Online,3,"? 8,807.00","? 26,421.00",Cash,C01360
T005646,02-10-2025,Smartphone,Electronics,North,Offline,5,"? 64,412.00","? 3,22,060.00",Cash,C01278
T005647,03-02-2025,Tablet,Electronics,West,Online,4,"? 16,746.00","? 66,984.00",UPI,C00603
T005648,21-05-2025,Webcam,Accessories,South,Online,2,"? 7,390.00","? 14,780.00",Cash,C01002
T005649,14-11-2025,Mouse,Accessories,North,Online,4,"? 2,357.00","? 9,428.00",Cash,C00832
T005650,09-08-2025,Tablet,Electronics,South,Offline,2,"? 44,048.00","? 88,096.00",Cash,C01128
T005651,22-12-2025,Router,Networking,South,Offline,1,"? 1,635.00","? 1,635.00",Cash,C00603
T005652,22-01-2025,Smartwatch,Accessories,East,Offline,1,"? 9,877.00","? 9,877.00",Credit Card,C02363
T005653,29-06-2025,Camera,Electronics,West,Online,3,"? 22,545.00","? 67,635.00",Cash,C00793
T005654,25-11-2025,Keyboard,Accessories,East,Offline,1,"? 4,185.00","? 4,185.00",Credit Card,C01896
T005655,19-08-2025,Keyboard,Accessories,North,Online,5,"? 1,068.00","? 5,340.00",Cash,C00068
T005656,07-02-2025,Gaming Chair,Furniture,East,Online,5,"? 11,662.00","? 58,310.00",UPI,C01525
T005657,11-03-2025,Headphones,Accessories,West,Online,2,"? 7,729.00","? 15,458.00",UPI,C01196
T005658,26-04-2025,Keyboard,Accessories,South,Online,4,"? 4,154.00","? 16,616.00",Credit Card,C01707
T005659,27-08-2025,Tablet,Electronics,South,Online,5,"? 22,798.00","? 1,13,990.00",Credit Card,C01167
T005660,01-12-2025,Mouse,Accessories,North,Online,2,"? 1,112.00","? 2,224.00",Credit Card,C01933
T005661,28-05-2025,Mouse,Accessories,West,Online,4,"? 1,219.00","? 4,876.00",Cash,C01761
T005662,09-01-2025,Headphones,Accessories,South,Offline,1,"? 7,520.00","? 7,520.00",Cash,C00197
T005663,15-10-2025,Smartphone,Electronics,North,Offline,2,"? 31,928.00","? 63,856.00",Credit Card,C01734
T005664,19-02-2025,Speaker,Accessories,West,Offline,4,"? 7,716.00","? 30,864.00",UPI,C00665
T005665,04-12-2025,Mouse,Accessories,West,Online,3,? 903.00,"? 2,709.00",Cash,C02238
T005666,05-01-2025,Tablet,Electronics,East,Offline,3,"? 46,191.00","? 1,38,573.00",UPI,C00012
T005667,09-12-2025,Webcam,Accessories,South,Offline,5,"? 6,305.00","? 31,525.00",UPI,C00963
T005668,06-05-2025,Laptop,Electronics,West,Offline,4,"? 76,948.00","? 3,07,792.00",UPI,C01053
T005669,16-03-2025,Smartphone,Electronics,South,Online,3,"? 19,483.00","? 58,449.00",Net Banking,C00989
T005670,14-06-2025,Camera,Electronics,South,Offline,5,"? 76,123.00","? 3,80,615.00",Credit Card,C00088
T005671,05-10-2025,Printer,Electronics,West,Online,2,"? 18,527.00","? 37,054.00",Credit Card,C00856
T005672,20-11-2025,Power Bank,Accessories,South,Online,2,"? 1,897.00","? 3,794.00",UPI,C00473
T005673,27-10-2025,Webcam,Accessories,East,Online,4,"? 8,360.00","? 33,440.00",Cash,C00111
T005674,17-10-2025,Monitor,Electronics,North,Offline,4,"? 13,435.00","? 53,740.00",Net Banking,C01905
T005675,18-03-2025,Webcam,Accessories,North,Online,4,"? 3,443.00","? 13,772.00",Credit Card,C02469
T005676,25-10-2025,Webcam,Accessories,West,Online,4,"? 3,219.00","? 12,876.00",Credit Card,C02117
T005677,17-05-2025,Gaming Chair,Furniture,East,Offline,3,"? 13,768.00","? 41,304.00",UPI,C02167
T005678,16-04-2025,Keyboard,Accessories,North,Online,3,? 990.00,"? 2,970.00",Credit Card,C00779
T005679,05-04-2025,Gaming Chair,Furniture,East,Offline,5,"? 19,881.00","? 99,405.00",Cash,C00247
T005680,15-05-2025,Keyboard,Accessories,West,Offline,3,"? 1,674.00","? 5,022.00",Net Banking,C02070
T005681,09-03-2025,Gaming Chair,Furniture,East,Online,2,"? 24,798.00","? 49,596.00",Credit Card,C02036
T005682,27-05-2025,Laptop,Electronics,West,Online,5,"? 59,042.00","? 2,95,210.00",Cash,C00399
T005683,08-06-2025,Smartphone,Electronics,North,Online,3,"? 26,969.00","? 80,907.00",Cash,C01522
T005684,12-06-2025,Headphones,Accessories,North,Offline,4,"? 3,728.00","? 14,912.00",Cash,C00326
T005685,07-12-2025,Tablet,Electronics,North,Offline,3,"? 17,203.00","? 51,609.00",Credit Card,C01216
T005686,08-07-2025,Gaming Chair,Furniture,North,Online,1,"? 12,641.00","? 12,641.00",Credit Card,C00602
T005687,05-12-2025,Laptop,Electronics,South,Online,5,"? 78,536.00","? 3,92,680.00",Credit Card,C00646
T005688,05-04-2025,Monitor,Electronics,East,Online,3,"? 22,374.00","? 67,122.00",Net Banking,C00352
T005689,30-06-2025,Mouse,Accessories,East,Offline,3,"? 2,658.00","? 7,974.00",UPI,C00811
T005690,15-10-2025,Headphones,Accessories,East,Online,2,"? 1,741.00","? 3,482.00",UPI,C00404
T005691,18-11-2025,Power Bank,Accessories,West,Online,4,"? 1,391.00","? 5,564.00",Credit Card,C01891
T005692,06-07-2025,Power Bank,Accessories,North,Offline,4,"? 1,549.00","? 6,196.00",Credit Card,C01451
T005693,18-05-2025,Printer,Electronics,North,Online,2,"? 8,219.00","? 16,438.00",UPI,C02371
T005694,10-05-2025,Speaker,Accessories,South,Online,2,"? 10,529.00","? 21,058.00",UPI,C00594
T005695,13-07-2025,Gaming Chair,Furniture,South,Offline,1,"? 22,777.00","? 22,777.00",Cash,C02275
T005696,12-11-2025,Headphones,Accessories,North,Offline,5,"? 9,725.00","? 48,625.00",Cash,C02228
T005697,30-09-2025,Laptop,Electronics,East,Online,4,"? 62,654.00","? 2,50,616.00",Cash,C01502
T005698,18-12-2025,Webcam,Accessories,East,Offline,2,"? 9,011.00","? 18,022.00",Credit Card,C01439
T005699,24-05-2025,Camera,Electronics,North,Online,2,"? 79,687.00","? 1,59,374.00",UPI,C00951
T005700,16-01-2025,Webcam,Accessories,West,Offline,5,"? 9,008.00","? 45,040.00",Credit Card,C00664
T005701,29-10-2025,Laptop,Electronics,East,Offline,2,"? 97,859.00","? 1,95,718.00",Cash,C01985
T005702,02-09-2025,Laptop,Electronics,North,Offline,1,"? 85,338.00","? 85,338.00",UPI,C00154
T005703,17-04-2025,Laptop,Electronics,North,Offline,5,"? 72,132.00","? 3,60,660.00",Credit Card,C00733
T005704,29-03-2025,Headphones,Accessories,South,Offline,1,"? 1,264.00","? 1,264.00",UPI,C00806
T005705,09-05-2025,Laptop,Electronics,South,Online,3,"? 66,025.00","? 1,98,075.00",Net Banking,C00122
T005706,07-12-2025,Smartphone,Electronics,North,Online,4,"? 61,117.00","? 2,44,468.00",Credit Card,C00182
T005707,04-01-2025,Headphones,Accessories,West,Online,2,"? 3,034.00","? 6,068.00",UPI,C01450
T005708,23-11-2025,Mouse,Accessories,North,Offline,5,? 781.00,"? 3,905.00",Cash,C01704
T005709,02-11-2025,Smartphone,Electronics,East,Online,1,"? 26,488.00","? 26,488.00",Credit Card,C00338
T005710,05-04-2025,Monitor,Electronics,West,Online,4,"? 17,358.00","? 69,432.00",UPI,C02151
T005711,28-07-2025,Router,Networking,West,Offline,4,"? 3,978.00","? 15,912.00",UPI,C00231
T005712,13-08-2025,Mouse,Accessories,South,Online,2,? 788.00,"? 1,576.00",UPI,C01206
T005713,14-12-2025,Printer,Electronics,North,Offline,4,"? 28,581.00","? 1,14,324.00",UPI,C00779
T005714,17-11-2025,Gaming Chair,Furniture,South,Online,2,"? 10,071.00","? 20,142.00",Credit Card,C00728
T005715,16-02-2025,Keyboard,Accessories,East,Online,3,"? 1,094.00","? 3,282.00",UPI,C00863
T005716,30-06-2025,Headphones,Accessories,South,Online,2,"? 8,840.00","? 17,680.00",UPI,C01535
T005717,16-04-2025,Keyboard,Accessories,East,Online,1,"? 4,357.00","? 4,357.00",Credit Card,C02014
T005718,18-07-2025,Webcam,Accessories,North,Online,4,"? 4,756.00","? 19,024.00",Net Banking,C01834
T005719,16-04-2025,Headphones,Accessories,North,Online,4,"? 5,019.00","? 20,076.00",Cash,C00003
T005720,07-10-2025,Mouse,Accessories,South,Online,4,"? 2,639.00","? 10,556.00",UPI,C01500
T005721,17-09-2025,Printer,Electronics,South,Offline,2,"? 28,442.00","? 56,884.00",UPI,C01345
T005722,18-04-2025,Tablet,Electronics,South,Online,5,"? 16,630.00","? 83,150.00",Cash,C00908
T005723,19-01-2025,Tablet,Electronics,East,Offline,2,"? 23,008.00","? 46,016.00",Credit Card,C01572
T005724,23-10-2025,Smartphone,Electronics,West,Offline,1,"? 62,487.00","? 62,487.00",Credit Card,C01208
T005725,02-11-2025,Laptop,Electronics,West,Online,2,"? 52,859.00","? 1,05,718.00",Credit Card,C02228
T005726,20-06-2025,Gaming Chair,Furniture,South,Online,4,"? 10,393.00","? 41,572.00",Cash,C01912
T005727,27-11-2025,Laptop,Electronics,South,Online,3,"? 79,144.00","? 2,37,432.00",Credit Card,C00125
T005728,14-07-2025,Router,Networking,North,Offline,1,"? 7,399.00","? 7,399.00",Cash,C01696
T005729,12-01-2025,Tablet,Electronics,South,Offline,3,"? 32,455.00","? 97,365.00",Credit Card,C01464
T005730,14-07-2025,Gaming Chair,Furniture,North,Online,1,"? 10,050.00","? 10,050.00",Credit Card,C02433
T005731,10-10-2025,Mouse,Accessories,East,Online,1,"? 1,324.00","? 1,324.00",Cash,C02045
T005732,01-07-2025,Webcam,Accessories,East,Offline,4,"? 6,471.00","? 25,884.00",UPI,C02011
T005733,01-11-2025,Speaker,Accessories,East,Offline,2,"? 13,267.00","? 26,534.00",UPI,C02250
T005734,24-05-2025,Printer,Electronics,East,Online,4,"? 9,354.00","? 37,416.00",Credit Card,C00664
T005735,12-11-2025,Gaming Chair,Furniture,South,Online,4,"? 12,474.00","? 49,896.00",Credit Card,C00328
T005736,01-07-2025,Smartphone,Electronics,South,Online,4,"? 18,397.00","? 73,588.00",Net Banking,C00849
T005737,30-01-2025,Mouse,Accessories,North,Offline,3,"? 1,721.00","? 5,163.00",Credit Card,C02456
T005738,25-03-2025,Laptop,Electronics,South,Offline,1,"? 89,049.00","? 89,049.00",UPI,C00589
T005739,15-06-2025,Smartphone,Electronics,North,Online,5,"? 27,412.00","? 1,37,060.00",Cash,C00265
T005740,11-10-2025,Keyboard,Accessories,East,Online,2,"? 3,681.00","? 7,362.00",Credit Card,C01467
T005741,08-10-2025,Speaker,Accessories,North,Offline,4,"? 7,021.00","? 28,084.00",UPI,C00254
T005742,06-04-2025,Smartwatch,Accessories,North,Offline,1,"? 5,472.00","? 5,472.00",Net Banking,C01094
T005743,23-09-2025,Monitor,Electronics,South,Online,2,"? 27,001.00","? 54,002.00",Net Banking,C01559
T005744,25-10-2025,Power Bank,Accessories,East,Online,5,"? 4,299.00","? 21,495.00",UPI,C01237
T005745,23-10-2025,Speaker,Accessories,West,Online,5,"? 8,495.00","? 42,475.00",Cash,C01809
T005746,13-08-2025,Smartphone,Electronics,South,Online,4,"? 39,265.00","? 1,57,060.00",Cash,C00610
T005747,29-11-2025,Laptop,Electronics,South,Online,5,"? 91,391.00","? 4,56,955.00",Cash,C02010
T005748,27-12-2025,Mouse,Accessories,West,Online,5,"? 2,358.00","? 11,790.00",Cash,C02034
T005749,11-02-2025,Keyboard,Accessories,East,Offline,2,"? 1,812.00","? 3,624.00",Net Banking,C00550
T005750,30-10-2025,Monitor,Electronics,West,Offline,2,"? 29,080.00","? 58,160.00",Credit Card,C01219
T005751,03-09-2025,Speaker,Accessories,North,Online,4,"? 14,643.00","? 58,572.00",Cash,C02318
T005752,27-07-2025,Webcam,Accessories,West,Offline,1,"? 9,046.00","? 9,046.00",Cash,C01514
T005753,25-08-2025,Webcam,Accessories,East,Offline,4,"? 7,973.00","? 31,892.00",Cash,C00778
T005754,22-01-2025,Router,Networking,East,Online,3,"? 6,722.00","? 20,166.00",Credit Card,C00199
T005755,04-07-2025,Gaming Chair,Furniture,West,Offline,5,"? 26,833.00","? 1,34,165.00",Credit Card,C02190
T005756,30-08-2025,Monitor,Electronics,South,Offline,1,"? 13,802.00","? 13,802.00",Cash,C01265
T005757,29-12-2025,Smartphone,Electronics,West,Offline,2,"? 15,544.00","? 31,088.00",UPI,C01233
T005758,10-10-2025,Gaming Chair,Furniture,North,Online,3,"? 14,652.00","? 43,956.00",UPI,C01290
T005759,10-02-2025,Monitor,Electronics,West,Online,3,"? 24,052.00","? 72,156.00",Cash,C00355
T005760,02-12-2025,Keyboard,Accessories,West,Online,5,"? 3,858.00","? 19,290.00",UPI,C02029
T005761,11-06-2025,Printer,Electronics,West,Online,2,"? 8,628.00","? 17,256.00",UPI,C02224
T005762,09-06-2025,Power Bank,Accessories,North,Online,1,"? 4,251.00","? 4,251.00",Credit Card,C00387
T005763,30-03-2025,Mouse,Accessories,West,Offline,2,? 937.00,"? 1,874.00",Credit Card,C01869
T005764,18-11-2025,Smartphone,Electronics,South,Offline,5,"? 16,436.00","? 82,180.00",UPI,C00633
T005765,12-01-2025,Monitor,Electronics,North,Online,3,"? 32,471.00","? 97,413.00",Cash,C00167
T005766,14-03-2025,Printer,Electronics,South,Online,5,"? 29,045.00","? 1,45,225.00",Credit Card,C01323
T005767,17-03-2025,Mouse,Accessories,North,Offline,4,"? 2,742.00","? 10,968.00",Credit Card,C00797
T005768,12-12-2025,Headphones,Accessories,East,Online,3,"? 4,062.00","? 12,186.00",UPI,C01127
T005769,20-07-2025,Printer,Electronics,East,Online,5,"? 22,643.00","? 1,13,215.00",UPI,C00086
T005770,10-01-2025,Headphones,Accessories,North,Offline,1,"? 8,551.00","? 8,551.00",Net Banking,C01891
T005771,18-12-2025,Power Bank,Accessories,North,Offline,1,"? 1,518.00","? 1,518.00",Cash,C01874
T005772,14-08-2025,Headphones,Accessories,North,Offline,1,"? 6,196.00","? 6,196.00",Credit Card,C01392
T005773,25-06-2025,Printer,Electronics,East,Online,4,"? 25,111.00","? 1,00,444.00",UPI,C02051
T005774,03-10-2025,Gaming Chair,Furniture,North,Online,2,"? 19,093.00","? 38,186.00",Credit Card,C01048
T005775,08-02-2025,Monitor,Electronics,East,Offline,1,"? 15,546.00","? 15,546.00",Cash,C01498
T005776,01-03-2025,Headphones,Accessories,East,Offline,4,"? 9,652.00","? 38,608.00",Credit Card,C01844
T005777,07-03-2025,Gaming Chair,Furniture,North,Offline,1,"? 27,238.00","? 27,238.00",Cash,C01242
T005778,17-11-2025,Monitor,Electronics,North,Online,4,"? 29,584.00","? 1,18,336.00",UPI,C00496
T005779,04-05-2025,Webcam,Accessories,North,Offline,1,"? 5,567.00","? 5,567.00",UPI,C00590
T005780,13-06-2025,Monitor,Electronics,East,Online,2,"? 34,278.00","? 68,556.00",Credit Card,C01775
T005781,08-06-2025,Mouse,Accessories,West,Online,5,"? 1,806.00","? 9,030.00",UPI,C01781
T005782,26-02-2025,Camera,Electronics,North,Online,1,"? 67,871.00","? 67,871.00",UPI,C02041
T005783,19-03-2025,Router,Networking,West,Offline,5,"? 7,988.00","? 39,940.00",Net Banking,C00030
T005784,13-07-2025,Keyboard,Accessories,West,Online,1,"? 2,514.00","? 2,514.00",Net Banking,C02251
T005785,12-10-2025,Monitor,Electronics,West,Online,2,"? 11,480.00","? 22,960.00",Credit Card,C00724
T005786,15-01-2025,Mouse,Accessories,South,Offline,5,"? 2,141.00","? 10,705.00",Net Banking,C00153
T005787,12-01-2025,Smartwatch,Accessories,West,Online,4,"? 15,261.00","? 61,044.00",Credit Card,C00678
T005788,11-04-2025,Power Bank,Accessories,West,Online,1,"? 4,871.00","? 4,871.00",Credit Card,C02091
T005789,05-06-2025,Router,Networking,East,Offline,1,"? 1,529.00","? 1,529.00",Credit Card,C02462
T005790,06-12-2025,Router,Networking,South,Offline,4,"? 4,993.00","? 19,972.00",Credit Card,C01576
T005791,05-05-2025,Headphones,Accessories,East,Online,2,"? 10,173.00","? 20,346.00",UPI,C02491
T005792,25-12-2025,Gaming Chair,Furniture,East,Offline,3,"? 8,230.00","? 24,690.00",UPI,C02199
T005793,07-10-2025,Power Bank,Accessories,West,Online,1,"? 3,576.00","? 3,576.00",UPI,C01617
T005794,20-04-2025,Smartphone,Electronics,East,Offline,4,"? 16,251.00","? 65,004.00",Net Banking,C01281
T005795,30-11-2025,Speaker,Accessories,North,Offline,3,"? 6,840.00","? 20,520.00",Cash,C01127
T005796,23-12-2025,Monitor,Electronics,West,Online,1,"? 14,889.00","? 14,889.00",Credit Card,C01577
T005797,26-05-2025,Printer,Electronics,North,Offline,5,"? 19,384.00","? 96,920.00",UPI,C01724
T005798,04-08-2025,Headphones,Accessories,West,Online,4,"? 2,963.00","? 11,852.00",Net Banking,C01418
T005799,11-06-2025,Headphones,Accessories,West,Online,5,"? 4,166.00","? 20,830.00",Net Banking,C00108
T005800,08-05-2025,Smartwatch,Accessories,West,Offline,2,"? 3,778.00","? 7,556.00",Cash,C02377
T005801,10-11-2025,Smartphone,Electronics,South,Online,3,"? 23,052.00","? 69,156.00",UPI,C01532
T005802,28-11-2025,Mouse,Accessories,West,Online,4,"? 1,174.00","? 4,696.00",UPI,C00633
T005803,30-05-2025,Webcam,Accessories,North,Online,1,"? 2,647.00","? 2,647.00",Credit Card,C01834
T005804,05-02-2025,Smartwatch,Accessories,West,Online,1,"? 4,847.00","? 4,847.00",UPI,C00597
T005805,22-06-2025,Keyboard,Accessories,West,Offline,3,"? 4,550.00","? 13,650.00",Credit Card,C00426
T005806,22-01-2025,Headphones,Accessories,East,Offline,5,"? 4,070.00","? 20,350.00",Cash,C00907
T005807,25-07-2025,Monitor,Electronics,West,Online,5,"? 8,620.00","? 43,100.00",Net Banking,C02281
T005808,07-05-2025,Monitor,Electronics,West,Online,4,"? 8,963.00","? 35,852.00",UPI,C02499
T005809,02-12-2025,Power Bank,Accessories,West,Online,4,"? 3,660.00","? 14,640.00",UPI,C00755
T005810,22-12-2025,Smartwatch,Accessories,West,Online,5,"? 18,003.00","? 90,015.00",UPI,C01291
T005811,05-08-2025,Power Bank,Accessories,West,Online,4,"? 2,126.00","? 8,504.00",Credit Card,C01772
T005812,06-04-2025,Keyboard,Accessories,West,Online,5,? 821.00,"? 4,105.00",Credit Card,C00079
T005813,13-06-2025,Tablet,Electronics,South,Online,3,"? 47,081.00","? 1,41,243.00",Credit Card,C01266
T005814,28-05-2025,Laptop,Electronics,North,Offline,4,"? 77,773.00","? 3,11,092.00",UPI,C02454
T005815,18-01-2025,Printer,Electronics,South,Offline,5,"? 23,566.00","? 1,17,830.00",Net Banking,C00906
T005816,21-10-2025,Printer,Electronics,North,Offline,4,"? 19,982.00","? 79,928.00",UPI,C00276
T005817,14-07-2025,Tablet,Electronics,South,Offline,1,"? 43,562.00","? 43,562.00",Net Banking,C02042
T005818,31-05-2025,Headphones,Accessories,West,Online,1,"? 10,816.00","? 10,816.00",UPI,C00178
T005819,31-12-2025,Router,Networking,South,Offline,2,"? 5,771.00","? 11,542.00",UPI,C00671
T005820,03-05-2025,Mouse,Accessories,North,Offline,5,? 691.00,"? 3,455.00",UPI,C00812
T005821,06-07-2025,Smartphone,Electronics,East,Offline,2,"? 47,688.00","? 95,376.00",UPI,C01567
T005822,29-05-2025,Power Bank,Accessories,East,Online,5,"? 1,290.00","? 6,450.00",Credit Card,C00331
T005823,14-04-2025,Tablet,Electronics,West,Offline,4,"? 35,209.00","? 1,40,836.00",Credit Card,C01906
T005824,31-08-2025,Keyboard,Accessories,West,Offline,5,"? 4,199.00","? 20,995.00",Credit Card,C00174
T005825,19-08-2025,Speaker,Accessories,North,Online,1,"? 3,672.00","? 3,672.00",Net Banking,C01846
T005826,25-07-2025,Monitor,Electronics,East,Offline,4,"? 23,638.00","? 94,552.00",Net Banking,C00092
T005827,17-07-2025,Webcam,Accessories,West,Online,1,"? 7,486.00","? 7,486.00",Cash,C00599
T005828,03-12-2025,Laptop,Electronics,South,Online,4,"? 86,675.00","? 3,46,700.00",Net Banking,C01569
T005829,28-03-2025,Headphones,Accessories,South,Online,5,"? 5,699.00","? 28,495.00",Cash,C00414
T005830,22-05-2025,Webcam,Accessories,East,Online,5,"? 8,581.00","? 42,905.00",Cash,C02185
T005831,13-11-2025,Laptop,Electronics,North,Offline,1,"? 63,353.00","? 63,353.00",UPI,C00089
T005832,18-07-2025,Smartphone,Electronics,West,Online,3,"? 34,852.00","? 1,04,556.00",Cash,C01618
T005833,15-02-2025,Monitor,Electronics,West,Online,5,"? 13,760.00","? 68,800.00",Cash,C01067
T005834,15-10-2025,Keyboard,Accessories,West,Offline,3,"? 1,190.00","? 3,570.00",Credit Card,C01671
T005835,15-01-2025,Printer,Electronics,East,Online,4,"? 10,263.00","? 41,052.00",Credit Card,C00344
T005836,13-02-2025,Smartphone,Electronics,South,Offline,3,"? 22,769.00","? 68,307.00",UPI,C02344
T005837,18-06-2025,Tablet,Electronics,North,Offline,1,"? 35,334.00","? 35,334.00",Credit Card,C00341
T005838,06-11-2025,Printer,Electronics,East,Online,2,"? 23,581.00","? 47,162.00",UPI,C01342
T005839,13-02-2025,Printer,Electronics,East,Offline,2,"? 17,635.00","? 35,270.00",UPI,C00035
T005840,08-04-2025,Router,Networking,West,Online,1,"? 3,404.00","? 3,404.00",Cash,C00171
T005841,18-09-2025,Keyboard,Accessories,South,Offline,2,"? 2,350.00","? 4,700.00",UPI,C00386
T005842,19-04-2025,Gaming Chair,Furniture,North,Offline,1,"? 20,467.00","? 20,467.00",Net Banking,C00335
T005843,10-10-2025,Webcam,Accessories,North,Offline,5,"? 4,691.00","? 23,455.00",Credit Card,C00079
T005844,09-12-2025,Tablet,Electronics,West,Online,3,"? 42,795.00","? 1,28,385.00",UPI,C02420
T005845,14-04-2025,Smartwatch,Accessories,North,Online,2,"? 16,132.00","? 32,264.00",UPI,C01192
T005846,13-09-2025,Webcam,Accessories,South,Offline,5,"? 7,760.00","? 38,800.00",Credit Card,C02000
T005847,25-07-2025,Smartphone,Electronics,West,Offline,2,"? 50,518.00","? 1,01,036.00",Credit Card,C02284
T005848,01-12-2025,Mouse,Accessories,West,Online,4,? 661.00,"? 2,644.00",Cash,C01838
T005849,12-02-2025,Camera,Electronics,South,Online,1,"? 30,865.00","? 30,865.00",UPI,C01557
T005850,19-12-2025,Speaker,Accessories,North,Online,1,"? 4,332.00","? 4,332.00",Credit Card,C00493
T005851,02-09-2025,Monitor,Electronics,South,Offline,5,"? 11,109.00","? 55,545.00",Cash,C01351
T005852,14-10-2025,Keyboard,Accessories,North,Online,4,"? 4,992.00","? 19,968.00",Cash,C00155
T005853,21-12-2025,Monitor,Electronics,North,Offline,3,"? 17,652.00","? 52,956.00",Cash,C02114
T005854,30-09-2025,Smartphone,Electronics,North,Offline,4,"? 46,403.00","? 1,85,612.00",UPI,C01768
T005855,24-03-2025,Tablet,Electronics,South,Online,4,"? 15,758.00","? 63,032.00",UPI,C01562
T005856,20-04-2025,Mouse,Accessories,South,Online,3,"? 1,833.00","? 5,499.00",Cash,C01389
T005857,09-07-2025,Camera,Electronics,East,Offline,3,"? 24,428.00","? 73,284.00",Cash,C00200
T005858,15-10-2025,Power Bank,Accessories,South,Online,4,"? 4,336.00","? 17,344.00",UPI,C00512
T005859,08-09-2025,Laptop,Electronics,West,Online,2,"? 73,247.00","? 1,46,494.00",UPI,C01064
T005860,31-07-2025,Mouse,Accessories,West,Online,2,"? 1,581.00","? 3,162.00",Net Banking,C02320
T005861,18-10-2025,Keyboard,Accessories,West,Offline,4,"? 4,105.00","? 16,420.00",Cash,C02208
T005862,13-05-2025,Monitor,Electronics,West,Online,2,"? 23,735.00","? 47,470.00",UPI,C02083
T005863,20-07-2025,Mouse,Accessories,East,Offline,3,? 478.00,"? 1,434.00",Credit Card,C01984
T005864,12-10-2025,Headphones,Accessories,South,Offline,3,"? 4,914.00","? 14,742.00",UPI,C02474
T005865,22-11-2025,Tablet,Electronics,South,Offline,2,"? 19,975.00","? 39,950.00",Cash,C02169
T005866,05-04-2025,Tablet,Electronics,North,Online,3,"? 12,642.00","? 37,926.00",UPI,C01458
T005867,05-10-2025,Webcam,Accessories,South,Online,1,"? 9,077.00","? 9,077.00",Cash,C02464
T005868,21-11-2025,Headphones,Accessories,North,Online,3,"? 4,711.00","? 14,133.00",Credit Card,C00286
T005869,07-08-2025,Webcam,Accessories,North,Online,4,"? 4,460.00","? 17,840.00",Cash,C00979
T005870,30-03-2025,Printer,Electronics,West,Online,5,"? 27,214.00","? 1,36,070.00",Credit Card,C00405
T005871,13-03-2025,Printer,Electronics,East,Offline,2,"? 11,458.00","? 22,916.00",Cash,C00488
T005872,04-09-2025,Router,Networking,East,Offline,2,"? 3,079.00","? 6,158.00",Cash,C01255
T005873,09-05-2025,Smartphone,Electronics,South,Online,3,"? 65,771.00","? 1,97,313.00",Credit Card,C01124
T005874,31-07-2025,Smartwatch,Accessories,North,Online,3,"? 8,680.00","? 26,040.00",Credit Card,C01978
T005875,09-12-2025,Laptop,Electronics,West,Online,5,"? 62,507.00","? 3,12,535.00",UPI,C01026
T005876,06-04-2025,Headphones,Accessories,North,Online,5,"? 3,340.00","? 16,700.00",UPI,C01533
T005877,16-03-2025,Smartphone,Electronics,West,Offline,4,"? 24,419.00","? 97,676.00",Credit Card,C00528
T005878,23-02-2025,Monitor,Electronics,North,Online,1,"? 24,239.00","? 24,239.00",Cash,C02447
T005879,10-12-2025,Headphones,Accessories,South,Online,4,"? 2,728.00","? 10,912.00",Cash,C00247
T005880,23-02-2025,Smartwatch,Accessories,South,Online,2,"? 18,585.00","? 37,170.00",Cash,C01989
T005881,06-08-2025,Speaker,Accessories,North,Online,3,"? 7,485.00","? 22,455.00",Credit Card,C00628
T005882,16-01-2025,Headphones,Accessories,East,Offline,4,"? 7,175.00","? 28,700.00",Credit Card,C02117
T005883,09-04-2025,Smartwatch,Accessories,West,Online,3,"? 5,160.00","? 15,480.00",Net Banking,C01946
T005884,20-01-2025,Smartwatch,Accessories,East,Offline,3,"? 13,465.00","? 40,395.00",UPI,C00397
T005885,15-02-2025,Smartwatch,Accessories,East,Online,4,"? 9,872.00","? 39,488.00",Cash,C00608
T005886,12-07-2025,Speaker,Accessories,North,Offline,4,"? 9,339.00","? 37,356.00",UPI,C02333
T005887,27-02-2025,Tablet,Electronics,West,Offline,5,"? 25,652.00","? 1,28,260.00",Cash,C02194
T005888,21-04-2025,Mouse,Accessories,West,Offline,1,"? 1,152.00","? 1,152.00",Credit Card,C02434
T005889,09-05-2025,Tablet,Electronics,South,Online,5,"? 23,304.00","? 1,16,520.00",UPI,C01307
T005890,03-12-2025,Smartphone,Electronics,North,Offline,1,"? 64,266.00","? 64,266.00",Credit Card,C00298
T005891,13-07-2025,Tablet,Electronics,North,Online,4,"? 13,980.00","? 55,920.00",UPI,C01731
T005892,06-12-2025,Speaker,Accessories,North,Online,1,"? 7,825.00","? 7,825.00",Cash,C01545
T005893,22-11-2025,Tablet,Electronics,South,Offline,2,"? 10,425.00","? 20,850.00",UPI,C01062
T005894,08-01-2025,Monitor,Electronics,South,Offline,5,"? 16,141.00","? 80,705.00",Cash,C01483
T005895,29-01-2025,Headphones,Accessories,West,Online,5,"? 2,575.00","? 12,875.00",UPI,C01094
T005896,22-04-2025,Tablet,Electronics,South,Offline,5,"? 20,057.00","? 1,00,285.00",Credit Card,C00670
T005897,10-06-2025,Camera,Electronics,North,Online,3,"? 69,985.00","? 2,09,955.00",Credit Card,C00782
T005898,11-05-2025,Smartwatch,Accessories,North,Online,3,"? 16,316.00","? 48,948.00",Net Banking,C02050
T005899,07-07-2025,Headphones,Accessories,East,Offline,4,"? 5,106.00","? 20,424.00",UPI,C00083
T005900,12-06-2025,Printer,Electronics,South,Online,4,"? 26,087.00","? 1,04,348.00",UPI,C00355
T005901,16-07-2025,Monitor,Electronics,North,Online,3,"? 9,408.00","? 28,224.00",Cash,C01810
T005902,30-12-2025,Speaker,Accessories,North,Online,5,"? 4,981.00","? 24,905.00",Cash,C01991
T005903,23-07-2025,Mouse,Accessories,West,Offline,3,"? 2,489.00","? 7,467.00",Cash,C00141
T005904,31-07-2025,Webcam,Accessories,South,Online,1,"? 7,321.00","? 7,321.00",Credit Card,C01832
T005905,19-04-2025,Monitor,Electronics,North,Online,5,"? 18,362.00","? 91,810.00",UPI,C02002
T005906,03-10-2025,Router,Networking,West,Online,3,"? 7,895.00","? 23,685.00",UPI,C01958
T005907,14-03-2025,Smartwatch,Accessories,East,Offline,4,"? 10,795.00","? 43,180.00",Net Banking,C01420
T005908,16-06-2025,Headphones,Accessories,East,Offline,3,"? 1,212.00","? 3,636.00",Cash,C00835
T005909,17-09-2025,Mouse,Accessories,West,Offline,2,"? 2,715.00","? 5,430.00",Cash,C00931
T005910,31-08-2025,Laptop,Electronics,South,Offline,3,"? 98,109.00","? 2,94,327.00",UPI,C00912
T005911,02-10-2025,Keyboard,Accessories,North,Online,5,"? 4,438.00","? 22,190.00",UPI,C02289
T005912,12-04-2025,Webcam,Accessories,South,Offline,3,"? 6,301.00","? 18,903.00",Net Banking,C01325
T005913,22-06-2025,Monitor,Electronics,West,Online,4,"? 23,346.00","? 93,384.00",UPI,C01017
T005914,20-06-2025,Mouse,Accessories,North,Online,1,"? 2,158.00","? 2,158.00",Net Banking,C01176
T005915,21-05-2025,Smartphone,Electronics,North,Online,2,"? 53,548.00","? 1,07,096.00",Credit Card,C01021
T005916,07-07-2025,Gaming Chair,Furniture,North,Offline,5,"? 19,260.00","? 96,300.00",UPI,C00986
T005917,27-03-2025,Router,Networking,South,Online,4,"? 2,281.00","? 9,124.00",Credit Card,C01902
T005918,21-02-2025,Gaming Chair,Furniture,South,Online,2,"? 20,413.00","? 40,826.00",UPI,C00787
T005919,21-04-2025,Mouse,Accessories,West,Online,3,"? 1,926.00","? 5,778.00",UPI,C02262
T005920,31-12-2025,Router,Networking,East,Online,2,"? 2,340.00","? 4,680.00",Credit Card,C01213
T005921,08-12-2025,Keyboard,Accessories,West,Online,1,"? 2,041.00","? 2,041.00",UPI,C02181
T005922,12-02-2025,Router,Networking,North,Offline,2,"? 5,607.00","? 11,214.00",Credit Card,C02128
T005923,30-07-2025,Smartwatch,Accessories,West,Online,2,"? 19,884.00","? 39,768.00",Credit Card,C00101
T005924,19-07-2025,Headphones,Accessories,East,Online,3,"? 9,121.00","? 27,363.00",Credit Card,C01382
T005925,25-10-2025,Laptop,Electronics,West,Offline,3,"? 55,559.00","? 1,66,677.00",Cash,C02012
T005926,12-12-2025,Router,Networking,East,Offline,5,"? 7,426.00","? 37,130.00",Credit Card,C01548
T005927,28-08-2025,Smartphone,Electronics,East,Offline,3,"? 47,597.00","? 1,42,791.00",Credit Card,C00635
T005928,25-04-2025,Webcam,Accessories,North,Online,2,"? 9,175.00","? 18,350.00",Credit Card,C01389
T005929,26-01-2025,Mouse,Accessories,East,Offline,1,"? 1,547.00","? 1,547.00",Credit Card,C00187
T005930,26-10-2025,Camera,Electronics,South,Online,3,"? 23,155.00","? 69,465.00",Credit Card,C01376
T005931,18-03-2025,Tablet,Electronics,West,Offline,5,"? 33,572.00","? 1,67,860.00",UPI,C02254
T005932,17-05-2025,Smartwatch,Accessories,West,Online,5,"? 2,978.00","? 14,890.00",UPI,C00047
T005933,20-01-2025,Monitor,Electronics,South,Online,2,"? 18,497.00","? 36,994.00",Net Banking,C02147
T005934,30-07-2025,Router,Networking,South,Offline,3,"? 5,383.00","? 16,149.00",Credit Card,C01757
T005935,28-08-2025,Router,Networking,North,Online,3,"? 4,547.00","? 13,641.00",Net Banking,C00423
T005936,08-02-2025,Monitor,Electronics,West,Online,5,"? 10,589.00","? 52,945.00",Cash,C01614
T005937,25-09-2025,Keyboard,Accessories,South,Offline,3,"? 2,706.00","? 8,118.00",Cash,C00977
T005938,26-07-2025,Smartwatch,Accessories,North,Online,2,"? 7,942.00","? 15,884.00",Cash,C02265
T005939,24-09-2025,Router,Networking,West,Offline,1,"? 4,099.00","? 4,099.00",Credit Card,C02222
T005940,03-06-2025,Smartphone,Electronics,West,Offline,2,"? 50,276.00","? 1,00,552.00",Cash,C02489
T005941,11-02-2025,Printer,Electronics,South,Online,3,"? 18,511.00","? 55,533.00",UPI,C02154
T005942,11-01-2025,Laptop,Electronics,East,Online,2,"? 67,577.00","? 1,35,154.00",Net Banking,C01701
T005943,21-10-2025,Speaker,Accessories,East,Offline,4,"? 7,415.00","? 29,660.00",Net Banking,C02459
T005944,08-04-2025,Smartphone,Electronics,South,Online,4,"? 41,333.00","? 1,65,332.00",UPI,C01437
T005945,02-10-2025,Router,Networking,East,Offline,3,"? 3,545.00","? 10,635.00",UPI,C00113
T005946,18-08-2025,Laptop,Electronics,West,Online,3,"? 74,180.00","? 2,22,540.00",Cash,C00146
T005947,08-08-2025,Power Bank,Accessories,North,Offline,1,"? 1,047.00","? 1,047.00",Net Banking,C02346
T005948,06-03-2025,Headphones,Accessories,North,Online,2,"? 10,576.00","? 21,152.00",UPI,C02236
T005949,21-12-2025,Headphones,Accessories,South,Online,1,"? 10,564.00","? 10,564.00",Credit Card,C02159
T005950,20-08-2025,Smartwatch,Accessories,North,Online,3,"? 13,105.00","? 39,315.00",UPI,C00056
T005951,24-11-2025,Smartwatch,Accessories,South,Offline,3,"? 17,765.00","? 53,295.00",Cash,C00581
T005952,21-02-2025,Monitor,Electronics,East,Online,5,"? 28,056.00","? 1,40,280.00",UPI,C00530
T005953,20-09-2025,Speaker,Accessories,West,Offline,1,"? 8,681.00","? 8,681.00",Net Banking,C00449
T005954,24-09-2025,Webcam,Accessories,East,Online,3,"? 1,544.00","? 4,632.00",UPI,C01937
T005955,25-12-2025,Speaker,Accessories,South,Online,4,"? 3,585.00","? 14,340.00",Net Banking,C01187
T005956,13-11-2025,Tablet,Electronics,West,Offline,5,"? 14,511.00","? 72,555.00",Net Banking,C01668
T005957,20-11-2025,Keyboard,Accessories,West,Online,2,"? 3,240.00","? 6,480.00",Credit Card,C00219
T005958,03-06-2025,Power Bank,Accessories,West,Online,5,"? 3,170.00","? 15,850.00",Credit Card,C00892
T005959,24-12-2025,Router,Networking,East,Online,2,"? 6,871.00","? 13,742.00",Cash,C00331
T005960,20-05-2025,Power Bank,Accessories,West,Offline,4,"? 3,315.00","? 13,260.00",Net Banking,C01163
T005961,20-02-2025,Tablet,Electronics,East,Online,2,"? 23,372.00","? 46,744.00",Credit Card,C01380
T005962,27-04-2025,Router,Networking,East,Online,1,"? 6,738.00","? 6,738.00",UPI,C02329
T005963,15-02-2025,Smartphone,Electronics,West,Offline,2,"? 37,607.00","? 75,214.00",Cash,C00844
T005964,05-11-2025,Monitor,Electronics,South,Online,2,"? 28,707.00","? 57,414.00",UPI,C00012
T005965,29-03-2025,Laptop,Electronics,West,Online,5,"? 77,957.00","? 3,89,785.00",Credit Card,C01969
T005966,27-07-2025,Printer,Electronics,West,Offline,4,"? 29,475.00","? 1,17,900.00",Credit Card,C01120
T005967,26-09-2025,Speaker,Accessories,East,Online,2,"? 10,176.00","? 20,352.00",Credit Card,C00232
T005968,30-03-2025,Mouse,Accessories,West,Offline,1,? 424.00,? 424.00,Cash,C01802
T005969,28-04-2025,Power Bank,Accessories,South,Online,5,"? 2,614.00","? 13,070.00",Credit Card,C01136
T005970,23-02-2025,Camera,Electronics,West,Offline,4,"? 53,993.00","? 2,15,972.00",UPI,C01939
T005971,26-04-2025,Router,Networking,South,Offline,4,"? 2,748.00","? 10,992.00",Cash,C01071
T005972,28-04-2025,Webcam,Accessories,North,Online,3,"? 6,526.00","? 19,578.00",UPI,C02302
T005973,17-09-2025,Power Bank,Accessories,North,Offline,1,"? 3,642.00","? 3,642.00",Net Banking,C01543
T005974,16-03-2025,Speaker,Accessories,North,Offline,5,"? 13,392.00","? 66,960.00",UPI,C01880
T005975,01-11-2025,Headphones,Accessories,West,Online,5,"? 6,698.00","? 33,490.00",Credit Card,C01447
T005976,07-01-2025,Tablet,Electronics,East,Online,1,"? 27,966.00","? 27,966.00",UPI,C02336
T005977,02-05-2025,Keyboard,Accessories,South,Offline,4,"? 2,413.00","? 9,652.00",Credit Card,C01330
T005978,11-01-2025,Printer,Electronics,North,Online,2,"? 17,783.00","? 35,566.00",Credit Card,C01939
T005979,14-12-2025,Webcam,Accessories,South,Online,1,"? 4,638.00","? 4,638.00",Cash,C02422
T005980,03-08-2025,Printer,Electronics,East,Offline,5,"? 27,139.00","? 1,35,695.00",Credit Card,C00195
T005981,06-10-2025,Headphones,Accessories,South,Offline,1,"? 2,517.00","? 2,517.00",UPI,C01945
T005982,28-01-2025,Camera,Electronics,South,Online,4,"? 30,924.00","? 1,23,696.00",UPI,C01030
T005983,23-08-2025,Smartwatch,Accessories,North,Online,3,"? 6,642.00","? 19,926.00",Cash,C01505
T005984,09-11-2025,Speaker,Accessories,South,Online,3,"? 6,696.00","? 20,088.00",Credit Card,C00865
T005985,26-01-2025,Router,Networking,North,Offline,2,"? 4,463.00","? 8,926.00",Cash,C02191
T005986,23-02-2025,Printer,Electronics,East,Offline,2,"? 18,055.00","? 36,110.00",Credit Card,C01684
T005987,29-01-2025,Smartphone,Electronics,North,Online,4,"? 35,152.00","? 1,40,608.00",Credit Card,C02219
T005988,19-12-2025,Smartphone,Electronics,South,Offline,2,"? 53,966.00","? 1,07,932.00",Cash,C00490
T005989,13-06-2025,Smartwatch,Accessories,East,Online,3,"? 10,072.00","? 30,216.00",UPI,C02144
T005990,27-09-2025,Laptop,Electronics,West,Offline,4,"? 65,965.00","? 2,63,860.00",UPI,C01219
T005991,30-11-2025,Monitor,Electronics,West,Online,4,"? 17,688.00","? 70,752.00",Credit Card,C02308
T005992,04-02-2025,Smartwatch,Accessories,East,Online,4,"? 13,919.00","? 55,676.00",Net Banking,C01260
T005993,13-10-2025,Power Bank,Accessories,East,Online,1,"? 2,535.00","? 2,535.00",Credit Card,C02043
T005994,14-12-2025,Camera,Electronics,South,Online,2,"? 67,417.00","? 1,34,834.00",UPI,C01542
T005995,30-09-2025,Smartphone,Electronics,West,Online,5,"? 65,495.00","? 3,27,475.00",Credit Card,C01785
T005996,27-07-2025,Power Bank,Accessories,East,Online,3,"? 3,067.00","? 9,201.00",UPI,C00052
T005997,26-08-2025,Printer,Electronics,West,Offline,2,"? 11,490.00","? 22,980.00",Cash,C00787
T005998,03-04-2025,Smartphone,Electronics,West,Offline,3,"? 36,719.00","? 1,10,157.00",UPI,C00122
T005999,22-06-2025,Mouse,Accessories,South,Offline,2,? 448.00,? 896.00,Credit Card,C01562
T006000,20-03-2025,Monitor,Electronics,East,Online,5,"? 13,916.00","? 69,580.00",Cash,C01840
T006001,20-04-2025,Gaming Chair,Furniture,North,Online,3,"? 26,894.00","? 80,682.00",UPI,C02137
T006002,05-08-2025,Keyboard,Accessories,East,Online,5,"? 4,034.00","? 20,170.00",UPI,C01467
T006003,24-12-2025,Gaming Chair,Furniture,West,Online,3,"? 28,044.00","? 84,132.00",Credit Card,C00038
T006004,16-04-2025,Speaker,Accessories,North,Online,1,"? 3,246.00","? 3,246.00",Cash,C00084
T006005,16-02-2025,Mouse,Accessories,North,Online,1,? 895.00,? 895.00,Credit Card,C01925
T006006,30-06-2025,Speaker,Accessories,West,Online,3,"? 9,670.00","? 29,010.00",Credit Card,C01962
T006007,05-03-2025,Laptop,Electronics,North,Offline,3,"? 83,401.00","? 2,50,203.00",Credit Card,C01010
T006008,03-09-2025,Headphones,Accessories,North,Offline,5,"? 7,980.00","? 39,900.00",Credit Card,C00739
T006009,01-09-2025,Router,Networking,East,Online,4,"? 6,197.00","? 24,788.00",UPI,C01027
T006010,16-11-2025,Mouse,Accessories,West,Offline,3,? 575.00,"? 1,725.00",Cash,C01833
T006011,28-03-2025,Laptop,Electronics,South,Online,2,"? 65,140.00","? 1,30,280.00",UPI,C00672
T006012,05-08-2025,Router,Networking,North,Online,2,"? 4,660.00","? 9,320.00",UPI,C00030
T006013,07-01-2025,Laptop,Electronics,West,Online,2,"? 58,152.00","? 1,16,304.00",UPI,C00628
T006014,05-10-2025,Speaker,Accessories,East,Offline,1,"? 4,857.00","? 4,857.00",Cash,C01191
T006015,03-12-2025,Keyboard,Accessories,East,Online,5,"? 1,174.00","? 5,870.00",Net Banking,C00093
T006016,29-07-2025,Headphones,Accessories,East,Online,1,"? 10,838.00","? 10,838.00",UPI,C02266
T006017,18-06-2025,Tablet,Electronics,North,Online,2,"? 44,726.00","? 89,452.00",Cash,C01212
T006018,26-11-2025,Power Bank,Accessories,South,Online,3,"? 4,920.00","? 14,760.00",Net Banking,C00972
T006019,18-05-2025,Webcam,Accessories,East,Online,2,"? 5,114.00","? 10,228.00",Credit Card,C01746
T006020,02-11-2025,Smartwatch,Accessories,South,Offline,3,"? 5,820.00","? 17,460.00",UPI,C00886
T006021,18-08-2025,Printer,Electronics,West,Online,5,"? 10,322.00","? 51,610.00",Credit Card,C00698
T006022,04-11-2025,Camera,Electronics,East,Offline,4,"? 58,235.00","? 2,32,940.00",UPI,C02330
T006023,10-06-2025,Camera,Electronics,North,Online,3,"? 79,961.00","? 2,39,883.00",UPI,C00975
T006024,01-01-2025,Power Bank,Accessories,East,Online,1,"? 2,004.00","? 2,004.00",Cash,C00389
T006025,24-08-2025,Gaming Chair,Furniture,North,Offline,2,"? 14,449.00","? 28,898.00",UPI,C00929
T006026,07-07-2025,Gaming Chair,Furniture,West,Online,2,"? 25,587.00","? 51,174.00",UPI,C02185
T006027,04-01-2025,Power Bank,Accessories,South,Online,2,"? 1,782.00","? 3,564.00",Cash,C00288
T006028,12-05-2025,Speaker,Accessories,South,Online,3,"? 10,423.00","? 31,269.00",Net Banking,C01357
T006029,06-08-2025,Camera,Electronics,South,Offline,5,"? 41,983.00","? 2,09,915.00",Cash,C00619
T006030,17-09-2025,Tablet,Electronics,East,Offline,3,"? 32,074.00","? 96,222.00",Net Banking,C00412
T006031,01-01-2025,Smartwatch,Accessories,East,Online,1,"? 16,396.00","? 16,396.00",UPI,C00407
T006032,12-03-2025,Camera,Electronics,West,Offline,2,"? 25,905.00","? 51,810.00",Cash,C00600
T006033,27-06-2025,Smartwatch,Accessories,South,Offline,3,"? 6,073.00","? 18,219.00",Credit Card,C02025
T006034,08-07-2025,Printer,Electronics,West,Online,2,"? 25,278.00","? 50,556.00",Credit Card,C01149
T006035,18-10-2025,Speaker,Accessories,North,Online,1,"? 3,734.00","? 3,734.00",Net Banking,C02015
T006036,08-01-2025,Power Bank,Accessories,East,Offline,4,? 963.00,"? 3,852.00",Cash,C01854
T006037,10-09-2025,Camera,Electronics,South,Offline,4,"? 32,061.00","? 1,28,244.00",Cash,C01346
T006038,19-10-2025,Speaker,Accessories,East,Online,4,"? 1,601.00","? 6,404.00",Cash,C01758
T006039,01-09-2025,Headphones,Accessories,South,Offline,2,"? 8,434.00","? 16,868.00",Credit Card,C01521
T006040,03-05-2025,Laptop,Electronics,South,Online,3,"? 94,667.00","? 2,84,001.00",Cash,C02117
T006041,26-10-2025,Camera,Electronics,East,Offline,2,"? 78,796.00","? 1,57,592.00",Cash,C00884
T006042,10-10-2025,Smartwatch,Accessories,East,Online,5,"? 15,738.00","? 78,690.00",Net Banking,C01700
T006043,01-02-2025,Laptop,Electronics,West,Online,3,"? 60,850.00","? 1,82,550.00",UPI,C02340
T006044,30-11-2025,Keyboard,Accessories,East,Online,1,"? 1,235.00","? 1,235.00",UPI,C01543
T006045,26-05-2025,Power Bank,Accessories,East,Online,4,"? 2,500.00","? 10,000.00",UPI,C00416
T006046,05-06-2025,Camera,Electronics,East,Online,3,"? 27,114.00","? 81,342.00",Credit Card,C01243
T006047,16-01-2025,Camera,Electronics,North,Offline,3,"? 50,550.00","? 1,51,650.00",Net Banking,C00897
T006048,21-12-2025,Webcam,Accessories,North,Online,4,"? 8,969.00","? 35,876.00",Credit Card,C00418
T006049,16-02-2025,Mouse,Accessories,North,Offline,1,"? 2,796.00","? 2,796.00",Cash,C00563
T006050,08-09-2025,Laptop,Electronics,West,Online,2,"? 87,112.00","? 1,74,224.00",Credit Card,C01444
T006051,06-07-2025,Camera,Electronics,West,Offline,2,"? 21,971.00","? 43,942.00",Cash,C01946
T006052,31-01-2025,Headphones,Accessories,South,Online,3,"? 10,644.00","? 31,932.00",Cash,C01185
T006053,17-09-2025,Printer,Electronics,West,Online,4,"? 23,096.00","? 92,384.00",UPI,C02049
T006054,17-01-2025,Router,Networking,East,Online,5,"? 5,155.00","? 25,775.00",Net Banking,C01091
T006055,08-02-2025,Laptop,Electronics,South,Online,1,"? 98,110.00","? 98,110.00",UPI,C00163
T006056,31-10-2025,Printer,Electronics,East,Online,2,"? 18,534.00","? 37,068.00",Cash,C00315
T006057,08-02-2025,Monitor,Electronics,South,Online,1,"? 20,768.00","? 20,768.00",UPI,C00333
T006058,12-05-2025,Smartwatch,Accessories,West,Offline,1,"? 8,472.00","? 8,472.00",Net Banking,C00525
T006059,30-01-2025,Keyboard,Accessories,North,Offline,1,"? 4,784.00","? 4,784.00",Credit Card,C02104
T006060,07-06-2025,Mouse,Accessories,East,Offline,4,"? 1,848.00","? 7,392.00",Credit Card,C02437
T006061,05-10-2025,Headphones,Accessories,South,Online,4,"? 4,648.00","? 18,592.00",Credit Card,C00593
T006062,22-07-2025,Gaming Chair,Furniture,North,Offline,4,"? 13,124.00","? 52,496.00",Cash,C01738
T006063,07-03-2025,Gaming Chair,Furniture,East,Online,3,"? 16,650.00","? 49,950.00",UPI,C00731
T006064,18-04-2025,Keyboard,Accessories,East,Online,4,"? 3,543.00","? 14,172.00",UPI,C00527
T006065,25-09-2025,Mouse,Accessories,North,Online,3,? 992.00,"? 2,976.00",Cash,C00124
T006066,10-08-2025,Speaker,Accessories,West,Online,2,"? 1,997.00","? 3,994.00",UPI,C01721
T006067,19-10-2025,Webcam,Accessories,North,Online,2,"? 3,634.00","? 7,268.00",UPI,C02442
T006068,18-01-2025,Keyboard,Accessories,West,Online,2,"? 3,149.00","? 6,298.00",UPI,C00704
T006069,31-03-2025,Speaker,Accessories,South,Online,2,"? 6,912.00","? 13,824.00",Credit Card,C00909
T006070,30-06-2025,Router,Networking,West,Offline,2,"? 5,792.00","? 11,584.00",Cash,C00994
T006071,12-09-2025,Webcam,Accessories,South,Offline,4,"? 1,526.00","? 6,104.00",Cash,C00328
T006072,10-09-2025,Power Bank,Accessories,South,Online,5,"? 4,716.00","? 23,580.00",UPI,C01567
T006073,14-09-2025,Keyboard,Accessories,South,Online,4,"? 2,417.00","? 9,668.00",UPI,C00988
T006074,12-12-2025,Smartphone,Electronics,South,Offline,5,"? 29,470.00","? 1,47,350.00",Credit Card,C00455
T006075,28-03-2025,Smartwatch,Accessories,East,Online,4,"? 4,253.00","? 17,012.00",Credit Card,C00737
T006076,31-03-2025,Tablet,Electronics,South,Offline,2,"? 30,026.00","? 60,052.00",UPI,C01156
T006077,25-08-2025,Mouse,Accessories,East,Offline,1,"? 1,838.00","? 1,838.00",Cash,C01975
T006078,11-03-2025,Headphones,Accessories,East,Online,5,"? 10,475.00","? 52,375.00",Credit Card,C00102
T006079,13-02-2025,Laptop,Electronics,South,Online,1,"? 97,761.00","? 97,761.00",Credit Card,C01882
T006080,19-07-2025,Power Bank,Accessories,West,Offline,2,"? 1,886.00","? 3,772.00",Credit Card,C01255
T006081,01-06-2025,Power Bank,Accessories,West,Offline,5,"? 2,815.00","? 14,075.00",Cash,C01898
T006082,27-03-2025,Keyboard,Accessories,North,Online,1,"? 2,415.00","? 2,415.00",Cash,C00809
T006083,19-01-2025,Keyboard,Accessories,East,Online,4,"? 2,426.00","? 9,704.00",UPI,C01242
T006084,11-04-2025,Mouse,Accessories,East,Offline,2,"? 1,307.00","? 2,614.00",Net Banking,C02416
T006085,05-04-2025,Webcam,Accessories,West,Online,4,"? 4,963.00","? 19,852.00",Credit Card,C00091
T006086,11-09-2025,Speaker,Accessories,East,Offline,4,"? 5,841.00","? 23,364.00",Credit Card,C01762
T006087,23-12-2025,Monitor,Electronics,West,Offline,2,"? 30,805.00","? 61,610.00",Cash,C01393
T006088,30-01-2025,Webcam,Accessories,North,Offline,5,"? 5,967.00","? 29,835.00",Cash,C02187
T006089,06-09-2025,Tablet,Electronics,South,Online,3,"? 35,384.00","? 1,06,152.00",UPI,C02162
T006090,02-02-2025,Gaming Chair,Furniture,South,Offline,3,"? 10,896.00","? 32,688.00",Cash,C02070
T006091,17-08-2025,Keyboard,Accessories,South,Online,2,"? 2,870.00","? 5,740.00",Credit Card,C01047
T006092,12-01-2025,Camera,Electronics,North,Online,3,"? 76,032.00","? 2,28,096.00",UPI,C01089
T006093,28-04-2025,Smartphone,Electronics,East,Online,1,"? 32,718.00","? 32,718.00",UPI,C00460
T006094,16-12-2025,Router,Networking,North,Online,5,"? 2,017.00","? 10,085.00",Credit Card,C01734
T006095,04-06-2025,Gaming Chair,Furniture,East,Offline,4,"? 25,672.00","? 1,02,688.00",Credit Card,C00114
T006096,03-09-2025,Printer,Electronics,East,Offline,4,"? 14,937.00","? 59,748.00",Cash,C01905
T006097,28-11-2025,Smartphone,Electronics,South,Online,2,"? 62,391.00","? 1,24,782.00",Credit Card,C01521
T006098,04-09-2025,Tablet,Electronics,West,Online,4,"? 38,543.00","? 1,54,172.00",Cash,C01506
T006099,29-01-2025,Power Bank,Accessories,West,Online,1,"? 1,497.00","? 1,497.00",UPI,C00921
T006100,10-06-2025,Webcam,Accessories,South,Online,1,"? 1,974.00","? 1,974.00",Credit Card,C02305
T006101,23-08-2025,Webcam,Accessories,East,Offline,2,"? 9,196.00","? 18,392.00",UPI,C01309
T006102,09-07-2025,Router,Networking,North,Online,4,"? 7,497.00","? 29,988.00",UPI,C01070
T006103,27-04-2025,Camera,Electronics,South,Offline,3,"? 59,300.00","? 1,77,900.00",Credit Card,C01869
T006104,28-09-2025,Power Bank,Accessories,South,Offline,3,"? 1,310.00","? 3,930.00",Cash,C00652
T006105,15-09-2025,Power Bank,Accessories,North,Online,5,"? 1,337.00","? 6,685.00",UPI,C00456
T006106,29-06-2025,Smartphone,Electronics,East,Online,2,"? 58,220.00","? 1,16,440.00",Credit Card,C00392
T006107,21-06-2025,Printer,Electronics,South,Online,5,"? 25,328.00","? 1,26,640.00",Credit Card,C00412
T006108,01-10-2025,Laptop,Electronics,South,Online,3,"? 72,016.00","? 2,16,048.00",Cash,C01183
T006109,16-09-2025,Smartwatch,Accessories,East,Online,3,"? 7,384.00","? 22,152.00",UPI,C00911
T006110,15-05-2025,Laptop,Electronics,North,Online,3,"? 67,750.00","? 2,03,250.00",Cash,C01980
T006111,20-06-2025,Smartwatch,Accessories,North,Offline,5,"? 19,445.00","? 97,225.00",Credit Card,C00551
T006112,29-07-2025,Monitor,Electronics,West,Online,2,"? 10,307.00","? 20,614.00",Net Banking,C01638
T006113,24-08-2025,Monitor,Electronics,West,Offline,1,"? 24,691.00","? 24,691.00",UPI,C01872
T006114,05-07-2025,Speaker,Accessories,North,Online,1,"? 14,190.00","? 14,190.00",UPI,C01941
T006115,30-12-2025,Monitor,Electronics,West,Online,3,"? 17,188.00","? 51,564.00",UPI,C00776
T006116,05-04-2025,Smartphone,Electronics,West,Online,2,"? 40,860.00","? 81,720.00",Cash,C00443
T006117,11-01-2025,Monitor,Electronics,East,Online,2,"? 17,321.00","? 34,642.00",Net Banking,C01359
T006118,09-03-2025,Power Bank,Accessories,South,Online,4,"? 1,103.00","? 4,412.00",Credit Card,C00916
T006119,29-07-2025,Smartwatch,Accessories,West,Offline,4,"? 8,486.00","? 33,944.00",UPI,C00544
T006120,15-07-2025,Webcam,Accessories,West,Offline,5,"? 7,066.00","? 35,330.00",Cash,C00900
T006121,08-04-2025,Laptop,Electronics,East,Offline,4,"? 71,541.00","? 2,86,164.00",Net Banking,C00645
T006122,03-04-2025,Mouse,Accessories,North,Offline,5,"? 1,254.00","? 6,270.00",UPI,C01259
T006123,22-01-2025,Router,Networking,West,Offline,1,"? 6,665.00","? 6,665.00",UPI,C01771
T006124,21-06-2025,Keyboard,Accessories,South,Offline,3,"? 2,445.00","? 7,335.00",Net Banking,C00023
T006125,14-05-2025,Smartwatch,Accessories,West,Online,2,"? 7,724.00","? 15,448.00",Net Banking,C00144
T006126,25-01-2025,Laptop,Electronics,South,Offline,1,"? 98,347.00","? 98,347.00",Credit Card,C02354
T006127,04-07-2025,Gaming Chair,Furniture,North,Offline,1,"? 13,350.00","? 13,350.00",Credit Card,C01419
T006128,26-03-2025,Gaming Chair,Furniture,West,Offline,5,"? 17,009.00","? 85,045.00",UPI,C00584
T006129,24-02-2025,Laptop,Electronics,South,Online,3,"? 64,025.00","? 1,92,075.00",Net Banking,C01072
T006130,08-09-2025,Keyboard,Accessories,South,Online,5,"? 4,349.00","? 21,745.00",Cash,C02453
T006131,24-05-2025,Camera,Electronics,South,Offline,1,"? 29,164.00","? 29,164.00",Credit Card,C01599
T006132,17-12-2025,Power Bank,Accessories,North,Offline,2,"? 4,933.00","? 9,866.00",UPI,C01126
T006133,16-06-2025,Mouse,Accessories,South,Offline,4,"? 1,578.00","? 6,312.00",Credit Card,C01553
T006134,12-08-2025,Camera,Electronics,East,Offline,5,"? 52,872.00","? 2,64,360.00",UPI,C00241
T006135,08-08-2025,Camera,Electronics,North,Online,1,"? 79,879.00","? 79,879.00",Cash,C01280
T006136,28-06-2025,Laptop,Electronics,South,Online,4,"? 97,037.00","? 3,88,148.00",UPI,C01971
T006137,29-04-2025,Printer,Electronics,North,Offline,4,"? 28,985.00","? 1,15,940.00",Net Banking,C02409
T006138,22-09-2025,Webcam,Accessories,North,Online,1,"? 8,171.00","? 8,171.00",Cash,C02115
T006139,30-05-2025,Headphones,Accessories,East,Offline,3,"? 9,782.00","? 29,346.00",Credit Card,C02328
T006140,03-08-2025,Smartwatch,Accessories,South,Offline,1,"? 10,561.00","? 10,561.00",UPI,C01430
T006141,16-07-2025,Smartphone,Electronics,North,Online,2,"? 27,389.00","? 54,778.00",Cash,C00778
T006142,11-02-2025,Gaming Chair,Furniture,North,Online,4,"? 27,347.00","? 1,09,388.00",UPI,C01029
T006143,22-02-2025,Power Bank,Accessories,South,Offline,2,"? 1,463.00","? 2,926.00",Cash,C01291
T006144,26-11-2025,Camera,Electronics,East,Online,5,"? 36,360.00","? 1,81,800.00",UPI,C01783
T006145,08-09-2025,Router,Networking,West,Online,4,"? 2,189.00","? 8,756.00",Net Banking,C02096
T006146,22-10-2025,Monitor,Electronics,South,Offline,3,"? 22,214.00","? 66,642.00",Cash,C02382
T006147,28-09-2025,Gaming Chair,Furniture,West,Offline,1,"? 14,743.00","? 14,743.00",Net Banking,C02030
T006148,03-05-2025,Smartphone,Electronics,South,Offline,5,"? 50,356.00","? 2,51,780.00",Credit Card,C01668
T006149,05-12-2025,Tablet,Electronics,South,Online,2,"? 44,303.00","? 88,606.00",UPI,C00136
T006150,23-09-2025,Webcam,Accessories,North,Online,5,"? 3,528.00","? 17,640.00",Credit Card,C00519
T006151,14-12-2025,Power Bank,Accessories,South,Offline,3,"? 2,656.00","? 7,968.00",Credit Card,C02167
T006152,29-01-2025,Webcam,Accessories,East,Online,1,"? 4,686.00","? 4,686.00",UPI,C00342
T006153,04-02-2025,Printer,Electronics,East,Online,5,"? 8,769.00","? 43,845.00",Credit Card,C01003
T006154,06-01-2025,Smartphone,Electronics,South,Online,2,"? 37,469.00","? 74,938.00",Credit Card,C02212
T006155,21-04-2025,Gaming Chair,Furniture,North,Online,5,"? 14,486.00","? 72,430.00",Credit Card,C00285
T006156,21-10-2025,Keyboard,Accessories,North,Online,1,"? 3,687.00","? 3,687.00",UPI,C00964
T006157,18-03-2025,Power Bank,Accessories,West,Online,5,"? 1,948.00","? 9,740.00",Credit Card,C01622
T006158,15-12-2025,Headphones,Accessories,South,Online,2,"? 1,780.00","? 3,560.00",Cash,C01725
T006159,27-05-2025,Mouse,Accessories,West,Offline,1,? 709.00,? 709.00,UPI,C00377
T006160,08-03-2025,Gaming Chair,Furniture,North,Online,3,"? 10,153.00","? 30,459.00",Cash,C00053
T006161,08-01-2025,Gaming Chair,Furniture,East,Online,3,"? 27,680.00","? 83,040.00",Credit Card,C00328
T006162,02-05-2025,Keyboard,Accessories,North,Online,4,"? 4,013.00","? 16,052.00",UPI,C02389
T006163,06-12-2025,Camera,Electronics,East,Offline,5,"? 73,644.00","? 3,68,220.00",UPI,C00639
T006164,24-06-2025,Gaming Chair,Furniture,West,Offline,2,"? 14,296.00","? 28,592.00",Cash,C01604
T006165,28-06-2025,Printer,Electronics,North,Offline,5,"? 8,583.00","? 42,915.00",UPI,C00506
T006166,26-03-2025,Gaming Chair,Furniture,East,Offline,1,"? 11,043.00","? 11,043.00",Credit Card,C00868
T006167,14-02-2025,Printer,Electronics,West,Offline,4,"? 29,953.00","? 1,19,812.00",UPI,C00704
T006168,16-05-2025,Camera,Electronics,North,Offline,2,"? 39,646.00","? 79,292.00",Credit Card,C02226
T006169,09-12-2025,Headphones,Accessories,South,Online,5,"? 8,036.00","? 40,180.00",Cash,C00968
T006170,16-01-2025,Laptop,Electronics,North,Online,2,"? 66,036.00","? 1,32,072.00",Credit Card,C00559
T006171,29-11-2025,Smartphone,Electronics,West,Online,1,"? 21,726.00","? 21,726.00",UPI,C00909
T006172,14-07-2025,Monitor,Electronics,North,Online,4,"? 12,022.00","? 48,088.00",Cash,C00009
T006173,09-01-2025,Gaming Chair,Furniture,West,Offline,2,"? 16,392.00","? 32,784.00",Net Banking,C01436
T006174,12-11-2025,Camera,Electronics,East,Online,1,"? 38,274.00","? 38,274.00",Net Banking,C00934
T006175,30-11-2025,Monitor,Electronics,North,Offline,3,"? 32,587.00","? 97,761.00",Net Banking,C01628
T006176,29-11-2025,Gaming Chair,Furniture,West,Online,2,"? 29,555.00","? 59,110.00",Credit Card,C00277
T006177,23-11-2025,Webcam,Accessories,West,Online,4,"? 8,164.00","? 32,656.00",UPI,C02487
T006178,15-01-2025,Smartphone,Electronics,South,Online,2,"? 38,691.00","? 77,382.00",Cash,C01062
T006179,23-11-2025,Headphones,Accessories,East,Offline,2,"? 7,243.00","? 14,486.00",Cash,C01818
T006180,12-04-2025,Laptop,Electronics,South,Offline,1,"? 53,556.00","? 53,556.00",Cash,C01814
T006181,14-08-2025,Mouse,Accessories,South,Offline,5,"? 1,270.00","? 6,350.00",Credit Card,C00435
T006182,05-10-2025,Headphones,Accessories,North,Offline,5,"? 1,365.00","? 6,825.00",UPI,C01268
T006183,23-04-2025,Speaker,Accessories,West,Online,2,"? 9,551.00","? 19,102.00",Net Banking,C00840
T006184,01-01-2025,Gaming Chair,Furniture,West,Online,4,"? 23,893.00","? 95,572.00",Cash,C01197
T006185,23-09-2025,Monitor,Electronics,West,Offline,4,"? 23,866.00","? 95,464.00",Cash,C02299
T006186,27-07-2025,Printer,Electronics,North,Offline,1,"? 6,656.00","? 6,656.00",Net Banking,C00632
T006187,20-04-2025,Power Bank,Accessories,North,Online,2,? 960.00,"? 1,920.00",Cash,C01366
T006188,19-07-2025,Printer,Electronics,East,Online,2,"? 21,096.00","? 42,192.00",Net Banking,C01957
T006189,02-11-2025,Tablet,Electronics,South,Online,5,"? 25,447.00","? 1,27,235.00",Net Banking,C00014
T006190,12-01-2025,Smartwatch,Accessories,East,Online,1,"? 18,928.00","? 18,928.00",Cash,C02322
T006191,11-12-2025,Keyboard,Accessories,East,Offline,3,"? 4,554.00","? 13,662.00",UPI,C02401
T006192,07-07-2025,Keyboard,Accessories,North,Offline,4,"? 2,461.00","? 9,844.00",UPI,C01159
T006193,03-06-2025,Camera,Electronics,West,Online,4,"? 86,492.00","? 3,45,968.00",UPI,C01724
T006194,30-11-2025,Monitor,Electronics,North,Online,2,"? 33,027.00","? 66,054.00",Credit Card,C02490
T006195,06-10-2025,Keyboard,Accessories,North,Offline,1,? 781.00,? 781.00,UPI,C01403
T006196,20-06-2025,Keyboard,Accessories,North,Offline,3,"? 1,936.00","? 5,808.00",Credit Card,C00567
T006197,14-05-2025,Headphones,Accessories,East,Offline,4,"? 5,911.00","? 23,644.00",UPI,C00802
T006198,25-01-2025,Mouse,Accessories,West,Offline,1,"? 2,967.00","? 2,967.00",UPI,C00127
T006199,18-01-2025,Gaming Chair,Furniture,North,Offline,3,"? 24,830.00","? 74,490.00",Credit Card,C01795
T006200,09-07-2025,Gaming Chair,Furniture,East,Online,2,"? 26,549.00","? 53,098.00",UPI,C01019
T006201,21-05-2025,Monitor,Electronics,North,Offline,5,"? 26,003.00","? 1,30,015.00",Cash,C01960
T006202,12-02-2025,Tablet,Electronics,South,Online,4,"? 23,036.00","? 92,144.00",Cash,C01868
T006203,30-11-2025,Mouse,Accessories,West,Online,4,"? 1,573.00","? 6,292.00",Credit Card,C01559
T006204,11-10-2025,Tablet,Electronics,East,Online,3,"? 48,773.00","? 1,46,319.00",Cash,C01224
T006205,26-05-2025,Monitor,Electronics,South,Online,5,"? 21,844.00","? 1,09,220.00",Credit Card,C00695
T006206,11-11-2025,Laptop,Electronics,North,Online,1,"? 50,645.00","? 50,645.00",Credit Card,C00739
T006207,15-11-2025,Laptop,Electronics,South,Offline,2,"? 83,146.00","? 1,66,292.00",Credit Card,C00079
T006208,02-04-2025,Gaming Chair,Furniture,South,Online,1,"? 27,039.00","? 27,039.00",Credit Card,C01781
T006209,28-06-2025,Keyboard,Accessories,East,Offline,3,"? 4,284.00","? 12,852.00",Cash,C02188
T006210,25-02-2025,Camera,Electronics,West,Offline,4,"? 64,693.00","? 2,58,772.00",Cash,C01025
T006211,04-06-2025,Printer,Electronics,West,Online,4,"? 23,524.00","? 94,096.00",UPI,C00267
T006212,09-06-2025,Power Bank,Accessories,East,Online,1,"? 4,535.00","? 4,535.00",Cash,C00229
T006213,21-04-2025,Gaming Chair,Furniture,North,Online,2,"? 22,911.00","? 45,822.00",Net Banking,C01393
T006214,17-05-2025,Headphones,Accessories,South,Online,3,"? 11,205.00","? 33,615.00",Credit Card,C02498
T006215,20-08-2025,Keyboard,Accessories,West,Online,2,"? 1,361.00","? 2,722.00",UPI,C01123
T006216,08-08-2025,Power Bank,Accessories,West,Online,3,? 811.00,"? 2,433.00",Net Banking,C00597
T006217,09-03-2025,Smartwatch,Accessories,South,Online,2,"? 2,387.00","? 4,774.00",Credit Card,C01205
T006218,29-10-2025,Power Bank,Accessories,North,Online,1,"? 3,823.00","? 3,823.00",Cash,C00835
T006219,06-09-2025,Webcam,Accessories,South,Online,5,"? 6,235.00","? 31,175.00",UPI,C00729
T006220,19-11-2025,Laptop,Electronics,East,Offline,3,"? 74,675.00","? 2,24,025.00",Credit Card,C02204
T006221,06-01-2025,Keyboard,Accessories,East,Online,1,"? 4,776.00","? 4,776.00",Credit Card,C01922
T006222,07-10-2025,Printer,Electronics,North,Online,4,"? 28,855.00","? 1,15,420.00",UPI,C00840
T006223,04-04-2025,Webcam,Accessories,West,Online,4,"? 4,271.00","? 17,084.00",UPI,C00917
T006224,26-09-2025,Webcam,Accessories,West,Online,2,"? 5,669.00","? 11,338.00",Cash,C00655
T006225,16-07-2025,Power Bank,Accessories,North,Offline,4,"? 3,177.00","? 12,708.00",UPI,C01975
T006226,25-01-2025,Tablet,Electronics,North,Online,5,"? 14,019.00","? 70,095.00",UPI,C00392
T006227,28-05-2025,Speaker,Accessories,East,Online,3,"? 5,770.00","? 17,310.00",Cash,C01384
T006228,28-04-2025,Webcam,Accessories,East,Offline,2,"? 7,356.00","? 14,712.00",Cash,C00333
T006229,04-12-2025,Tablet,Electronics,North,Online,3,"? 38,334.00","? 1,15,002.00",UPI,C02240
T006230,04-12-2025,Gaming Chair,Furniture,West,Online,3,"? 23,927.00","? 71,781.00",Cash,C01370
T006231,07-03-2025,Smartphone,Electronics,South,Online,1,"? 60,483.00","? 60,483.00",UPI,C00295
T006232,28-10-2025,Router,Networking,South,Online,4,"? 1,534.00","? 6,136.00",Credit Card,C02183
T006233,24-06-2025,Headphones,Accessories,South,Online,3,"? 11,358.00","? 34,074.00",Credit Card,C02251
T006234,15-11-2025,Camera,Electronics,East,Offline,5,"? 68,028.00","? 3,40,140.00",Cash,C01739
T006235,17-03-2025,Tablet,Electronics,North,Online,5,"? 22,164.00","? 1,10,820.00",Net Banking,C02136
T006236,24-04-2025,Power Bank,Accessories,West,Online,4,"? 4,180.00","? 16,720.00",UPI,C02393
T006237,21-04-2025,Smartphone,Electronics,East,Offline,4,"? 69,628.00","? 2,78,512.00",UPI,C01720
T006238,06-09-2025,Laptop,Electronics,North,Offline,2,"? 73,927.00","? 1,47,854.00",UPI,C00250
T006239,22-07-2025,Tablet,Electronics,North,Offline,2,"? 25,163.00","? 50,326.00",Credit Card,C02367
T006240,27-05-2025,Camera,Electronics,South,Offline,2,"? 34,725.00","? 69,450.00",UPI,C02337
T006241,04-02-2025,Keyboard,Accessories,South,Online,4,? 875.00,"? 3,500.00",Cash,C00301
T006242,05-11-2025,Printer,Electronics,West,Online,3,"? 24,537.00","? 73,611.00",UPI,C01030
T006243,26-01-2025,Speaker,Accessories,West,Offline,1,"? 6,187.00","? 6,187.00",UPI,C00549
T006244,26-08-2025,Smartwatch,Accessories,South,Offline,2,"? 15,474.00","? 30,948.00",Credit Card,C02306
T006245,14-01-2025,Webcam,Accessories,South,Online,1,"? 3,086.00","? 3,086.00",UPI,C00618
T006246,14-02-2025,Tablet,Electronics,North,Online,5,"? 18,056.00","? 90,280.00",UPI,C00222
T006247,04-08-2025,Gaming Chair,Furniture,West,Offline,4,"? 21,590.00","? 86,360.00",Credit Card,C02361
T006248,21-08-2025,Smartwatch,Accessories,North,Online,5,"? 7,422.00","? 37,110.00",UPI,C00348
T006249,12-07-2025,Smartwatch,Accessories,West,Offline,2,"? 2,952.00","? 5,904.00",UPI,C00691
T006250,20-02-2025,Smartwatch,Accessories,West,Online,3,"? 7,365.00","? 22,095.00",UPI,C02139
T006251,02-08-2025,Power Bank,Accessories,East,Offline,2,"? 3,671.00","? 7,342.00",Credit Card,C01195
T006252,31-05-2025,Power Bank,Accessories,South,Online,1,"? 3,514.00","? 3,514.00",Cash,C00294
T006253,02-10-2025,Mouse,Accessories,East,Online,2,"? 1,862.00","? 3,724.00",Net Banking,C02240
T006254,04-12-2025,Smartwatch,Accessories,West,Online,3,"? 12,001.00","? 36,003.00",UPI,C00031
T006255,17-03-2025,Mouse,Accessories,North,Online,3,"? 1,572.00","? 4,716.00",UPI,C00606
T006256,08-08-2025,Printer,Electronics,West,Online,4,"? 18,343.00","? 73,372.00",Cash,C00782
T006257,14-12-2025,Smartwatch,Accessories,East,Offline,4,"? 13,951.00","? 55,804.00",Credit Card,C01528
T006258,06-07-2025,Smartphone,Electronics,South,Online,3,"? 29,691.00","? 89,073.00",Net Banking,C01122
T006259,16-10-2025,Smartwatch,Accessories,North,Online,3,"? 13,520.00","? 40,560.00",Credit Card,C00052
T006260,28-01-2025,Monitor,Electronics,West,Online,1,"? 27,354.00","? 27,354.00",Net Banking,C01987
T006261,29-06-2025,Power Bank,Accessories,West,Offline,2,"? 3,934.00","? 7,868.00",Credit Card,C00350
T006262,10-09-2025,Headphones,Accessories,South,Online,4,"? 2,959.00","? 11,836.00",Credit Card,C01001
T006263,06-05-2025,Smartphone,Electronics,West,Offline,1,"? 52,950.00","? 52,950.00",Cash,C00758
T006264,26-06-2025,Camera,Electronics,West,Offline,2,"? 20,805.00","? 41,610.00",Cash,C01042
T006265,06-02-2025,Tablet,Electronics,South,Offline,4,"? 45,868.00","? 1,83,472.00",UPI,C02278
T006266,09-04-2025,Printer,Electronics,East,Online,1,"? 7,575.00","? 7,575.00",Net Banking,C00714
T006267,08-04-2025,Printer,Electronics,East,Offline,5,"? 17,922.00","? 89,610.00",Cash,C00610
T006268,07-05-2025,Monitor,Electronics,East,Online,5,"? 16,791.00","? 83,955.00",Credit Card,C01505
T006269,17-06-2025,Monitor,Electronics,East,Offline,4,"? 10,615.00","? 42,460.00",UPI,C00863
T006270,21-03-2025,Monitor,Electronics,North,Online,1,"? 19,563.00","? 19,563.00",UPI,C01436
T006271,21-10-2025,Monitor,Electronics,North,Online,2,"? 23,040.00","? 46,080.00",Cash,C02436
T006272,29-11-2025,Monitor,Electronics,South,Online,2,"? 33,187.00","? 66,374.00",Credit Card,C00655
T006273,06-05-2025,Laptop,Electronics,South,Online,1,"? 80,860.00","? 80,860.00",Cash,C02050
T006274,09-12-2025,Keyboard,Accessories,South,Online,5,"? 2,649.00","? 13,245.00",UPI,C00151
T006275,06-11-2025,Power Bank,Accessories,North,Online,1,"? 1,360.00","? 1,360.00",Cash,C01979
T006276,30-05-2025,Printer,Electronics,West,Offline,5,"? 16,738.00","? 83,690.00",UPI,C01371
T006277,16-01-2025,Monitor,Electronics,North,Offline,5,"? 25,010.00","? 1,25,050.00",Credit Card,C01818
T006278,28-01-2025,Tablet,Electronics,East,Offline,2,"? 49,652.00","? 99,304.00",UPI,C00753
T006279,22-06-2025,Speaker,Accessories,East,Online,4,"? 4,311.00","? 17,244.00",Credit Card,C01677
T006280,15-02-2025,Laptop,Electronics,West,Online,3,"? 94,222.00","? 2,82,666.00",Cash,C01192
T006281,24-11-2025,Smartphone,Electronics,South,Online,1,"? 26,974.00","? 26,974.00",UPI,C00628
T006282,24-08-2025,Speaker,Accessories,North,Online,5,"? 10,366.00","? 51,830.00",UPI,C00900
T006283,02-08-2025,Webcam,Accessories,West,Offline,1,"? 1,548.00","? 1,548.00",Credit Card,C01891
T006284,26-03-2025,Smartphone,Electronics,West,Online,4,"? 65,538.00","? 2,62,152.00",Net Banking,C00111
T006285,09-10-2025,Mouse,Accessories,North,Offline,4,"? 2,302.00","? 9,208.00",UPI,C02228
T006286,20-08-2025,Power Bank,Accessories,West,Offline,3,"? 4,367.00","? 13,101.00",Credit Card,C00977
T006287,26-03-2025,Keyboard,Accessories,South,Offline,3,"? 2,794.00","? 8,382.00",UPI,C01435
T006288,06-03-2025,Speaker,Accessories,North,Offline,5,"? 5,342.00","? 26,710.00",UPI,C00181
T006289,14-05-2025,Smartphone,Electronics,North,Online,3,"? 35,695.00","? 1,07,085.00",UPI,C00367
T006290,31-05-2025,Monitor,Electronics,West,Online,5,"? 32,805.00","? 1,64,025.00",Net Banking,C01549
T006291,25-04-2025,Webcam,Accessories,South,Offline,2,"? 9,306.00","? 18,612.00",UPI,C02222
T006292,05-03-2025,Printer,Electronics,South,Online,5,"? 28,850.00","? 1,44,250.00",Cash,C02134
T006293,09-12-2025,Webcam,Accessories,East,Online,3,"? 9,497.00","? 28,491.00",UPI,C01707
T006294,29-12-2025,Mouse,Accessories,North,Online,1,"? 2,672.00","? 2,672.00",UPI,C01630
T006295,18-12-2025,Headphones,Accessories,East,Offline,3,"? 2,685.00","? 8,055.00",UPI,C01955
T006296,07-06-2025,Router,Networking,South,Online,4,"? 2,810.00","? 11,240.00",Cash,C00947
T006297,18-03-2025,Router,Networking,South,Offline,3,"? 5,641.00","? 16,923.00",Net Banking,C00431
T006298,26-05-2025,Laptop,Electronics,East,Online,2,"? 80,508.00","? 1,61,016.00",Cash,C01670
T006299,09-12-2025,Headphones,Accessories,North,Offline,5,"? 6,133.00","? 30,665.00",UPI,C00658
T006300,13-08-2025,Headphones,Accessories,East,Offline,4,"? 9,824.00","? 39,296.00",Cash,C01398
T006301,09-11-2025,Monitor,Electronics,South,Online,5,"? 24,267.00","? 1,21,335.00",UPI,C00264
T006302,13-04-2025,Headphones,Accessories,South,Online,5,"? 3,422.00","? 17,110.00",Cash,C00169
T006303,13-12-2025,Headphones,Accessories,West,Offline,3,"? 3,750.00","? 11,250.00",UPI,C00317
T006304,28-10-2025,Router,Networking,West,Offline,1,"? 6,582.00","? 6,582.00",Credit Card,C02452
T006305,29-03-2025,Smartphone,Electronics,East,Offline,4,"? 23,524.00","? 94,096.00",UPI,C00213
T006306,30-10-2025,Power Bank,Accessories,West,Online,2,"? 2,679.00","? 5,358.00",Cash,C01592
T006307,17-06-2025,Camera,Electronics,South,Online,2,"? 61,466.00","? 1,22,932.00",UPI,C00634
T006308,19-06-2025,Mouse,Accessories,North,Online,1,? 516.00,? 516.00,Cash,C01922
T006309,15-05-2025,Webcam,Accessories,North,Online,1,"? 2,442.00","? 2,442.00",Credit Card,C01385
T006310,19-02-2025,Headphones,Accessories,East,Offline,3,"? 9,827.00","? 29,481.00",Cash,C00672
T006311,06-12-2025,Speaker,Accessories,West,Online,2,"? 11,281.00","? 22,562.00",Net Banking,C02171
T006312,13-12-2025,Keyboard,Accessories,East,Offline,4,"? 2,162.00","? 8,648.00",UPI,C01046
T006313,14-05-2025,Tablet,Electronics,West,Online,1,"? 44,759.00","? 44,759.00",Cash,C00877
T006314,13-12-2025,Mouse,Accessories,North,Online,1,"? 1,268.00","? 1,268.00",Net Banking,C00394
T006315,17-05-2025,Keyboard,Accessories,West,Offline,1,"? 2,434.00","? 2,434.00",UPI,C01959
T006316,02-09-2025,Tablet,Electronics,West,Offline,4,"? 36,839.00","? 1,47,356.00",Cash,C02309
T006317,19-04-2025,Headphones,Accessories,East,Offline,2,"? 1,112.00","? 2,224.00",UPI,C01769
T006318,09-11-2025,Camera,Electronics,North,Offline,4,"? 87,799.00","? 3,51,196.00",Cash,C00233
T006319,14-10-2025,Gaming Chair,Furniture,West,Offline,4,"? 13,254.00","? 53,016.00",Credit Card,C00288
T006320,21-01-2025,Smartwatch,Accessories,North,Offline,3,"? 4,811.00","? 14,433.00",UPI,C02424
T006321,31-03-2025,Printer,Electronics,West,Offline,1,"? 18,571.00","? 18,571.00",Credit Card,C01810
T006322,23-10-2025,Gaming Chair,Furniture,North,Offline,2,"? 25,217.00","? 50,434.00",Cash,C00714
T006323,22-04-2025,Keyboard,Accessories,West,Online,3,? 929.00,"? 2,787.00",UPI,C00832
T006324,28-10-2025,Router,Networking,South,Offline,3,"? 7,515.00","? 22,545.00",Net Banking,C00087
T006325,18-03-2025,Headphones,Accessories,North,Online,5,"? 5,254.00","? 26,270.00",Credit Card,C01909
T006326,26-06-2025,Speaker,Accessories,South,Online,1,"? 10,515.00","? 10,515.00",Cash,C02218
T006327,09-12-2025,Speaker,Accessories,South,Online,2,"? 4,018.00","? 8,036.00",UPI,C01253
T006328,28-05-2025,Mouse,Accessories,South,Offline,2,? 607.00,"? 1,214.00",UPI,C01235
T006329,11-04-2025,Smartphone,Electronics,West,Online,2,"? 43,845.00","? 87,690.00",Net Banking,C00493
T006330,03-09-2025,Headphones,Accessories,North,Offline,1,"? 11,015.00","? 11,015.00",Credit Card,C01937
T006331,27-04-2025,Smartwatch,Accessories,West,Online,2,"? 11,296.00","? 22,592.00",UPI,C01982
T006332,02-04-2025,Headphones,Accessories,West,Online,4,"? 2,041.00","? 8,164.00",Credit Card,C01564
T006333,28-01-2025,Headphones,Accessories,North,Online,4,"? 6,112.00","? 24,448.00",UPI,C00022
T006334,25-01-2025,Speaker,Accessories,East,Online,1,"? 2,207.00","? 2,207.00",Credit Card,C00032
T006335,27-02-2025,Router,Networking,West,Offline,2,"? 2,883.00","? 5,766.00",Net Banking,C00345
T006336,24-10-2025,Printer,Electronics,South,Offline,5,"? 23,686.00","? 1,18,430.00",Credit Card,C01904
T006337,14-05-2025,Gaming Chair,Furniture,West,Online,5,"? 15,118.00","? 75,590.00",UPI,C01161
T006338,27-11-2025,Speaker,Accessories,East,Online,5,"? 12,713.00","? 63,565.00",Credit Card,C00484
T006339,06-09-2025,Router,Networking,South,Online,4,"? 2,176.00","? 8,704.00",UPI,C01829
T006340,07-02-2025,Smartphone,Electronics,West,Offline,5,"? 66,716.00","? 3,33,580.00",UPI,C01885
T006341,16-03-2025,Keyboard,Accessories,North,Online,2,"? 4,022.00","? 8,044.00",Credit Card,C01615
T006342,22-05-2025,Gaming Chair,Furniture,South,Online,2,"? 17,755.00","? 35,510.00",Credit Card,C00316
T006343,18-11-2025,Monitor,Electronics,East,Online,5,"? 9,260.00","? 46,300.00",Credit Card,C00767
T006344,17-06-2025,Monitor,Electronics,West,Offline,3,"? 27,587.00","? 82,761.00",Credit Card,C00925
T006345,16-09-2025,Speaker,Accessories,North,Online,5,"? 12,045.00","? 60,225.00",Credit Card,C01877
T006346,21-12-2025,Mouse,Accessories,South,Online,3,? 757.00,"? 2,271.00",Cash,C01087
T006347,13-08-2025,Camera,Electronics,South,Offline,1,"? 41,788.00","? 41,788.00",UPI,C02330
T006348,01-06-2025,Speaker,Accessories,North,Offline,1,"? 6,912.00","? 6,912.00",UPI,C00035
T006349,19-01-2025,Headphones,Accessories,East,Offline,2,"? 4,234.00","? 8,468.00",Credit Card,C01614
T006350,26-05-2025,Mouse,Accessories,South,Online,4,? 818.00,"? 3,272.00",Credit Card,C00375
T006351,29-08-2025,Router,Networking,East,Online,2,"? 7,087.00","? 14,174.00",UPI,C01287
T006352,10-12-2025,Camera,Electronics,East,Offline,2,"? 21,593.00","? 43,186.00",Cash,C01987
T006353,25-08-2025,Keyboard,Accessories,North,Online,4,"? 2,085.00","? 8,340.00",Credit Card,C02101
T006354,04-02-2025,Speaker,Accessories,South,Online,2,"? 14,099.00","? 28,198.00",Cash,C00809
T006355,09-07-2025,Keyboard,Accessories,West,Online,4,"? 3,451.00","? 13,804.00",Credit Card,C00516
T006356,01-01-2025,Smartphone,Electronics,North,Offline,2,"? 48,012.00","? 96,024.00",Credit Card,C00514
T006357,02-06-2025,Monitor,Electronics,North,Offline,1,"? 12,572.00","? 12,572.00",UPI,C02339
T006358,06-05-2025,Monitor,Electronics,East,Offline,3,"? 24,998.00","? 74,994.00",Credit Card,C00929
T006359,11-12-2025,Gaming Chair,Furniture,West,Online,2,"? 24,250.00","? 48,500.00",Net Banking,C00485
T006360,14-08-2025,Speaker,Accessories,North,Online,3,"? 1,749.00","? 5,247.00",Net Banking,C01897
T006361,09-08-2025,Mouse,Accessories,East,Online,5,"? 2,924.00","? 14,620.00",UPI,C01139
T006362,30-07-2025,Speaker,Accessories,South,Online,2,"? 11,287.00","? 22,574.00",Cash,C00124
T006363,25-01-2025,Printer,Electronics,East,Offline,1,"? 11,869.00","? 11,869.00",Credit Card,C01903
T006364,16-01-2025,Monitor,Electronics,West,Online,4,"? 34,505.00","? 1,38,020.00",Cash,C01627
T006365,01-07-2025,Gaming Chair,Furniture,West,Online,1,"? 13,971.00","? 13,971.00",Cash,C01585
T006366,25-11-2025,Printer,Electronics,East,Offline,3,"? 22,894.00","? 68,682.00",Net Banking,C00273
T006367,09-05-2025,Webcam,Accessories,South,Online,4,"? 7,468.00","? 29,872.00",Credit Card,C00665
T006368,11-02-2025,Printer,Electronics,West,Offline,1,"? 27,253.00","? 27,253.00",UPI,C01406
T006369,02-12-2025,Keyboard,Accessories,West,Offline,1,"? 2,065.00","? 2,065.00",UPI,C02039
T006370,24-08-2025,Smartphone,Electronics,South,Offline,1,"? 22,647.00","? 22,647.00",UPI,C01245
T006371,26-12-2025,Power Bank,Accessories,North,Offline,4,"? 1,723.00","? 6,892.00",Cash,C01797
T006372,03-02-2025,Mouse,Accessories,West,Offline,1,? 473.00,? 473.00,UPI,C00199
T006373,11-12-2025,Tablet,Electronics,East,Online,1,"? 19,000.00","? 19,000.00",Net Banking,C02131
T006374,14-02-2025,Router,Networking,South,Online,3,"? 4,378.00","? 13,134.00",Credit Card,C01527
T006375,14-05-2025,Mouse,Accessories,West,Offline,1,"? 1,445.00","? 1,445.00",Credit Card,C01331
T006376,21-01-2025,Printer,Electronics,North,Online,1,"? 8,126.00","? 8,126.00",Cash,C00378
T006377,02-05-2025,Camera,Electronics,West,Offline,5,"? 35,473.00","? 1,77,365.00",Cash,C01662
T006378,11-03-2025,Gaming Chair,Furniture,North,Online,4,"? 24,161.00","? 96,644.00",Credit Card,C00983
T006379,18-12-2025,Camera,Electronics,West,Online,5,"? 40,063.00","? 2,00,315.00",Credit Card,C00347
T006380,27-12-2025,Smartphone,Electronics,West,Online,3,"? 27,908.00","? 83,724.00",Credit Card,C02079
T006381,17-02-2025,Gaming Chair,Furniture,East,Online,5,"? 19,850.00","? 99,250.00",UPI,C01384
T006382,08-02-2025,Router,Networking,South,Offline,2,"? 2,484.00","? 4,968.00",Cash,C01345
T006383,14-10-2025,Keyboard,Accessories,South,Offline,4,"? 1,998.00","? 7,992.00",UPI,C02324
T006384,10-01-2025,Router,Networking,East,Online,1,"? 5,244.00","? 5,244.00",Cash,C00745
T006385,30-01-2025,Keyboard,Accessories,South,Offline,5,"? 3,980.00","? 19,900.00",UPI,C02466
T006386,01-09-2025,Printer,Electronics,South,Online,5,"? 26,339.00","? 1,31,695.00",Cash,C00833
T006387,01-10-2025,Router,Networking,South,Offline,1,"? 4,153.00","? 4,153.00",UPI,C01824
T006388,29-03-2025,Printer,Electronics,West,Offline,1,"? 11,713.00","? 11,713.00",Cash,C01174
T006389,01-09-2025,Webcam,Accessories,West,Online,3,"? 5,187.00","? 15,561.00",Credit Card,C00733
T006390,25-11-2025,Router,Networking,North,Online,5,"? 7,391.00","? 36,955.00",Net Banking,C00429
T006391,15-01-2025,Smartwatch,Accessories,North,Offline,5,"? 17,519.00","? 87,595.00",UPI,C02299
T006392,04-01-2025,Gaming Chair,Furniture,South,Offline,2,"? 19,138.00","? 38,276.00",Cash,C02059
T006393,10-07-2025,Smartwatch,Accessories,South,Offline,2,"? 4,085.00","? 8,170.00",Net Banking,C02465
T006394,17-06-2025,Printer,Electronics,South,Offline,5,"? 12,533.00","? 62,665.00",Cash,C00577
T006395,09-01-2025,Monitor,Electronics,East,Offline,2,"? 24,183.00","? 48,366.00",Cash,C00550
T006396,19-04-2025,Mouse,Accessories,West,Offline,5,? 776.00,"? 3,880.00",UPI,C00767
T006397,17-05-2025,Monitor,Electronics,South,Offline,4,"? 14,992.00","? 59,968.00",Cash,C00457
T006398,03-06-2025,Keyboard,Accessories,South,Online,3,"? 3,494.00","? 10,482.00",Cash,C01293
T006399,28-07-2025,Tablet,Electronics,West,Online,2,"? 11,065.00","? 22,130.00",Cash,C00944
T006400,29-09-2025,Mouse,Accessories,North,Offline,5,"? 2,407.00","? 12,035.00",Cash,C02292
T006401,23-05-2025,Monitor,Electronics,South,Online,2,"? 22,793.00","? 45,586.00",Credit Card,C00280
T006402,09-04-2025,Webcam,Accessories,South,Online,3,"? 2,551.00","? 7,653.00",Credit Card,C00804
T006403,04-11-2025,Monitor,Electronics,South,Offline,4,"? 16,820.00","? 67,280.00",Net Banking,C01133
T006404,10-03-2025,Laptop,Electronics,South,Online,1,"? 68,757.00","? 68,757.00",Cash,C02497
T006405,04-09-2025,Mouse,Accessories,West,Offline,1,"? 1,932.00","? 1,932.00",Credit Card,C00099
T006406,18-09-2025,Tablet,Electronics,West,Offline,2,"? 33,146.00","? 66,292.00",UPI,C01579
T006407,03-10-2025,Smartphone,Electronics,West,Online,5,"? 23,058.00","? 1,15,290.00",Credit Card,C00852
T006408,20-03-2025,Gaming Chair,Furniture,North,Online,3,"? 22,118.00","? 66,354.00",Credit Card,C01128
T006409,26-05-2025,Smartphone,Electronics,South,Offline,4,"? 51,742.00","? 2,06,968.00",Net Banking,C00627
T006410,21-04-2025,Gaming Chair,Furniture,North,Online,4,"? 14,659.00","? 58,636.00",Net Banking,C00046
T006411,15-09-2025,Webcam,Accessories,North,Online,4,"? 9,328.00","? 37,312.00",Credit Card,C00574
T006412,03-04-2025,Gaming Chair,Furniture,West,Offline,1,"? 12,841.00","? 12,841.00",Net Banking,C00626
T006413,13-01-2025,Monitor,Electronics,South,Offline,3,"? 33,853.00","? 1,01,559.00",Net Banking,C01222
T006414,17-09-2025,Printer,Electronics,South,Online,1,"? 24,335.00","? 24,335.00",UPI,C02153
T006415,19-04-2025,Tablet,Electronics,North,Offline,2,"? 30,305.00","? 60,610.00",Cash,C00029
T006416,26-11-2025,Gaming Chair,Furniture,East,Offline,4,"? 11,424.00","? 45,696.00",Credit Card,C00169
T006417,08-07-2025,Tablet,Electronics,East,Online,3,"? 24,538.00","? 73,614.00",Credit Card,C01551
T006418,05-04-2025,Keyboard,Accessories,South,Offline,4,"? 2,025.00","? 8,100.00",UPI,C00634
T006419,15-04-2025,Speaker,Accessories,South,Online,1,"? 2,671.00","? 2,671.00",UPI,C00869
T006420,08-01-2025,Camera,Electronics,North,Online,1,"? 23,769.00","? 23,769.00",UPI,C00888
T006421,08-03-2025,Laptop,Electronics,North,Offline,1,"? 81,586.00","? 81,586.00",Credit Card,C02491
T006422,10-07-2025,Keyboard,Accessories,West,Offline,4,"? 2,571.00","? 10,284.00",Credit Card,C01361
T006423,13-09-2025,Power Bank,Accessories,North,Online,3,"? 4,431.00","? 13,293.00",Cash,C00796
T006424,09-01-2025,Tablet,Electronics,North,Offline,3,"? 45,078.00","? 1,35,234.00",UPI,C02447
T006425,27-04-2025,Speaker,Accessories,East,Online,2,"? 3,843.00","? 7,686.00",Credit Card,C02234
T006426,24-09-2025,Headphones,Accessories,East,Online,4,"? 4,386.00","? 17,544.00",UPI,C02346
T006427,09-04-2025,Printer,Electronics,East,Online,2,"? 25,451.00","? 50,902.00",UPI,C01479
T006428,25-10-2025,Tablet,Electronics,East,Online,2,"? 45,107.00","? 90,214.00",Credit Card,C02014
T006429,13-06-2025,Laptop,Electronics,North,Online,2,"? 50,683.00","? 1,01,366.00",Credit Card,C00658
T006430,21-05-2025,Tablet,Electronics,South,Offline,2,"? 35,451.00","? 70,902.00",Credit Card,C00245
T006431,25-09-2025,Mouse,Accessories,East,Online,1,"? 1,454.00","? 1,454.00",Net Banking,C01018
T006432,06-02-2025,Router,Networking,West,Online,2,"? 5,253.00","? 10,506.00",Cash,C00136
T006433,15-03-2025,Mouse,Accessories,West,Offline,3,"? 2,362.00","? 7,086.00",Cash,C01748
T006434,14-03-2025,Speaker,Accessories,North,Online,2,"? 4,102.00","? 8,204.00",UPI,C01161
T006435,04-11-2025,Smartwatch,Accessories,West,Offline,1,"? 2,348.00","? 2,348.00",Cash,C00205
T006436,18-07-2025,Gaming Chair,Furniture,East,Online,5,"? 24,362.00","? 1,21,810.00",Credit Card,C00884
T006437,10-05-2025,Laptop,Electronics,South,Online,5,"? 83,790.00","? 4,18,950.00",UPI,C01884
T006438,03-09-2025,Speaker,Accessories,South,Offline,5,"? 10,141.00","? 50,705.00",UPI,C00556
T006439,08-11-2025,Monitor,Electronics,East,Online,4,"? 8,503.00","? 34,012.00",Credit Card,C02108
T006440,01-03-2025,Camera,Electronics,West,Online,3,"? 61,045.00","? 1,83,135.00",Credit Card,C02297
T006441,06-10-2025,Monitor,Electronics,North,Online,1,"? 19,514.00","? 19,514.00",UPI,C01439
T006442,13-04-2025,Camera,Electronics,South,Online,5,"? 33,576.00","? 1,67,880.00",UPI,C00885
T006443,23-10-2025,Power Bank,Accessories,East,Offline,1,"? 1,322.00","? 1,322.00",Credit Card,C00983
T006444,16-11-2025,Camera,Electronics,East,Online,1,"? 80,495.00","? 80,495.00",UPI,C02445
T006445,07-12-2025,Router,Networking,West,Offline,4,"? 5,192.00","? 20,768.00",Net Banking,C02093
T006446,31-05-2025,Camera,Electronics,North,Offline,5,"? 71,660.00","? 3,58,300.00",Credit Card,C02050
T006447,06-06-2025,Smartphone,Electronics,North,Online,2,"? 40,205.00","? 80,410.00",Cash,C01186
T006448,25-07-2025,Camera,Electronics,West,Offline,1,"? 83,739.00","? 83,739.00",UPI,C01221
T006449,28-06-2025,Tablet,Electronics,East,Offline,5,"? 42,785.00","? 2,13,925.00",Credit Card,C00706
T006450,16-07-2025,Headphones,Accessories,West,Offline,1,"? 8,423.00","? 8,423.00",UPI,C02274
T006451,11-08-2025,Laptop,Electronics,West,Online,4,"? 51,268.00","? 2,05,072.00",Net Banking,C01026
T006452,30-03-2025,Headphones,Accessories,West,Online,4,"? 2,176.00","? 8,704.00",UPI,C01992
T006453,14-10-2025,Smartwatch,Accessories,East,Online,2,"? 14,745.00","? 29,490.00",Credit Card,C01317
T006454,03-10-2025,Tablet,Electronics,South,Online,4,"? 21,961.00","? 87,844.00",UPI,C00119
T006455,24-08-2025,Gaming Chair,Furniture,East,Online,5,"? 11,613.00","? 58,065.00",Cash,C00598
T006456,02-07-2025,Speaker,Accessories,South,Offline,4,"? 1,614.00","? 6,456.00",Credit Card,C01855
T006457,28-07-2025,Webcam,Accessories,South,Online,2,"? 8,090.00","? 16,180.00",Credit Card,C00008
T006458,10-05-2025,Camera,Electronics,West,Offline,3,"? 26,768.00","? 80,304.00",Net Banking,C01909
T006459,02-06-2025,Smartphone,Electronics,North,Online,1,"? 33,972.00","? 33,972.00",Cash,C02283
T006460,13-01-2025,Router,Networking,West,Offline,1,"? 1,821.00","? 1,821.00",Net Banking,C00427
T006461,02-05-2025,Keyboard,Accessories,East,Offline,5,"? 4,527.00","? 22,635.00",Credit Card,C01640
T006462,25-12-2025,Monitor,Electronics,North,Online,2,"? 25,217.00","? 50,434.00",UPI,C02327
T006463,08-08-2025,Mouse,Accessories,North,Offline,2,? 511.00,"? 1,022.00",Credit Card,C01786
T006464,16-04-2025,Speaker,Accessories,East,Online,2,"? 9,903.00","? 19,806.00",Credit Card,C00640
T006465,11-03-2025,Gaming Chair,Furniture,East,Offline,1,"? 17,448.00","? 17,448.00",Net Banking,C02408
T006466,14-07-2025,Laptop,Electronics,West,Offline,4,"? 79,619.00","? 3,18,476.00",Credit Card,C01204
T006467,05-07-2025,Headphones,Accessories,East,Online,1,"? 1,158.00","? 1,158.00",Cash,C00605
T006468,09-04-2025,Tablet,Electronics,South,Offline,1,"? 12,619.00","? 12,619.00",Net Banking,C02260
T006469,23-03-2025,Keyboard,Accessories,South,Online,1,"? 2,047.00","? 2,047.00",UPI,C02266
T006470,16-03-2025,Printer,Electronics,North,Online,4,"? 9,164.00","? 36,656.00",Cash,C00146
T006471,06-12-2025,Printer,Electronics,West,Online,3,"? 19,559.00","? 58,677.00",UPI,C01677
T006472,11-07-2025,Mouse,Accessories,West,Online,5,"? 1,310.00","? 6,550.00",UPI,C01057
T006473,21-11-2025,Webcam,Accessories,North,Offline,3,"? 8,666.00","? 25,998.00",Credit Card,C02459
T006474,02-08-2025,Power Bank,Accessories,East,Online,3,"? 3,251.00","? 9,753.00",Credit Card,C01458
T006475,11-11-2025,Printer,Electronics,West,Offline,1,"? 17,995.00","? 17,995.00",Cash,C01395
T006476,14-11-2025,Monitor,Electronics,North,Online,3,"? 8,403.00","? 25,209.00",Cash,C01608
T006477,24-05-2025,Smartwatch,Accessories,North,Offline,1,"? 12,033.00","? 12,033.00",Credit Card,C01724
T006478,04-08-2025,Printer,Electronics,South,Online,1,"? 24,074.00","? 24,074.00",Credit Card,C01074
T006479,27-12-2025,Gaming Chair,Furniture,North,Online,5,"? 11,485.00","? 57,425.00",Cash,C02370
T006480,20-11-2025,Mouse,Accessories,East,Offline,2,"? 1,863.00","? 3,726.00",Cash,C01523
T006481,15-01-2025,Smartwatch,Accessories,East,Offline,1,"? 11,448.00","? 11,448.00",Cash,C00536
T006482,05-08-2025,Webcam,Accessories,East,Offline,3,"? 5,788.00","? 17,364.00",Credit Card,C02117
T006483,04-02-2025,Monitor,Electronics,East,Online,5,"? 21,410.00","? 1,07,050.00",UPI,C00761
T006484,02-07-2025,Webcam,Accessories,North,Online,3,"? 9,616.00","? 28,848.00",Net Banking,C01123
T006485,27-09-2025,Mouse,Accessories,West,Online,2,"? 2,139.00","? 4,278.00",Credit Card,C00208
T006486,24-12-2025,Printer,Electronics,North,Online,4,"? 22,906.00","? 91,624.00",Credit Card,C00815
T006487,10-04-2025,Camera,Electronics,West,Online,2,"? 54,712.00","? 1,09,424.00",UPI,C00898
T006488,07-01-2025,Laptop,Electronics,West,Online,5,"? 69,955.00","? 3,49,775.00",Net Banking,C01998
T006489,30-01-2025,Webcam,Accessories,West,Online,2,"? 3,060.00","? 6,120.00",Credit Card,C01396
T006490,01-11-2025,Router,Networking,South,Offline,2,"? 6,247.00","? 12,494.00",Credit Card,C00026
T006491,24-05-2025,Printer,Electronics,East,Offline,5,"? 13,154.00","? 65,770.00",Credit Card,C00507
T006492,21-04-2025,Webcam,Accessories,South,Online,5,"? 2,092.00","? 10,460.00",UPI,C02196
T006493,20-08-2025,Mouse,Accessories,North,Offline,3,"? 2,891.00","? 8,673.00",Net Banking,C00861
T006494,28-06-2025,Laptop,Electronics,South,Online,1,"? 62,085.00","? 62,085.00",UPI,C00378
T006495,13-03-2025,Laptop,Electronics,West,Online,4,"? 77,244.00","? 3,08,976.00",UPI,C00065
T006496,29-07-2025,Smartwatch,Accessories,North,Offline,4,"? 7,327.00","? 29,308.00",UPI,C00597
T006497,08-08-2025,Monitor,Electronics,East,Offline,4,"? 25,139.00","? 1,00,556.00",Credit Card,C02020
T006498,21-03-2025,Printer,Electronics,West,Offline,2,"? 6,496.00","? 12,992.00",UPI,C02327
T006499,24-03-2025,Power Bank,Accessories,East,Online,5,"? 3,221.00","? 16,105.00",Cash,C00366
T006500,11-02-2025,Keyboard,Accessories,South,Offline,5,"? 2,298.00","? 11,490.00",Credit Card,C01812
T006501,30-09-2025,Power Bank,Accessories,East,Online,5,"? 4,927.00","? 24,635.00",Credit Card,C01882
T006502,10-07-2025,Router,Networking,North,Offline,1,"? 5,878.00","? 5,878.00",UPI,C00499
T006503,22-06-2025,Camera,Electronics,West,Online,5,"? 58,319.00","? 2,91,595.00",UPI,C00169
T006504,07-01-2025,Power Bank,Accessories,East,Online,5,"? 4,390.00","? 21,950.00",UPI,C02468
T006505,04-06-2025,Monitor,Electronics,South,Online,2,"? 20,973.00","? 41,946.00",Credit Card,C01924
T006506,10-01-2025,Webcam,Accessories,North,Online,3,"? 1,961.00","? 5,883.00",Credit Card,C00876
T006507,03-02-2025,Keyboard,Accessories,West,Online,4,"? 1,067.00","? 4,268.00",Credit Card,C00040
T006508,05-02-2025,Speaker,Accessories,South,Offline,2,"? 12,397.00","? 24,794.00",Credit Card,C02411
T006509,06-01-2025,Keyboard,Accessories,West,Online,2,"? 4,023.00","? 8,046.00",Cash,C02132
T006510,03-08-2025,Headphones,Accessories,East,Offline,2,"? 1,165.00","? 2,330.00",Credit Card,C02392
T006511,14-05-2025,Speaker,Accessories,South,Offline,4,"? 13,378.00","? 53,512.00",UPI,C00509
T006512,12-10-2025,Smartwatch,Accessories,South,Offline,2,"? 3,728.00","? 7,456.00",UPI,C02386
T006513,06-05-2025,Gaming Chair,Furniture,East,Online,3,"? 12,697.00","? 38,091.00",Cash,C01022
T006514,03-12-2025,Smartphone,Electronics,South,Offline,5,"? 30,730.00","? 1,53,650.00",UPI,C00874
T006515,23-06-2025,Tablet,Electronics,South,Online,3,"? 38,245.00","? 1,14,735.00",Credit Card,C02030
T006516,01-06-2025,Tablet,Electronics,South,Online,5,"? 41,313.00","? 2,06,565.00",Cash,C01728
T006517,27-11-2025,Gaming Chair,Furniture,East,Offline,5,"? 26,557.00","? 1,32,785.00",Net Banking,C01821
T006518,26-01-2025,Power Bank,Accessories,East,Online,2,? 837.00,"? 1,674.00",UPI,C00182
T006519,25-04-2025,Speaker,Accessories,West,Offline,2,"? 5,943.00","? 11,886.00",Credit Card,C00007
T006520,11-10-2025,Smartwatch,Accessories,East,Online,4,"? 9,486.00","? 37,944.00",UPI,C00665
T006521,16-03-2025,Gaming Chair,Furniture,South,Online,1,"? 10,021.00","? 10,021.00",UPI,C00408
T006522,15-06-2025,Smartwatch,Accessories,East,Online,3,"? 8,880.00","? 26,640.00",Cash,C01323
T006523,08-07-2025,Keyboard,Accessories,South,Offline,4,"? 1,433.00","? 5,732.00",UPI,C02310
T006524,19-03-2025,Smartwatch,Accessories,South,Offline,4,"? 6,521.00","? 26,084.00",Credit Card,C01423
T006525,31-03-2025,Power Bank,Accessories,South,Online,3,"? 1,447.00","? 4,341.00",UPI,C01615
T006526,25-06-2025,Keyboard,Accessories,East,Online,3,"? 4,002.00","? 12,006.00",UPI,C01576
T006527,21-01-2025,Monitor,Electronics,South,Online,5,"? 16,511.00","? 82,555.00",Net Banking,C02325
T006528,23-02-2025,Webcam,Accessories,West,Offline,1,"? 6,107.00","? 6,107.00",Credit Card,C00826
T006529,03-07-2025,Smartphone,Electronics,North,Offline,2,"? 54,136.00","? 1,08,272.00",Cash,C01645
T006530,25-12-2025,Headphones,Accessories,North,Offline,1,"? 11,745.00","? 11,745.00",Net Banking,C00096
T006531,10-08-2025,Router,Networking,West,Offline,1,"? 4,678.00","? 4,678.00",Credit Card,C02441
T006532,11-11-2025,Keyboard,Accessories,North,Offline,2,"? 2,422.00","? 4,844.00",UPI,C02033
T006533,24-11-2025,Power Bank,Accessories,West,Online,1,"? 2,556.00","? 2,556.00",Credit Card,C00399
T006534,28-06-2025,Smartwatch,Accessories,East,Online,4,"? 13,870.00","? 55,480.00",Credit Card,C01262
T006535,03-10-2025,Laptop,Electronics,North,Offline,4,"? 78,354.00","? 3,13,416.00",Cash,C01928
T006536,22-04-2025,Printer,Electronics,West,Online,2,"? 11,873.00","? 23,746.00",UPI,C00729
T006537,12-08-2025,Tablet,Electronics,West,Offline,2,"? 41,461.00","? 82,922.00",Credit Card,C00995
T006538,02-08-2025,Smartphone,Electronics,South,Online,3,"? 22,498.00","? 67,494.00",Cash,C01657
T006539,28-02-2025,Printer,Electronics,East,Online,3,"? 29,556.00","? 88,668.00",Credit Card,C00808
T006540,23-11-2025,Mouse,Accessories,West,Online,1,"? 2,915.00","? 2,915.00",Credit Card,C01374
T006541,19-04-2025,Smartwatch,Accessories,North,Offline,1,"? 7,635.00","? 7,635.00",Cash,C01375
T006542,06-06-2025,Power Bank,Accessories,South,Offline,2,"? 4,647.00","? 9,294.00",Cash,C00767
T006543,10-07-2025,Keyboard,Accessories,South,Online,1,"? 1,637.00","? 1,637.00",Credit Card,C01035
T006544,19-07-2025,Power Bank,Accessories,South,Offline,5,"? 1,564.00","? 7,820.00",Cash,C01088
T006545,08-11-2025,Speaker,Accessories,East,Online,4,"? 7,806.00","? 31,224.00",UPI,C01146
T006546,15-07-2025,Headphones,Accessories,West,Online,1,"? 1,652.00","? 1,652.00",Credit Card,C02235
T006547,04-02-2025,Laptop,Electronics,East,Online,1,"? 95,040.00","? 95,040.00",Cash,C02440
T006548,03-09-2025,Headphones,Accessories,West,Offline,3,"? 8,044.00","? 24,132.00",Credit Card,C02248
T006549,25-08-2025,Printer,Electronics,South,Online,5,"? 21,143.00","? 1,05,715.00",Cash,C02103
T006550,14-04-2025,Laptop,Electronics,North,Offline,1,"? 94,562.00","? 94,562.00",UPI,C00382
T006551,07-01-2025,Camera,Electronics,North,Online,4,"? 30,321.00","? 1,21,284.00",Net Banking,C00295
T006552,10-10-2025,Tablet,Electronics,East,Online,1,"? 39,152.00","? 39,152.00",Credit Card,C01971
T006553,01-01-2025,Webcam,Accessories,South,Online,2,"? 5,464.00","? 10,928.00",UPI,C00055
T006554,07-08-2025,Webcam,Accessories,West,Offline,5,"? 6,111.00","? 30,555.00",UPI,C01868
T006555,18-08-2025,Smartwatch,Accessories,East,Offline,1,"? 2,145.00","? 2,145.00",UPI,C00643
T006556,21-06-2025,Mouse,Accessories,South,Online,5,"? 1,405.00","? 7,025.00",Net Banking,C01451
T006557,28-03-2025,Printer,Electronics,East,Online,1,"? 10,247.00","? 10,247.00",Cash,C00080
T006558,10-02-2025,Keyboard,Accessories,North,Online,4,"? 2,086.00","? 8,344.00",Net Banking,C00640
T006559,03-05-2025,Tablet,Electronics,South,Online,4,"? 14,188.00","? 56,752.00",Net Banking,C01513
T006560,27-11-2025,Router,Networking,East,Online,5,"? 7,445.00","? 37,225.00",Cash,C01275
T006561,25-10-2025,Mouse,Accessories,West,Online,3,"? 2,987.00","? 8,961.00",Cash,C02344
T006562,27-06-2025,Webcam,Accessories,North,Offline,3,"? 4,196.00","? 12,588.00",UPI,C00739
T006563,04-03-2025,Gaming Chair,Furniture,West,Online,2,"? 16,240.00","? 32,480.00",Cash,C00173
T006564,14-06-2025,Headphones,Accessories,East,Offline,3,"? 4,329.00","? 12,987.00",UPI,C00899
T006565,06-07-2025,Tablet,Electronics,South,Offline,5,"? 40,875.00","? 2,04,375.00",Cash,C00536
T006566,28-07-2025,Gaming Chair,Furniture,North,Online,3,"? 12,641.00","? 37,923.00",Credit Card,C01513
T006567,15-08-2025,Mouse,Accessories,West,Offline,2,"? 1,863.00","? 3,726.00",Net Banking,C01821
T006568,17-02-2025,Speaker,Accessories,West,Online,1,"? 2,760.00","? 2,760.00",Net Banking,C02487
T006569,12-08-2025,Speaker,Accessories,South,Offline,3,"? 2,149.00","? 6,447.00",Credit Card,C01313
T006570,03-01-2025,Mouse,Accessories,East,Online,5,"? 2,423.00","? 12,115.00",UPI,C02022
T006571,24-06-2025,Headphones,Accessories,West,Online,5,"? 10,272.00","? 51,360.00",Cash,C01104
T006572,09-04-2025,Power Bank,Accessories,East,Online,2,"? 2,874.00","? 5,748.00",UPI,C00097
T006573,26-04-2025,Mouse,Accessories,East,Online,2,"? 2,341.00","? 4,682.00",Cash,C00714
T006574,27-09-2025,Speaker,Accessories,East,Online,4,"? 14,930.00","? 59,720.00",UPI,C00030
T006575,10-09-2025,Gaming Chair,Furniture,South,Online,4,"? 20,434.00","? 81,736.00",Cash,C00994
T006576,13-11-2025,Smartphone,Electronics,East,Online,4,"? 60,923.00","? 2,43,692.00",Net Banking,C01597
T006577,05-04-2025,Laptop,Electronics,North,Offline,1,"? 85,080.00","? 85,080.00",UPI,C01468
T006578,30-09-2025,Power Bank,Accessories,South,Online,5,"? 4,274.00","? 21,370.00",Cash,C01699
T006579,24-01-2025,Webcam,Accessories,West,Online,4,"? 4,760.00","? 19,040.00",UPI,C01287
T006580,26-04-2025,Smartphone,Electronics,South,Online,5,"? 68,990.00","? 3,44,950.00",Net Banking,C01414
T006581,31-05-2025,Headphones,Accessories,West,Online,2,"? 6,618.00","? 13,236.00",Credit Card,C00864
T006582,04-12-2025,Monitor,Electronics,North,Offline,1,"? 20,997.00","? 20,997.00",Cash,C01090
T006583,19-02-2025,Tablet,Electronics,East,Online,2,"? 44,118.00","? 88,236.00",Net Banking,C00853
T006584,25-07-2025,Webcam,Accessories,East,Offline,5,"? 7,548.00","? 37,740.00",UPI,C01809
T006585,01-12-2025,Camera,Electronics,East,Online,4,"? 77,083.00","? 3,08,332.00",Net Banking,C01058
T006586,20-03-2025,Webcam,Accessories,East,Online,2,"? 9,641.00","? 19,282.00",Credit Card,C02288
T006587,11-03-2025,Keyboard,Accessories,South,Offline,3,"? 4,476.00","? 13,428.00",Net Banking,C00596
T006588,27-01-2025,Keyboard,Accessories,North,Online,1,"? 3,796.00","? 3,796.00",UPI,C01941
T006589,28-09-2025,Router,Networking,West,Online,5,"? 7,201.00","? 36,005.00",UPI,C02362
T006590,19-02-2025,Printer,Electronics,South,Online,4,"? 29,707.00","? 1,18,828.00",UPI,C01819
T006591,19-10-2025,Printer,Electronics,East,Online,2,"? 28,161.00","? 56,322.00",Credit Card,C01479
T006592,04-09-2025,Headphones,Accessories,East,Online,1,"? 2,854.00","? 2,854.00",Cash,C01002
T006593,21-09-2025,Printer,Electronics,East,Online,4,"? 24,650.00","? 98,600.00",Cash,C00157
T006594,20-03-2025,Webcam,Accessories,West,Online,2,"? 2,060.00","? 4,120.00",Cash,C01231
T006595,09-07-2025,Webcam,Accessories,West,Offline,5,"? 9,046.00","? 45,230.00",UPI,C02220
T006596,16-02-2025,Router,Networking,South,Offline,3,"? 6,487.00","? 19,461.00",UPI,C01190
T006597,27-12-2025,Keyboard,Accessories,North,Offline,3,"? 3,083.00","? 9,249.00",Credit Card,C01807
T006598,20-12-2025,Smartphone,Electronics,West,Offline,5,"? 53,915.00","? 2,69,575.00",UPI,C01950
T006599,18-12-2025,Camera,Electronics,South,Offline,1,"? 30,017.00","? 30,017.00",Credit Card,C00505
T006600,08-07-2025,Gaming Chair,Furniture,West,Offline,5,"? 23,094.00","? 1,15,470.00",Credit Card,C00544
T006601,13-09-2025,Speaker,Accessories,South,Online,2,"? 9,164.00","? 18,328.00",Cash,C01576
T006602,10-08-2025,Keyboard,Accessories,East,Online,1,"? 2,383.00","? 2,383.00",UPI,C01100
T006603,29-08-2025,Smartphone,Electronics,West,Online,3,"? 24,390.00","? 73,170.00",UPI,C01236
T006604,26-09-2025,Monitor,Electronics,East,Online,2,"? 9,009.00","? 18,018.00",Cash,C01794
T006605,01-01-2025,Headphones,Accessories,North,Online,4,"? 10,963.00","? 43,852.00",Net Banking,C01769
T006606,03-02-2025,Smartwatch,Accessories,East,Online,4,"? 11,899.00","? 47,596.00",Credit Card,C01046
T006607,20-03-2025,Monitor,Electronics,North,Online,4,"? 26,656.00","? 1,06,624.00",Net Banking,C02202
T006608,24-08-2025,Gaming Chair,Furniture,West,Offline,3,"? 10,612.00","? 31,836.00",Net Banking,C02472
T006609,30-11-2025,Speaker,Accessories,North,Offline,5,"? 8,924.00","? 44,620.00",UPI,C00648
T006610,15-12-2025,Monitor,Electronics,East,Offline,1,"? 15,226.00","? 15,226.00",Credit Card,C00292
T006611,08-04-2025,Power Bank,Accessories,West,Online,3,"? 2,342.00","? 7,026.00",Cash,C01434
T006612,23-03-2025,Gaming Chair,Furniture,South,Offline,2,"? 25,621.00","? 51,242.00",Credit Card,C00613
T006613,11-07-2025,Power Bank,Accessories,West,Offline,2,"? 3,775.00","? 7,550.00",UPI,C01536
T006614,10-09-2025,Keyboard,Accessories,South,Offline,4,"? 2,424.00","? 9,696.00",Credit Card,C02433
T006615,07-02-2025,Headphones,Accessories,East,Offline,1,"? 3,263.00","? 3,263.00",Cash,C00731
T006616,14-01-2025,Webcam,Accessories,West,Online,4,"? 1,782.00","? 7,128.00",Credit Card,C02282
T006617,13-12-2025,Laptop,Electronics,South,Online,2,"? 57,998.00","? 1,15,996.00",Credit Card,C00218
T006618,06-11-2025,Power Bank,Accessories,East,Offline,2,"? 3,420.00","? 6,840.00",Credit Card,C01440
T006619,28-07-2025,Mouse,Accessories,North,Online,5,"? 2,829.00","? 14,145.00",Credit Card,C01486
T006620,23-12-2025,Monitor,Electronics,South,Online,5,"? 22,228.00","? 1,11,140.00",UPI,C01771
T006621,30-03-2025,Printer,Electronics,North,Online,5,"? 19,532.00","? 97,660.00",Cash,C01595
T006622,25-02-2025,Smartphone,Electronics,West,Online,4,"? 44,790.00","? 1,79,160.00",UPI,C01601
T006623,04-04-2025,Laptop,Electronics,South,Offline,1,"? 51,882.00","? 51,882.00",UPI,C00246
T006624,03-04-2025,Headphones,Accessories,East,Online,5,"? 7,187.00","? 35,935.00",Credit Card,C02197
T006625,06-12-2025,Router,Networking,East,Online,3,"? 3,775.00","? 11,325.00",Cash,C00894
T006626,26-03-2025,Smartwatch,Accessories,North,Offline,5,"? 16,652.00","? 83,260.00",UPI,C00404
T006627,02-09-2025,Camera,Electronics,East,Online,4,"? 61,560.00","? 2,46,240.00",Net Banking,C00503
T006628,22-01-2025,Power Bank,Accessories,West,Offline,1,"? 4,590.00","? 4,590.00",Cash,C02017
T006629,18-10-2025,Laptop,Electronics,West,Online,5,"? 68,407.00","? 3,42,035.00",Cash,C00384
T006630,29-09-2025,Smartwatch,Accessories,North,Offline,1,"? 18,850.00","? 18,850.00",UPI,C02081
T006631,02-11-2025,Keyboard,Accessories,South,Online,3,"? 4,650.00","? 13,950.00",UPI,C00402
T006632,02-05-2025,Tablet,Electronics,East,Online,2,"? 13,889.00","? 27,778.00",Net Banking,C01449
T006633,08-05-2025,Power Bank,Accessories,West,Online,1,"? 3,392.00","? 3,392.00",Cash,C00269
T006634,23-04-2025,Webcam,Accessories,South,Offline,5,"? 8,132.00","? 40,660.00",Credit Card,C01777
T006635,30-09-2025,Mouse,Accessories,West,Online,4,"? 1,419.00","? 5,676.00",UPI,C02347
T006636,02-12-2025,Gaming Chair,Furniture,West,Online,4,"? 25,931.00","? 1,03,724.00",Credit Card,C00113
T006637,10-05-2025,Keyboard,Accessories,South,Offline,4,"? 1,403.00","? 5,612.00",Cash,C01528
T006638,12-05-2025,Headphones,Accessories,South,Online,4,"? 7,550.00","? 30,200.00",UPI,C01006
T006639,26-03-2025,Tablet,Electronics,East,Offline,1,"? 35,428.00","? 35,428.00",UPI,C01345
T006640,16-12-2025,Smartwatch,Accessories,North,Offline,4,"? 10,497.00","? 41,988.00",UPI,C00365
T006641,22-03-2025,Tablet,Electronics,North,Online,2,"? 38,154.00","? 76,308.00",Credit Card,C00206
T006642,21-11-2025,Camera,Electronics,West,Online,3,"? 64,747.00","? 1,94,241.00",Net Banking,C01910
T006643,10-03-2025,Printer,Electronics,North,Offline,1,"? 15,065.00","? 15,065.00",Credit Card,C00981
T006644,28-05-2025,Printer,Electronics,West,Online,1,"? 7,581.00","? 7,581.00",Credit Card,C01259
T006645,16-01-2025,Keyboard,Accessories,South,Online,4,"? 4,657.00","? 18,628.00",UPI,C00107
T006646,03-11-2025,Router,Networking,West,Offline,4,"? 6,090.00","? 24,360.00",Net Banking,C01760
T006647,15-04-2025,Speaker,Accessories,East,Online,1,"? 4,832.00","? 4,832.00",UPI,C00040
T006648,14-06-2025,Keyboard,Accessories,West,Offline,4,"? 2,385.00","? 9,540.00",UPI,C02444
T006649,20-07-2025,Power Bank,Accessories,West,Online,4,"? 2,405.00","? 9,620.00",Cash,C02354
T006650,16-07-2025,Gaming Chair,Furniture,East,Offline,4,"? 15,531.00","? 62,124.00",Credit Card,C01770
T006651,04-07-2025,Headphones,Accessories,East,Online,4,"? 7,911.00","? 31,644.00",UPI,C02091
T006652,18-11-2025,Headphones,Accessories,North,Online,4,"? 6,731.00","? 26,924.00",Cash,C01008
T006653,22-09-2025,Smartphone,Electronics,South,Offline,5,"? 32,279.00","? 1,61,395.00",Net Banking,C01618
T006654,29-12-2025,Camera,Electronics,South,Online,5,"? 64,223.00","? 3,21,115.00",Credit Card,C00149
T006655,10-04-2025,Headphones,Accessories,East,Online,5,"? 9,032.00","? 45,160.00",Cash,C02119
T006656,08-12-2025,Monitor,Electronics,South,Offline,1,"? 20,045.00","? 20,045.00",Cash,C02369
T006657,16-11-2025,Router,Networking,West,Offline,3,"? 3,846.00","? 11,538.00",Cash,C01627
T006658,02-08-2025,Camera,Electronics,South,Online,1,"? 56,299.00","? 56,299.00",Cash,C02492
T006659,05-10-2025,Smartphone,Electronics,East,Online,5,"? 25,666.00","? 1,28,330.00",Cash,C01922
T006660,11-06-2025,Printer,Electronics,South,Offline,1,"? 24,245.00","? 24,245.00",Credit Card,C01186
T006661,06-06-2025,Gaming Chair,Furniture,East,Online,3,"? 12,852.00","? 38,556.00",UPI,C01808
T006662,08-09-2025,Laptop,Electronics,North,Offline,4,"? 66,414.00","? 2,65,656.00",Cash,C01384
T006663,07-04-2025,Router,Networking,East,Online,2,"? 7,975.00","? 15,950.00",UPI,C00458
T006664,18-01-2025,Smartphone,Electronics,West,Offline,5,"? 29,281.00","? 1,46,405.00",Cash,C01876
T006665,23-11-2025,Webcam,Accessories,West,Online,5,"? 1,742.00","? 8,710.00",UPI,C00688
T006666,07-04-2025,Smartphone,Electronics,West,Online,3,"? 38,302.00","? 1,14,906.00",UPI,C02021
T006667,01-01-2025,Speaker,Accessories,East,Online,4,"? 14,473.00","? 57,892.00",UPI,C00793
T006668,04-08-2025,Router,Networking,East,Online,4,"? 7,231.00","? 28,924.00",Credit Card,C01220
T006669,12-05-2025,Webcam,Accessories,West,Online,2,"? 7,011.00","? 14,022.00",UPI,C00092
T006670,17-09-2025,Gaming Chair,Furniture,South,Online,4,"? 13,508.00","? 54,032.00",Credit Card,C02309
T006671,05-05-2025,Keyboard,Accessories,East,Offline,3,"? 4,122.00","? 12,366.00",UPI,C02193
T006672,23-03-2025,Webcam,Accessories,South,Online,4,"? 5,503.00","? 22,012.00",Cash,C02287
T006673,10-10-2025,Gaming Chair,Furniture,North,Offline,3,"? 8,598.00","? 25,794.00",Credit Card,C01095
T006674,20-06-2025,Mouse,Accessories,North,Online,5,"? 2,595.00","? 12,975.00",UPI,C00906
T006675,28-02-2025,Router,Networking,North,Offline,5,"? 1,569.00","? 7,845.00",Credit Card,C00656
T006676,01-02-2025,Webcam,Accessories,North,Offline,5,"? 9,639.00","? 48,195.00",Net Banking,C00308
T006677,10-06-2025,Webcam,Accessories,West,Offline,1,"? 5,159.00","? 5,159.00",Credit Card,C00774
T006678,11-10-2025,Tablet,Electronics,East,Online,5,"? 36,225.00","? 1,81,125.00",Net Banking,C01127
T006679,16-04-2025,Speaker,Accessories,North,Offline,3,"? 7,134.00","? 21,402.00",Cash,C00280
T006680,15-04-2025,Printer,Electronics,West,Online,2,"? 24,665.00","? 49,330.00",Credit Card,C02181
T006681,16-08-2025,Smartwatch,Accessories,North,Online,4,"? 8,822.00","? 35,288.00",Credit Card,C02134
T006682,07-07-2025,Smartwatch,Accessories,East,Offline,5,"? 5,682.00","? 28,410.00",Credit Card,C00605
T006683,11-03-2025,Speaker,Accessories,North,Online,1,"? 4,183.00","? 4,183.00",Credit Card,C01205
T006684,14-11-2025,Power Bank,Accessories,North,Online,1,"? 2,110.00","? 2,110.00",Credit Card,C01695
T006685,17-10-2025,Headphones,Accessories,South,Online,3,"? 5,713.00","? 17,139.00",Cash,C02083
T006686,28-03-2025,Printer,Electronics,South,Online,2,"? 11,413.00","? 22,826.00",Credit Card,C01530
T006687,28-12-2025,Monitor,Electronics,South,Online,5,"? 29,984.00","? 1,49,920.00",Cash,C00610
T006688,25-02-2025,Power Bank,Accessories,South,Offline,5,"? 4,903.00","? 24,515.00",Cash,C02082
T006689,23-04-2025,Headphones,Accessories,North,Online,1,"? 3,075.00","? 3,075.00",UPI,C00478
T006690,13-01-2025,Headphones,Accessories,North,Offline,3,"? 1,782.00","? 5,346.00",Credit Card,C01747
T006691,18-01-2025,Smartphone,Electronics,South,Offline,1,"? 35,190.00","? 35,190.00",Net Banking,C00466
T006692,01-07-2025,Printer,Electronics,East,Online,1,"? 15,525.00","? 15,525.00",Cash,C02433
T006693,23-04-2025,Tablet,Electronics,West,Offline,2,"? 21,909.00","? 43,818.00",UPI,C01333
T006694,17-08-2025,Headphones,Accessories,North,Offline,3,"? 2,057.00","? 6,171.00",Credit Card,C01150
T006695,20-06-2025,Gaming Chair,Furniture,South,Online,2,"? 10,054.00","? 20,108.00",UPI,C01960
T006696,22-10-2025,Mouse,Accessories,West,Online,3,"? 2,487.00","? 7,461.00",Cash,C01086
T006697,08-07-2025,Camera,Electronics,South,Offline,5,"? 65,964.00","? 3,29,820.00",Net Banking,C01372
T006698,20-03-2025,Monitor,Electronics,South,Offline,4,"? 10,109.00","? 40,436.00",Net Banking,C02422
T006699,26-05-2025,Monitor,Electronics,East,Offline,4,"? 31,667.00","? 1,26,668.00",UPI,C00240
T006700,01-07-2025,Headphones,Accessories,East,Online,3,"? 2,320.00","? 6,960.00",UPI,C00820
T006701,13-10-2025,Webcam,Accessories,North,Online,4,"? 9,349.00","? 37,396.00",UPI,C01866
T006702,07-09-2025,Mouse,Accessories,South,Online,1,? 721.00,? 721.00,Credit Card,C00855
T006703,20-12-2025,Camera,Electronics,West,Offline,5,"? 89,235.00","? 4,46,175.00",UPI,C00048
T006704,10-11-2025,Laptop,Electronics,North,Offline,5,"? 99,884.00","? 4,99,420.00",Credit Card,C00813
T006705,15-07-2025,Keyboard,Accessories,East,Online,4,"? 4,333.00","? 17,332.00",UPI,C00487
T006706,19-11-2025,Keyboard,Accessories,North,Offline,3,"? 4,249.00","? 12,747.00",Credit Card,C01614
T006707,12-03-2025,Keyboard,Accessories,North,Online,1,"? 4,362.00","? 4,362.00",Cash,C01545
T006708,05-09-2025,Power Bank,Accessories,South,Offline,3,"? 1,404.00","? 4,212.00",Cash,C01271
T006709,26-05-2025,Smartphone,Electronics,West,Online,4,"? 16,722.00","? 66,888.00",Cash,C01129
T006710,16-04-2025,Monitor,Electronics,East,Offline,5,"? 18,596.00","? 92,980.00",UPI,C01538
T006711,20-09-2025,Gaming Chair,Furniture,North,Online,5,"? 22,536.00","? 1,12,680.00",Cash,C00888
T006712,23-10-2025,Webcam,Accessories,North,Online,3,"? 4,312.00","? 12,936.00",Net Banking,C01483
T006713,11-03-2025,Webcam,Accessories,South,Online,2,"? 9,037.00","? 18,074.00",Cash,C01396
T006714,12-07-2025,Smartwatch,Accessories,North,Offline,3,"? 4,278.00","? 12,834.00",UPI,C01806
T006715,09-03-2025,Smartwatch,Accessories,West,Offline,2,"? 17,454.00","? 34,908.00",UPI,C00035
T006716,01-11-2025,Smartphone,Electronics,South,Online,3,"? 50,118.00","? 1,50,354.00",Credit Card,C01600
T006717,21-02-2025,Headphones,Accessories,East,Offline,2,"? 4,623.00","? 9,246.00",UPI,C01642
T006718,29-12-2025,Power Bank,Accessories,North,Offline,2,"? 1,514.00","? 3,028.00",Cash,C01268
T006719,12-10-2025,Printer,Electronics,North,Offline,2,"? 21,987.00","? 43,974.00",Credit Card,C01545
T006720,30-11-2025,Printer,Electronics,South,Online,2,"? 6,924.00","? 13,848.00",Credit Card,C02253
T006721,09-01-2025,Keyboard,Accessories,North,Online,1,"? 3,862.00","? 3,862.00",UPI,C01579
T006722,08-09-2025,Speaker,Accessories,East,Online,2,"? 5,653.00","? 11,306.00",Credit Card,C01802
T006723,28-11-2025,Webcam,Accessories,West,Online,2,"? 6,029.00","? 12,058.00",Credit Card,C00545
T006724,25-10-2025,Printer,Electronics,West,Offline,5,"? 18,270.00","? 91,350.00",Cash,C01517
T006725,03-07-2025,Headphones,Accessories,South,Online,1,"? 3,569.00","? 3,569.00",Cash,C00905
T006726,28-06-2025,Webcam,Accessories,North,Online,2,"? 4,315.00","? 8,630.00",UPI,C01590
T006727,17-07-2025,Speaker,Accessories,South,Online,4,"? 8,472.00","? 33,888.00",Credit Card,C00152
T006728,08-05-2025,Laptop,Electronics,South,Online,1,"? 54,578.00","? 54,578.00",Credit Card,C02216
T006729,20-01-2025,Smartphone,Electronics,South,Offline,5,"? 19,462.00","? 97,310.00",Cash,C01336
T006730,24-11-2025,Router,Networking,South,Offline,3,"? 2,388.00","? 7,164.00",Cash,C01600
T006731,06-03-2025,Laptop,Electronics,South,Online,5,"? 72,332.00","? 3,61,660.00",UPI,C00060
T006732,01-07-2025,Monitor,Electronics,North,Offline,5,"? 27,862.00","? 1,39,310.00",UPI,C02327
T006733,29-08-2025,Printer,Electronics,West,Online,1,"? 25,973.00","? 25,973.00",Net Banking,C00317
T006734,24-01-2025,Camera,Electronics,West,Offline,1,"? 87,259.00","? 87,259.00",Credit Card,C02091
T006735,24-03-2025,Power Bank,Accessories,West,Online,4,"? 2,058.00","? 8,232.00",UPI,C02008
T006736,15-11-2025,Keyboard,Accessories,North,Online,4,"? 1,110.00","? 4,440.00",UPI,C01885
T006737,04-07-2025,Smartphone,Electronics,North,Offline,1,"? 33,614.00","? 33,614.00",UPI,C01136
T006738,12-11-2025,Keyboard,Accessories,South,Offline,1,"? 3,894.00","? 3,894.00",Net Banking,C01984
T006739,09-04-2025,Printer,Electronics,West,Online,1,"? 24,444.00","? 24,444.00",Cash,C01911
T006740,03-03-2025,Power Bank,Accessories,South,Offline,3,"? 4,698.00","? 14,094.00",Cash,C01866
T006741,13-10-2025,Tablet,Electronics,West,Offline,5,"? 12,613.00","? 63,065.00",Net Banking,C01731
T006742,22-01-2025,Printer,Electronics,East,Online,4,"? 29,399.00","? 1,17,596.00",Credit Card,C01717
T006743,31-07-2025,Smartphone,Electronics,North,Online,4,"? 57,772.00","? 2,31,088.00",Credit Card,C02408
T006744,06-05-2025,Speaker,Accessories,East,Online,2,"? 8,198.00","? 16,396.00",Cash,C01435
T006745,11-02-2025,Smartwatch,Accessories,West,Offline,3,"? 17,980.00","? 53,940.00",Credit Card,C01281
T006746,08-04-2025,Speaker,Accessories,South,Offline,1,"? 13,598.00","? 13,598.00",Cash,C01488
T006747,31-01-2025,Smartphone,Electronics,North,Online,1,"? 15,677.00","? 15,677.00",Net Banking,C00739
T006748,07-06-2025,Mouse,Accessories,North,Offline,3,"? 1,017.00","? 3,051.00",Cash,C00719
T006749,22-04-2025,Speaker,Accessories,South,Offline,4,"? 9,230.00","? 36,920.00",UPI,C00226
T006750,04-09-2025,Camera,Electronics,East,Online,1,"? 63,211.00","? 63,211.00",Credit Card,C01547
T006751,02-05-2025,Webcam,Accessories,East,Online,2,"? 4,504.00","? 9,008.00",Cash,C02441
T006752,30-09-2025,Printer,Electronics,East,Online,4,"? 21,402.00","? 85,608.00",Credit Card,C00829
T006753,21-10-2025,Mouse,Accessories,East,Offline,5,"? 1,194.00","? 5,970.00",UPI,C00088
T006754,26-07-2025,Power Bank,Accessories,North,Offline,3,"? 1,528.00","? 4,584.00",Credit Card,C01125
T006755,20-04-2025,Smartwatch,Accessories,West,Online,4,"? 16,173.00","? 64,692.00",UPI,C02147
T006756,05-10-2025,Webcam,Accessories,South,Online,5,"? 6,234.00","? 31,170.00",UPI,C01640
T006757,25-02-2025,Headphones,Accessories,West,Offline,2,"? 1,190.00","? 2,380.00",Cash,C02476
T006758,26-02-2025,Power Bank,Accessories,West,Online,3,"? 2,796.00","? 8,388.00",Credit Card,C00316
T006759,18-10-2025,Headphones,Accessories,East,Online,1,"? 11,299.00","? 11,299.00",Credit Card,C00477
T006760,24-04-2025,Webcam,Accessories,West,Online,1,"? 5,366.00","? 5,366.00",Cash,C02175
T006761,04-11-2025,Camera,Electronics,East,Online,5,"? 33,740.00","? 1,68,700.00",UPI,C00551
T006762,07-12-2025,Monitor,Electronics,East,Offline,4,"? 18,301.00","? 73,204.00",UPI,C02473
T006763,17-07-2025,Camera,Electronics,West,Online,2,"? 89,581.00","? 1,79,162.00",Cash,C00387
T006764,17-11-2025,Router,Networking,South,Offline,5,"? 6,594.00","? 32,970.00",Net Banking,C00965
T006765,28-06-2025,Camera,Electronics,West,Online,2,"? 63,779.00","? 1,27,558.00",Credit Card,C02187
T006766,07-08-2025,Gaming Chair,Furniture,West,Online,2,"? 28,495.00","? 56,990.00",Cash,C00132
T006767,04-10-2025,Camera,Electronics,North,Online,2,"? 59,602.00","? 1,19,204.00",UPI,C02209
T006768,16-01-2025,Camera,Electronics,East,Offline,3,"? 29,033.00","? 87,099.00",Credit Card,C00417
T006769,02-03-2025,Camera,Electronics,North,Online,5,"? 73,103.00","? 3,65,515.00",Net Banking,C00557
T006770,23-02-2025,Laptop,Electronics,South,Online,3,"? 71,604.00","? 2,14,812.00",Cash,C02213
T006771,17-06-2025,Smartwatch,Accessories,West,Offline,4,"? 5,247.00","? 20,988.00",Credit Card,C02274
T006772,26-01-2025,Gaming Chair,Furniture,North,Online,4,"? 25,600.00","? 1,02,400.00",Credit Card,C01338
T006773,02-12-2025,Smartphone,Electronics,North,Online,1,"? 55,748.00","? 55,748.00",Cash,C01331
T006774,06-03-2025,Router,Networking,West,Online,1,"? 2,398.00","? 2,398.00",UPI,C01444
T006775,10-04-2025,Speaker,Accessories,West,Offline,1,"? 7,086.00","? 7,086.00",Net Banking,C00178
T006776,15-03-2025,Printer,Electronics,East,Offline,4,"? 29,460.00","? 1,17,840.00",UPI,C02379
T006777,11-07-2025,Mouse,Accessories,East,Online,2,"? 2,622.00","? 5,244.00",UPI,C00951
T006778,20-06-2025,Camera,Electronics,North,Online,2,"? 60,747.00","? 1,21,494.00",Credit Card,C02499
T006779,30-09-2025,Monitor,Electronics,West,Online,5,"? 9,514.00","? 47,570.00",Credit Card,C01942
T006780,06-07-2025,Keyboard,Accessories,East,Offline,4,"? 1,116.00","? 4,464.00",UPI,C01760
T006781,23-01-2025,Printer,Electronics,East,Online,1,"? 18,738.00","? 18,738.00",Net Banking,C00620
T006782,30-06-2025,Keyboard,Accessories,South,Online,4,"? 3,583.00","? 14,332.00",UPI,C01108
T006783,23-11-2025,Mouse,Accessories,North,Offline,2,"? 2,223.00","? 4,446.00",Cash,C00892
T006784,18-04-2025,Mouse,Accessories,North,Online,2,? 679.00,"? 1,358.00",UPI,C01282
T006785,01-12-2025,Printer,Electronics,North,Online,3,"? 10,339.00","? 31,017.00",Cash,C01672
T006786,11-06-2025,Speaker,Accessories,West,Offline,3,"? 2,174.00","? 6,522.00",Credit Card,C02162
T006787,29-10-2025,Monitor,Electronics,South,Offline,5,"? 30,673.00","? 1,53,365.00",UPI,C00922
T006788,25-07-2025,Router,Networking,East,Online,4,"? 1,602.00","? 6,408.00",Cash,C00547
T006789,19-03-2025,Laptop,Electronics,South,Online,3,"? 60,549.00","? 1,81,647.00",Cash,C01935
T006790,16-01-2025,Headphones,Accessories,East,Online,3,"? 4,993.00","? 14,979.00",UPI,C00618
T006791,23-11-2025,Mouse,Accessories,East,Online,4,? 516.00,"? 2,064.00",Credit Card,C02469
T006792,06-04-2025,Speaker,Accessories,South,Offline,2,"? 2,995.00","? 5,990.00",Cash,C01810
T006793,27-05-2025,Monitor,Electronics,North,Offline,5,"? 11,392.00","? 56,960.00",UPI,C00972
T006794,02-01-2025,Mouse,Accessories,West,Offline,5,"? 2,123.00","? 10,615.00",Credit Card,C01987
T006795,10-01-2025,Power Bank,Accessories,South,Online,5,"? 3,034.00","? 15,170.00",UPI,C01640
T006796,05-05-2025,Tablet,Electronics,North,Online,3,"? 15,588.00","? 46,764.00",Cash,C00174
T006797,22-03-2025,Webcam,Accessories,North,Online,2,"? 6,302.00","? 12,604.00",Net Banking,C00580
T006798,20-05-2025,Headphones,Accessories,West,Online,5,"? 5,891.00","? 29,455.00",UPI,C01593
T006799,22-11-2025,Power Bank,Accessories,West,Online,4,"? 4,325.00","? 17,300.00",Cash,C00474
T006800,30-05-2025,Mouse,Accessories,North,Online,5,"? 1,081.00","? 5,405.00",Credit Card,C01237
T006801,15-10-2025,Monitor,Electronics,West,Online,1,"? 12,189.00","? 12,189.00",UPI,C02221
T006802,27-12-2025,Mouse,Accessories,North,Online,2,"? 1,135.00","? 2,270.00",Cash,C01424
T006803,06-12-2025,Keyboard,Accessories,East,Online,1,"? 3,229.00","? 3,229.00",UPI,C02327
T006804,09-05-2025,Printer,Electronics,West,Online,2,"? 28,638.00","? 57,276.00",Credit Card,C00216
T006805,27-08-2025,Printer,Electronics,East,Online,4,"? 24,297.00","? 97,188.00",UPI,C02044
T006806,27-02-2025,Speaker,Accessories,West,Online,3,"? 12,149.00","? 36,447.00",Cash,C00510
T006807,17-07-2025,Router,Networking,North,Online,3,"? 7,185.00","? 21,555.00",Cash,C00595
T006808,30-07-2025,Mouse,Accessories,North,Offline,2,"? 2,844.00","? 5,688.00",Net Banking,C02152
T006809,14-02-2025,Monitor,Electronics,North,Online,5,"? 9,150.00","? 45,750.00",Cash,C00769
T006810,07-04-2025,Keyboard,Accessories,North,Offline,1,"? 4,558.00","? 4,558.00",UPI,C01101
T006811,06-10-2025,Laptop,Electronics,North,Offline,4,"? 86,905.00","? 3,47,620.00",UPI,C00429
T006812,23-01-2025,Laptop,Electronics,North,Online,5,"? 70,520.00","? 3,52,600.00",Credit Card,C02359
T006813,01-12-2025,Keyboard,Accessories,West,Online,3,"? 2,210.00","? 6,630.00",UPI,C01113
T006814,13-02-2025,Smartphone,Electronics,West,Online,5,"? 43,546.00","? 2,17,730.00",Cash,C00762
T006815,27-01-2025,Gaming Chair,Furniture,East,Online,1,"? 21,982.00","? 21,982.00",UPI,C02411
T006816,09-10-2025,Monitor,Electronics,South,Online,3,"? 11,915.00","? 35,745.00",UPI,C02078
T006817,07-04-2025,Laptop,Electronics,West,Offline,2,"? 64,734.00","? 1,29,468.00",Cash,C01760
T006818,05-02-2025,Router,Networking,West,Online,4,"? 7,825.00","? 31,300.00",Cash,C01182
T006819,19-04-2025,Smartphone,Electronics,South,Offline,4,"? 34,636.00","? 1,38,544.00",UPI,C00517
T006820,24-02-2025,Monitor,Electronics,South,Offline,3,"? 33,319.00","? 99,957.00",UPI,C02319
T006821,11-07-2025,Power Bank,Accessories,East,Offline,2,"? 3,565.00","? 7,130.00",UPI,C00048
T006822,07-08-2025,Keyboard,Accessories,East,Online,1,"? 4,638.00","? 4,638.00",Credit Card,C01377
T006823,04-07-2025,Power Bank,Accessories,North,Online,4,"? 3,311.00","? 13,244.00",UPI,C01740
T006824,10-03-2025,Camera,Electronics,East,Online,3,"? 82,871.00","? 2,48,613.00",Cash,C02329
T006825,13-11-2025,Smartphone,Electronics,East,Online,4,"? 49,960.00","? 1,99,840.00",UPI,C01524
T006826,10-05-2025,Smartphone,Electronics,South,Offline,2,"? 55,975.00","? 1,11,950.00",Credit Card,C00275
T006827,24-02-2025,Speaker,Accessories,West,Online,1,"? 8,883.00","? 8,883.00",Cash,C01083
T006828,07-04-2025,Gaming Chair,Furniture,North,Online,2,"? 13,171.00","? 26,342.00",UPI,C02229
T006829,02-12-2025,Mouse,Accessories,East,Offline,5,? 506.00,"? 2,530.00",Credit Card,C00471
T006830,28-03-2025,Smartwatch,Accessories,South,Online,2,"? 8,480.00","? 16,960.00",Net Banking,C00679
T006831,21-10-2025,Smartwatch,Accessories,North,Offline,2,"? 14,658.00","? 29,316.00",UPI,C00895
T006832,29-04-2025,Monitor,Electronics,North,Online,4,"? 10,857.00","? 43,428.00",Net Banking,C01448
T006833,27-07-2025,Power Bank,Accessories,South,Online,2,"? 2,228.00","? 4,456.00",Cash,C01978
T006834,30-11-2025,Power Bank,Accessories,East,Offline,3,"? 2,808.00","? 8,424.00",Credit Card,C00100
T006835,03-06-2025,Mouse,Accessories,East,Offline,4,"? 2,122.00","? 8,488.00",UPI,C02067
T006836,04-02-2025,Power Bank,Accessories,East,Online,4,"? 3,901.00","? 15,604.00",Cash,C00536
T006837,20-03-2025,Gaming Chair,Furniture,East,Online,5,"? 23,718.00","? 1,18,590.00",Cash,C02138
T006838,08-03-2025,Printer,Electronics,North,Online,3,"? 20,809.00","? 62,427.00",UPI,C01683
T006839,09-12-2025,Headphones,Accessories,West,Offline,2,"? 8,856.00","? 17,712.00",UPI,C01339
T006840,03-02-2025,Camera,Electronics,North,Offline,5,"? 31,223.00","? 1,56,115.00",Credit Card,C01341
T006841,07-04-2025,Headphones,Accessories,North,Online,3,"? 8,300.00","? 24,900.00",UPI,C00032
T006842,18-06-2025,Smartphone,Electronics,South,Online,5,"? 54,413.00","? 2,72,065.00",Cash,C01581
T006843,18-06-2025,Tablet,Electronics,North,Offline,1,"? 45,689.00","? 45,689.00",UPI,C02467
T006844,31-05-2025,Laptop,Electronics,East,Online,2,"? 58,166.00","? 1,16,332.00",Credit Card,C00744
T006845,12-03-2025,Laptop,Electronics,South,Offline,5,"? 62,637.00","? 3,13,185.00",Cash,C01002
T006846,03-01-2025,Mouse,Accessories,South,Offline,1,"? 2,507.00","? 2,507.00",UPI,C00737
T006847,10-11-2025,Gaming Chair,Furniture,South,Online,2,"? 21,766.00","? 43,532.00",UPI,C01837
T006848,01-02-2025,Gaming Chair,Furniture,South,Offline,5,"? 8,878.00","? 44,390.00",Cash,C00673
T006849,14-10-2025,Smartwatch,Accessories,South,Online,5,"? 12,704.00","? 63,520.00",UPI,C01017
T006850,23-03-2025,Tablet,Electronics,East,Offline,5,"? 18,502.00","? 92,510.00",Credit Card,C01956
T006851,12-02-2025,Mouse,Accessories,West,Online,5,"? 1,514.00","? 7,570.00",UPI,C00581
T006852,15-04-2025,Gaming Chair,Furniture,West,Online,4,"? 23,266.00","? 93,064.00",UPI,C00208
T006853,01-01-2025,Smartphone,Electronics,South,Online,5,"? 63,068.00","? 3,15,340.00",UPI,C01223
T006854,02-03-2025,Tablet,Electronics,West,Offline,4,"? 44,089.00","? 1,76,356.00",Cash,C01585
T006855,27-09-2025,Laptop,Electronics,North,Online,4,"? 94,356.00","? 3,77,424.00",Credit Card,C00026
T006856,29-06-2025,Monitor,Electronics,West,Online,1,"? 28,759.00","? 28,759.00",Cash,C01515
T006857,12-08-2025,Smartphone,Electronics,North,Online,2,"? 30,046.00","? 60,092.00",Cash,C00511
T006858,06-01-2025,Webcam,Accessories,East,Online,4,"? 6,505.00","? 26,020.00",Cash,C02217
T006859,13-04-2025,Mouse,Accessories,South,Offline,3,? 670.00,"? 2,010.00",Credit Card,C01363
T006860,10-01-2025,Speaker,Accessories,North,Online,4,"? 7,136.00","? 28,544.00",UPI,C02021
T006861,12-03-2025,Printer,Electronics,East,Offline,3,"? 11,220.00","? 33,660.00",Credit Card,C02438
T006862,31-03-2025,Keyboard,Accessories,East,Offline,1,"? 2,111.00","? 2,111.00",Net Banking,C00211
T006863,14-08-2025,Smartphone,Electronics,South,Offline,3,"? 67,179.00","? 2,01,537.00",Credit Card,C00855
T006864,07-06-2025,Smartphone,Electronics,West,Offline,1,"? 50,892.00","? 50,892.00",Net Banking,C00834
T006865,16-08-2025,Printer,Electronics,East,Online,1,"? 24,137.00","? 24,137.00",Net Banking,C00317
T006866,06-05-2025,Camera,Electronics,West,Online,1,"? 49,512.00","? 49,512.00",Cash,C00322
T006867,28-07-2025,Monitor,Electronics,West,Offline,3,"? 34,397.00","? 1,03,191.00",Net Banking,C00224
T006868,07-04-2025,Gaming Chair,Furniture,West,Offline,3,"? 16,186.00","? 48,558.00",Net Banking,C01086
T006869,15-03-2025,Gaming Chair,Furniture,North,Online,1,"? 13,099.00","? 13,099.00",Credit Card,C01037
T006870,25-04-2025,Gaming Chair,Furniture,West,Offline,1,"? 28,719.00","? 28,719.00",Net Banking,C00865
T006871,10-07-2025,Printer,Electronics,West,Offline,2,"? 25,669.00","? 51,338.00",Credit Card,C00589
T006872,19-06-2025,Headphones,Accessories,East,Offline,1,"? 9,552.00","? 9,552.00",Credit Card,C02143
T006873,03-11-2025,Headphones,Accessories,South,Offline,5,"? 9,925.00","? 49,625.00",UPI,C00678
T006874,23-07-2025,Webcam,Accessories,North,Offline,2,"? 2,351.00","? 4,702.00",Credit Card,C01850
T006875,25-02-2025,Webcam,Accessories,West,Offline,2,"? 2,359.00","? 4,718.00",Credit Card,C00670
T006876,27-07-2025,Smartphone,Electronics,South,Online,2,"? 60,756.00","? 1,21,512.00",Net Banking,C01310
T006877,10-02-2025,Gaming Chair,Furniture,West,Offline,5,"? 9,350.00","? 46,750.00",Net Banking,C01591
T006878,01-02-2025,Camera,Electronics,West,Online,2,"? 31,739.00","? 63,478.00",UPI,C00166
T006879,15-01-2025,Laptop,Electronics,East,Online,2,"? 71,302.00","? 1,42,604.00",Cash,C02491
T006880,03-03-2025,Camera,Electronics,South,Offline,3,"? 32,384.00","? 97,152.00",Net Banking,C01847
T006881,04-06-2025,Router,Networking,East,Offline,3,"? 1,826.00","? 5,478.00",Credit Card,C01396
T006882,11-10-2025,Headphones,Accessories,East,Offline,1,"? 3,120.00","? 3,120.00",Net Banking,C02498
T006883,28-07-2025,Camera,Electronics,West,Online,1,"? 20,993.00","? 20,993.00",Cash,C00837
T006884,16-11-2025,Camera,Electronics,West,Online,4,"? 38,150.00","? 1,52,600.00",Net Banking,C01066
T006885,06-07-2025,Speaker,Accessories,West,Online,5,"? 14,781.00","? 73,905.00",UPI,C01279
T006886,10-05-2025,Monitor,Electronics,South,Online,3,"? 20,620.00","? 61,860.00",Net Banking,C00065
T006887,07-05-2025,Smartphone,Electronics,South,Offline,1,"? 40,756.00","? 40,756.00",Net Banking,C00336
T006888,19-10-2025,Router,Networking,South,Online,5,"? 3,464.00","? 17,320.00",Net Banking,C00606
T006889,24-04-2025,Power Bank,Accessories,South,Online,2,"? 3,581.00","? 7,162.00",UPI,C01034
T006890,18-07-2025,Speaker,Accessories,West,Online,5,"? 8,519.00","? 42,595.00",UPI,C01960
T006891,13-01-2025,Monitor,Electronics,West,Offline,3,"? 10,905.00","? 32,715.00",UPI,C01716
T006892,28-09-2025,Laptop,Electronics,East,Online,4,"? 58,290.00","? 2,33,160.00",Credit Card,C00792
T006893,30-03-2025,Webcam,Accessories,West,Offline,3,"? 1,743.00","? 5,229.00",UPI,C00021
T006894,03-08-2025,Laptop,Electronics,South,Online,1,"? 57,938.00","? 57,938.00",Credit Card,C02228
T006895,05-10-2025,Headphones,Accessories,North,Online,1,"? 10,692.00","? 10,692.00",Net Banking,C02407
T006896,22-07-2025,Mouse,Accessories,West,Offline,5,"? 1,864.00","? 9,320.00",Credit Card,C00133
T006897,15-03-2025,Printer,Electronics,South,Online,3,"? 11,494.00","? 34,482.00",Net Banking,C00676
T006898,25-01-2025,Smartwatch,Accessories,East,Offline,1,"? 4,709.00","? 4,709.00",Cash,C00627
T006899,11-04-2025,Smartphone,Electronics,West,Offline,2,"? 42,629.00","? 85,258.00",Credit Card,C01002
T006900,25-06-2025,Power Bank,Accessories,North,Offline,2,"? 4,026.00","? 8,052.00",Net Banking,C00790
T006901,27-04-2025,Mouse,Accessories,South,Offline,4,"? 2,946.00","? 11,784.00",Credit Card,C01416
T006902,15-06-2025,Speaker,Accessories,West,Offline,5,"? 9,201.00","? 46,005.00",Cash,C00991
T006903,10-02-2025,Smartphone,Electronics,South,Offline,1,"? 61,537.00","? 61,537.00",UPI,C02132
T006904,10-12-2025,Printer,Electronics,North,Online,4,"? 13,795.00","? 55,180.00",Cash,C00796
T006905,30-04-2025,Printer,Electronics,North,Online,2,"? 29,472.00","? 58,944.00",Cash,C01311
T006906,07-04-2025,Tablet,Electronics,East,Offline,4,"? 30,762.00","? 1,23,048.00",UPI,C00152
T006907,25-05-2025,Router,Networking,North,Offline,4,"? 2,815.00","? 11,260.00",Net Banking,C02349
T006908,04-08-2025,Monitor,Electronics,West,Online,1,"? 17,578.00","? 17,578.00",Credit Card,C02439
T006909,17-08-2025,Speaker,Accessories,North,Online,1,"? 8,044.00","? 8,044.00",Credit Card,C02178
T006910,09-11-2025,Headphones,Accessories,West,Online,1,"? 7,711.00","? 7,711.00",Cash,C01481
T006911,10-05-2025,Tablet,Electronics,West,Offline,5,"? 25,979.00","? 1,29,895.00",Cash,C01599
T006912,18-12-2025,Laptop,Electronics,South,Online,4,"? 65,049.00","? 2,60,196.00",Cash,C02033
T006913,14-11-2025,Smartwatch,Accessories,West,Offline,4,"? 10,062.00","? 40,248.00",Credit Card,C01714
T006914,17-05-2025,Router,Networking,West,Offline,5,"? 5,301.00","? 26,505.00",UPI,C00330
T006915,20-11-2025,Gaming Chair,Furniture,East,Offline,2,"? 29,746.00","? 59,492.00",Net Banking,C01697
T006916,03-12-2025,Speaker,Accessories,South,Online,3,"? 6,973.00","? 20,919.00",Credit Card,C02091
T006917,30-09-2025,Headphones,Accessories,West,Offline,2,"? 10,603.00","? 21,206.00",Credit Card,C01491
T006918,27-04-2025,Laptop,Electronics,East,Offline,5,"? 61,441.00","? 3,07,205.00",UPI,C01075
T006919,02-11-2025,Camera,Electronics,South,Online,4,"? 24,570.00","? 98,280.00",Credit Card,C00677
T006920,04-04-2025,Monitor,Electronics,North,Online,4,"? 26,836.00","? 1,07,344.00",UPI,C01599
T006921,17-06-2025,Monitor,Electronics,West,Offline,1,"? 26,467.00","? 26,467.00",Cash,C01273
T006922,22-07-2025,Router,Networking,North,Offline,1,"? 5,953.00","? 5,953.00",Cash,C01351
T006923,07-12-2025,Monitor,Electronics,South,Online,4,"? 20,845.00","? 83,380.00",Cash,C01131
T006924,29-05-2025,Tablet,Electronics,South,Online,4,"? 36,943.00","? 1,47,772.00",Cash,C00177
T006925,02-07-2025,Keyboard,Accessories,East,Online,1,"? 4,040.00","? 4,040.00",UPI,C00129
T006926,01-06-2025,Power Bank,Accessories,West,Offline,1,"? 3,372.00","? 3,372.00",Net Banking,C01118
T006927,15-03-2025,Power Bank,Accessories,West,Offline,2,"? 4,920.00","? 9,840.00",Cash,C01458
T006928,31-12-2025,Mouse,Accessories,East,Online,4,"? 1,039.00","? 4,156.00",UPI,C00096
T006929,01-10-2025,Printer,Electronics,North,Online,4,"? 17,420.00","? 69,680.00",Credit Card,C00689
T006930,11-02-2025,Smartwatch,Accessories,South,Offline,5,"? 17,211.00","? 86,055.00",UPI,C00979
T006931,31-07-2025,Printer,Electronics,East,Offline,2,"? 19,496.00","? 38,992.00",UPI,C01583
T006932,11-04-2025,Keyboard,Accessories,South,Offline,3,"? 4,969.00","? 14,907.00",Credit Card,C01802
T006933,14-02-2025,Camera,Electronics,North,Offline,3,"? 77,248.00","? 2,31,744.00",Credit Card,C01324
T006934,23-03-2025,Camera,Electronics,North,Online,3,"? 61,145.00","? 1,83,435.00",Credit Card,C01776
T006935,17-01-2025,Camera,Electronics,North,Offline,1,"? 49,672.00","? 49,672.00",Credit Card,C00812
T006936,14-03-2025,Headphones,Accessories,West,Online,3,"? 2,318.00","? 6,954.00",UPI,C00365
T006937,14-01-2025,Router,Networking,South,Offline,5,"? 2,027.00","? 10,135.00",Net Banking,C00516
T006938,06-06-2025,Laptop,Electronics,South,Offline,1,"? 86,027.00","? 86,027.00",UPI,C00576
T006939,11-08-2025,Laptop,Electronics,East,Offline,1,"? 86,251.00","? 86,251.00",Cash,C00822
T006940,12-05-2025,Gaming Chair,Furniture,South,Offline,3,"? 27,403.00","? 82,209.00",Cash,C00681
T006941,04-12-2025,Camera,Electronics,West,Online,1,"? 45,150.00","? 45,150.00",Cash,C02038
T006942,16-02-2025,Smartwatch,Accessories,East,Online,2,"? 12,226.00","? 24,452.00",UPI,C00542
T006943,17-04-2025,Router,Networking,North,Online,2,"? 7,480.00","? 14,960.00",Cash,C00937
T006944,18-04-2025,Gaming Chair,Furniture,South,Offline,3,"? 25,708.00","? 77,124.00",Credit Card,C02043
T006945,22-09-2025,Tablet,Electronics,West,Offline,5,"? 47,172.00","? 2,35,860.00",UPI,C01374
T006946,24-07-2025,Smartwatch,Accessories,West,Offline,1,"? 11,404.00","? 11,404.00",Cash,C02133
T006947,20-03-2025,Smartwatch,Accessories,South,Offline,4,"? 7,937.00","? 31,748.00",Credit Card,C02413
T006948,04-06-2025,Laptop,Electronics,West,Online,3,"? 84,202.00","? 2,52,606.00",Credit Card,C02375
T006949,28-09-2025,Gaming Chair,Furniture,North,Online,1,"? 16,729.00","? 16,729.00",Credit Card,C01184
T006950,04-09-2025,Monitor,Electronics,South,Online,3,"? 31,938.00","? 95,814.00",Cash,C01576
T006951,19-01-2025,Smartwatch,Accessories,South,Offline,3,"? 6,953.00","? 20,859.00",Cash,C02238
T006952,12-12-2025,Smartwatch,Accessories,South,Offline,5,"? 11,766.00","? 58,830.00",Credit Card,C01754
T006953,26-01-2025,Printer,Electronics,East,Online,4,"? 14,384.00","? 57,536.00",Credit Card,C01691
T006954,05-08-2025,Monitor,Electronics,North,Offline,1,"? 33,762.00","? 33,762.00",Credit Card,C01959
T006955,03-06-2025,Router,Networking,West,Online,3,"? 5,648.00","? 16,944.00",Net Banking,C01147
T006956,03-06-2025,Laptop,Electronics,South,Online,3,"? 75,050.00","? 2,25,150.00",Cash,C00732
T006957,23-06-2025,Tablet,Electronics,South,Online,1,"? 30,653.00","? 30,653.00",Credit Card,C01825
T006958,02-04-2025,Power Bank,Accessories,West,Online,3,"? 2,613.00","? 7,839.00",UPI,C00834
T006959,04-12-2025,Mouse,Accessories,North,Offline,3,"? 1,099.00","? 3,297.00",Credit Card,C02153
T006960,30-06-2025,Laptop,Electronics,West,Online,3,"? 85,205.00","? 2,55,615.00",UPI,C00591
T006961,11-05-2025,Laptop,Electronics,West,Online,2,"? 61,571.00","? 1,23,142.00",Credit Card,C02023
T006962,25-10-2025,Smartwatch,Accessories,South,Offline,2,"? 6,552.00","? 13,104.00",Net Banking,C01223
T006963,02-10-2025,Printer,Electronics,East,Offline,4,"? 23,738.00","? 94,952.00",Net Banking,C01236
T006964,30-09-2025,Keyboard,Accessories,East,Offline,5,"? 4,100.00","? 20,500.00",UPI,C00864
T006965,17-03-2025,Camera,Electronics,East,Online,1,"? 56,522.00","? 56,522.00",UPI,C00285
T006966,26-06-2025,Smartphone,Electronics,East,Online,5,"? 21,265.00","? 1,06,325.00",Cash,C00138
T006967,03-07-2025,Speaker,Accessories,East,Online,5,"? 13,221.00","? 66,105.00",Net Banking,C02404
T006968,15-11-2025,Printer,Electronics,South,Online,2,"? 22,542.00","? 45,084.00",Cash,C00076
T006969,11-05-2025,Keyboard,Accessories,East,Offline,4,"? 2,537.00","? 10,148.00",Credit Card,C01750
T006970,29-12-2025,Smartwatch,Accessories,West,Online,5,"? 19,409.00","? 97,045.00",Credit Card,C00896
T006971,18-02-2025,Smartwatch,Accessories,South,Online,5,"? 19,042.00","? 95,210.00",Credit Card,C02459
T006972,24-02-2025,Webcam,Accessories,West,Offline,3,"? 2,177.00","? 6,531.00",UPI,C01379
T006973,03-06-2025,Power Bank,Accessories,East,Offline,1,"? 4,846.00","? 4,846.00",Credit Card,C00698
T006974,21-12-2025,Tablet,Electronics,North,Online,4,"? 30,205.00","? 1,20,820.00",UPI,C01745
T006975,19-07-2025,Gaming Chair,Furniture,East,Online,1,"? 10,375.00","? 10,375.00",Cash,C00688
T006976,04-11-2025,Keyboard,Accessories,South,Online,2,? 975.00,"? 1,950.00",Net Banking,C00939
T006977,22-12-2025,Webcam,Accessories,West,Online,5,"? 8,359.00","? 41,795.00",UPI,C01708
T006978,28-04-2025,Webcam,Accessories,North,Online,5,"? 3,088.00","? 15,440.00",UPI,C00244
T006979,20-09-2025,Router,Networking,North,Offline,1,"? 6,081.00","? 6,081.00",UPI,C00156
T006980,15-02-2025,Headphones,Accessories,North,Online,2,"? 1,245.00","? 2,490.00",Net Banking,C01213
T006981,29-10-2025,Router,Networking,West,Online,3,"? 2,388.00","? 7,164.00",Credit Card,C00934
T006982,22-12-2025,Power Bank,Accessories,South,Online,3,"? 3,011.00","? 9,033.00",Credit Card,C01223
T006983,08-07-2025,Camera,Electronics,North,Offline,5,"? 43,054.00","? 2,15,270.00",UPI,C01099
T006984,06-11-2025,Gaming Chair,Furniture,West,Offline,5,"? 16,192.00","? 80,960.00",UPI,C00918
T006985,14-11-2025,Webcam,Accessories,West,Offline,4,"? 3,684.00","? 14,736.00",Cash,C02141
T006986,09-05-2025,Smartphone,Electronics,East,Online,1,"? 60,206.00","? 60,206.00",Cash,C00646
T006987,18-02-2025,Router,Networking,West,Offline,5,"? 4,751.00","? 23,755.00",Credit Card,C02240
T006988,25-01-2025,Tablet,Electronics,South,Online,2,"? 26,281.00","? 52,562.00",Credit Card,C01130
T006989,23-09-2025,Printer,Electronics,South,Online,1,"? 11,863.00","? 11,863.00",Net Banking,C01462
T006990,28-04-2025,Speaker,Accessories,North,Offline,4,"? 4,551.00","? 18,204.00",Credit Card,C02279
T006991,24-05-2025,Speaker,Accessories,West,Offline,3,"? 11,202.00","? 33,606.00",UPI,C02347
T006992,19-07-2025,Printer,Electronics,West,Offline,4,"? 9,771.00","? 39,084.00",UPI,C01052
T006993,06-06-2025,Keyboard,Accessories,East,Offline,1,"? 1,828.00","? 1,828.00",Credit Card,C02362
T006994,14-12-2025,Camera,Electronics,East,Online,3,"? 82,438.00","? 2,47,314.00",Credit Card,C00527
T006995,14-05-2025,Camera,Electronics,West,Online,2,"? 36,077.00","? 72,154.00",Cash,C00363
T006996,28-05-2025,Gaming Chair,Furniture,West,Online,3,"? 10,419.00","? 31,257.00",UPI,C02418
T006997,02-12-2025,Printer,Electronics,West,Online,3,"? 19,518.00","? 58,554.00",Credit Card,C02138
T006998,12-03-2025,Headphones,Accessories,East,Offline,2,"? 8,396.00","? 16,792.00",Credit Card,C01726
T006999,21-08-2025,Speaker,Accessories,East,Online,5,"? 4,128.00","? 20,640.00",Credit Card,C01729
T007000,30-11-2025,Smartwatch,Accessories,South,Offline,5,"? 9,309.00","? 46,545.00",Credit Card,C02399
T007001,26-10-2025,Camera,Electronics,North,Offline,3,"? 31,981.00","? 95,943.00",Credit Card,C00445
T007002,03-06-2025,Keyboard,Accessories,North,Online,3,"? 1,385.00","? 4,155.00",Cash,C00129
T007003,31-03-2025,Router,Networking,North,Online,4,"? 4,256.00","? 17,024.00",Credit Card,C00209
T007004,30-11-2025,Webcam,Accessories,North,Online,5,"? 6,523.00","? 32,615.00",UPI,C00046
T007005,18-07-2025,Printer,Electronics,East,Offline,2,"? 27,219.00","? 54,438.00",Credit Card,C00001
T007006,10-06-2025,Router,Networking,East,Offline,3,"? 5,866.00","? 17,598.00",UPI,C00837
T007007,26-01-2025,Smartwatch,Accessories,West,Online,3,"? 19,094.00","? 57,282.00",UPI,C01920
T007008,01-05-2025,Monitor,Electronics,South,Offline,4,"? 32,900.00","? 1,31,600.00",Net Banking,C01635
T007009,28-10-2025,Speaker,Accessories,South,Offline,4,"? 6,585.00","? 26,340.00",Credit Card,C00798
T007010,31-07-2025,Laptop,Electronics,North,Offline,4,"? 55,646.00","? 2,22,584.00",Credit Card,C00904
T007011,04-03-2025,Smartwatch,Accessories,West,Online,1,"? 16,157.00","? 16,157.00",Net Banking,C00258
T007012,09-03-2025,Camera,Electronics,West,Online,2,"? 63,927.00","? 1,27,854.00",UPI,C01895
T007013,10-09-2025,Laptop,Electronics,East,Online,1,"? 61,991.00","? 61,991.00",Credit Card,C01561
T007014,02-01-2025,Camera,Electronics,West,Online,3,"? 38,978.00","? 1,16,934.00",Credit Card,C01171
T007015,18-04-2025,Gaming Chair,Furniture,South,Online,4,"? 25,476.00","? 1,01,904.00",Net Banking,C00755
T007016,13-10-2025,Keyboard,Accessories,South,Online,4,"? 3,655.00","? 14,620.00",Credit Card,C02062
T007017,18-02-2025,Mouse,Accessories,West,Offline,4,? 611.00,"? 2,444.00",Net Banking,C00430
T007018,20-05-2025,Power Bank,Accessories,East,Online,5,"? 2,381.00","? 11,905.00",Net Banking,C00875
T007019,06-08-2025,Gaming Chair,Furniture,South,Offline,2,"? 23,741.00","? 47,482.00",Credit Card,C02004
T007020,13-02-2025,Smartwatch,Accessories,East,Offline,1,"? 18,324.00","? 18,324.00",UPI,C01742
T007021,26-09-2025,Laptop,Electronics,East,Offline,2,"? 94,791.00","? 1,89,582.00",Cash,C00923
T007022,19-03-2025,Keyboard,Accessories,South,Online,4,"? 2,143.00","? 8,572.00",UPI,C00888
T007023,04-08-2025,Camera,Electronics,East,Online,3,"? 34,932.00","? 1,04,796.00",Cash,C00269
T007024,08-04-2025,Smartwatch,Accessories,North,Online,5,"? 6,143.00","? 30,715.00",Credit Card,C01460
T007025,24-08-2025,Keyboard,Accessories,North,Online,2,"? 1,278.00","? 2,556.00",UPI,C02023
T007026,09-10-2025,Speaker,Accessories,North,Offline,3,"? 9,144.00","? 27,432.00",Credit Card,C00585
T007027,29-05-2025,Camera,Electronics,West,Online,4,"? 29,946.00","? 1,19,784.00",Net Banking,C00087
T007028,31-10-2025,Webcam,Accessories,South,Online,4,"? 4,479.00","? 17,916.00",Cash,C00351
T007029,07-03-2025,Mouse,Accessories,North,Online,4,"? 2,499.00","? 9,996.00",Credit Card,C01702
T007030,22-08-2025,Mouse,Accessories,East,Online,4,? 821.00,"? 3,284.00",Credit Card,C01833
T007031,28-03-2025,Smartphone,Electronics,North,Offline,5,"? 64,762.00","? 3,23,810.00",Net Banking,C01255
T007032,20-03-2025,Webcam,Accessories,East,Offline,5,"? 1,630.00","? 8,150.00",Cash,C01728
T007033,24-07-2025,Power Bank,Accessories,South,Online,2,"? 3,447.00","? 6,894.00",Net Banking,C00568
T007034,06-10-2025,Tablet,Electronics,North,Online,4,"? 40,343.00","? 1,61,372.00",Credit Card,C00215
T007035,03-12-2025,Power Bank,Accessories,South,Offline,5,"? 4,879.00","? 24,395.00",Cash,C00817
T007036,11-09-2025,Keyboard,Accessories,North,Offline,3,"? 3,134.00","? 9,402.00",Net Banking,C00757
T007037,31-10-2025,Tablet,Electronics,East,Offline,5,"? 13,729.00","? 68,645.00",Credit Card,C00679
T007038,10-05-2025,Smartphone,Electronics,East,Online,5,"? 52,199.00","? 2,60,995.00",Cash,C00823
T007039,25-03-2025,Headphones,Accessories,West,Online,2,"? 2,024.00","? 4,048.00",Net Banking,C00971
T007040,03-10-2025,Smartwatch,Accessories,West,Online,5,"? 9,039.00","? 45,195.00",UPI,C02496
T007041,06-07-2025,Speaker,Accessories,West,Offline,3,"? 2,037.00","? 6,111.00",UPI,C01795
T007042,15-02-2025,Camera,Electronics,North,Offline,4,"? 52,179.00","? 2,08,716.00",UPI,C02184
T007043,02-07-2025,Printer,Electronics,South,Online,1,"? 10,591.00","? 10,591.00",Cash,C01743
T007044,25-09-2025,Tablet,Electronics,North,Online,2,"? 42,037.00","? 84,074.00",UPI,C00761
T007045,23-10-2025,Tablet,Electronics,East,Offline,3,"? 43,275.00","? 1,29,825.00",UPI,C02302
T007046,18-11-2025,Keyboard,Accessories,South,Offline,2,"? 4,624.00","? 9,248.00",UPI,C00329
T007047,10-04-2025,Smartwatch,Accessories,East,Offline,4,"? 10,872.00","? 43,488.00",Credit Card,C01818
T007048,19-03-2025,Keyboard,Accessories,West,Offline,5,"? 3,312.00","? 16,560.00",Net Banking,C02312
T007049,29-09-2025,Mouse,Accessories,East,Online,5,"? 1,180.00","? 5,900.00",UPI,C01012
T007050,05-12-2025,Speaker,Accessories,North,Online,3,"? 10,451.00","? 31,353.00",Credit Card,C00373
T007051,11-06-2025,Tablet,Electronics,East,Offline,4,"? 30,607.00","? 1,22,428.00",UPI,C01084
T007052,13-02-2025,Webcam,Accessories,East,Offline,1,"? 4,647.00","? 4,647.00",Cash,C02016
T007053,26-08-2025,Router,Networking,East,Online,1,"? 6,888.00","? 6,888.00",UPI,C00780
T007054,14-05-2025,Smartwatch,Accessories,South,Online,5,"? 4,193.00","? 20,965.00",Net Banking,C00699
T007055,11-07-2025,Monitor,Electronics,East,Offline,4,"? 32,466.00","? 1,29,864.00",Credit Card,C00187
T007056,22-12-2025,Headphones,Accessories,East,Online,4,"? 3,546.00","? 14,184.00",Net Banking,C00970
T007057,05-10-2025,Camera,Electronics,West,Online,3,"? 74,213.00","? 2,22,639.00",Credit Card,C00044
T007058,18-01-2025,Smartphone,Electronics,West,Offline,1,"? 19,655.00","? 19,655.00",Cash,C00166
T007059,12-01-2025,Headphones,Accessories,North,Offline,3,"? 2,222.00","? 6,666.00",Cash,C01176
T007060,29-06-2025,Smartphone,Electronics,West,Offline,2,"? 20,019.00","? 40,038.00",Credit Card,C02145
T007061,03-05-2025,Tablet,Electronics,East,Online,4,"? 46,342.00","? 1,85,368.00",UPI,C00701
T007062,03-09-2025,Headphones,Accessories,West,Online,1,"? 6,723.00","? 6,723.00",UPI,C02388
T007063,10-08-2025,Headphones,Accessories,South,Online,3,"? 7,546.00","? 22,638.00",Credit Card,C00209
T007064,20-02-2025,Camera,Electronics,North,Offline,5,"? 72,175.00","? 3,60,875.00",Credit Card,C02100
T007065,12-03-2025,Printer,Electronics,West,Offline,2,"? 25,664.00","? 51,328.00",UPI,C01572
T007066,17-02-2025,Camera,Electronics,North,Online,3,"? 68,978.00","? 2,06,934.00",UPI,C00916
T007067,19-01-2025,Keyboard,Accessories,North,Online,5,"? 1,771.00","? 8,855.00",Net Banking,C02010
T007068,19-09-2025,Printer,Electronics,North,Online,1,"? 22,924.00","? 22,924.00",Credit Card,C00524
T007069,25-03-2025,Headphones,Accessories,South,Online,1,"? 1,510.00","? 1,510.00",Net Banking,C00903
T007070,04-06-2025,Printer,Electronics,East,Online,2,"? 28,546.00","? 57,092.00",Cash,C01502
T007071,22-02-2025,Speaker,Accessories,South,Offline,5,"? 14,142.00","? 70,710.00",Credit Card,C00214
T007072,17-04-2025,Router,Networking,North,Offline,4,"? 1,844.00","? 7,376.00",Net Banking,C01373
T007073,23-12-2025,Printer,Electronics,West,Offline,1,"? 11,179.00","? 11,179.00",Credit Card,C01496
T007074,31-10-2025,Keyboard,Accessories,West,Offline,4,"? 4,942.00","? 19,768.00",UPI,C01091
T007075,15-05-2025,Smartwatch,Accessories,South,Online,4,"? 13,561.00","? 54,244.00",UPI,C00169
T007076,10-03-2025,Tablet,Electronics,West,Offline,3,"? 42,076.00","? 1,26,228.00",Cash,C02200
T007077,11-01-2025,Gaming Chair,Furniture,North,Online,3,"? 20,014.00","? 60,042.00",UPI,C00474
T007078,23-05-2025,Webcam,Accessories,North,Online,1,"? 3,980.00","? 3,980.00",UPI,C02245
T007079,11-07-2025,Smartwatch,Accessories,East,Online,4,"? 10,590.00","? 42,360.00",Credit Card,C00013
T007080,10-03-2025,Webcam,Accessories,North,Offline,3,"? 7,319.00","? 21,957.00",UPI,C00741
T007081,23-01-2025,Tablet,Electronics,West,Online,5,"? 37,856.00","? 1,89,280.00",Net Banking,C00162
T007082,30-06-2025,Smartwatch,Accessories,East,Online,5,"? 15,722.00","? 78,610.00",Cash,C00608
T007083,20-10-2025,Smartwatch,Accessories,West,Online,5,"? 14,874.00","? 74,370.00",Net Banking,C00728
T007084,09-01-2025,Smartphone,Electronics,South,Offline,5,"? 24,486.00","? 1,22,430.00",Cash,C00643
T007085,28-09-2025,Gaming Chair,Furniture,East,Online,4,"? 22,681.00","? 90,724.00",Cash,C02006
T007086,03-04-2025,Gaming Chair,Furniture,North,Offline,5,"? 19,701.00","? 98,505.00",UPI,C01510
T007087,17-01-2025,Printer,Electronics,East,Offline,4,"? 21,372.00","? 85,488.00",Credit Card,C00803
T007088,03-06-2025,Webcam,Accessories,North,Offline,1,"? 7,023.00","? 7,023.00",Net Banking,C01812
T007089,24-11-2025,Mouse,Accessories,North,Online,1,"? 1,137.00","? 1,137.00",UPI,C01072
T007090,29-05-2025,Gaming Chair,Furniture,West,Online,5,"? 28,233.00","? 1,41,165.00",Net Banking,C01092
T007091,24-09-2025,Keyboard,Accessories,North,Offline,5,"? 2,477.00","? 12,385.00",UPI,C02282
T007092,24-11-2025,Smartwatch,Accessories,North,Online,5,"? 5,763.00","? 28,815.00",Net Banking,C02289
T007093,16-04-2025,Webcam,Accessories,North,Online,1,"? 4,558.00","? 4,558.00",UPI,C01023
T007094,04-02-2025,Headphones,Accessories,West,Online,3,"? 10,498.00","? 31,494.00",Cash,C01735
T007095,29-04-2025,Monitor,Electronics,North,Offline,1,"? 10,465.00","? 10,465.00",Net Banking,C00154
T007096,14-01-2025,Smartphone,Electronics,South,Online,5,"? 19,451.00","? 97,255.00",Cash,C02207
T007097,14-01-2025,Monitor,Electronics,West,Online,3,"? 24,061.00","? 72,183.00",Cash,C00182
T007098,23-09-2025,Laptop,Electronics,South,Online,3,"? 50,015.00","? 1,50,045.00",Credit Card,C01208
T007099,20-05-2025,Camera,Electronics,East,Offline,2,"? 24,410.00","? 48,820.00",Net Banking,C00565
T007100,21-10-2025,Laptop,Electronics,West,Offline,4,"? 68,964.00","? 2,75,856.00",Credit Card,C01224
T007101,30-12-2025,Tablet,Electronics,South,Offline,5,"? 15,135.00","? 75,675.00",Credit Card,C01981
T007102,29-04-2025,Smartwatch,Accessories,West,Online,4,"? 17,824.00","? 71,296.00",Credit Card,C00546
T007103,26-08-2025,Gaming Chair,Furniture,North,Offline,2,"? 15,948.00","? 31,896.00",Cash,C02388
T007104,03-02-2025,Keyboard,Accessories,West,Online,4,"? 3,292.00","? 13,168.00",Credit Card,C00709
T007105,18-06-2025,Headphones,Accessories,East,Online,5,"? 5,789.00","? 28,945.00",UPI,C00523
T007106,10-01-2025,Mouse,Accessories,South,Offline,2,? 468.00,? 936.00,Cash,C01907
T007107,02-05-2025,Mouse,Accessories,West,Offline,4,? 810.00,"? 3,240.00",UPI,C02279
T007108,25-05-2025,Smartphone,Electronics,North,Offline,1,"? 22,232.00","? 22,232.00",Credit Card,C01867
T007109,11-08-2025,Smartphone,Electronics,South,Offline,3,"? 58,819.00","? 1,76,457.00",Credit Card,C00671
T007110,14-09-2025,Smartphone,Electronics,South,Online,2,"? 65,070.00","? 1,30,140.00",UPI,C02366
T007111,25-09-2025,Webcam,Accessories,South,Online,1,"? 6,335.00","? 6,335.00",Cash,C01384
T007112,25-12-2025,Gaming Chair,Furniture,East,Online,5,"? 11,343.00","? 56,715.00",Credit Card,C02122
T007113,04-01-2025,Webcam,Accessories,North,Online,3,"? 3,986.00","? 11,958.00",Net Banking,C00365
T007114,20-12-2025,Smartphone,Electronics,North,Offline,2,"? 25,769.00","? 51,538.00",Credit Card,C02312
T007115,16-04-2025,Router,Networking,South,Online,3,"? 1,772.00","? 5,316.00",Credit Card,C01904
T007116,26-03-2025,Printer,Electronics,West,Offline,2,"? 26,938.00","? 53,876.00",Cash,C00185
T007117,02-08-2025,Gaming Chair,Furniture,South,Online,2,"? 8,819.00","? 17,638.00",Credit Card,C00693
T007118,01-05-2025,Smartwatch,Accessories,North,Online,4,"? 4,615.00","? 18,460.00",Credit Card,C00730
T007119,12-05-2025,Speaker,Accessories,East,Online,3,"? 14,648.00","? 43,944.00",UPI,C01130
T007120,04-12-2025,Monitor,Electronics,East,Offline,3,"? 14,069.00","? 42,207.00",Credit Card,C00567
T007121,16-07-2025,Smartwatch,Accessories,South,Offline,1,"? 7,640.00","? 7,640.00",Credit Card,C02185
T007122,19-01-2025,Router,Networking,East,Offline,5,"? 4,044.00","? 20,220.00",Net Banking,C01312
T007123,10-05-2025,Speaker,Accessories,East,Offline,1,"? 5,484.00","? 5,484.00",Cash,C00343
T007124,12-01-2025,Smartwatch,Accessories,West,Offline,4,"? 9,701.00","? 38,804.00",Credit Card,C00612
T007125,22-03-2025,Laptop,Electronics,East,Offline,2,"? 69,365.00","? 1,38,730.00",UPI,C00005
T007126,26-11-2025,Keyboard,Accessories,West,Online,4,"? 2,590.00","? 10,360.00",Credit Card,C01911
T007127,20-12-2025,Headphones,Accessories,South,Online,4,"? 4,039.00","? 16,156.00",Cash,C00624
T007128,19-09-2025,Webcam,Accessories,North,Online,1,"? 6,435.00","? 6,435.00",UPI,C00498
T007129,05-05-2025,Tablet,Electronics,North,Offline,2,"? 41,915.00","? 83,830.00",Net Banking,C01970
T007130,03-11-2025,Keyboard,Accessories,West,Offline,5,"? 3,382.00","? 16,910.00",Cash,C00223
T007131,24-09-2025,Smartphone,Electronics,North,Offline,4,"? 64,754.00","? 2,59,016.00",UPI,C01722
T007132,20-05-2025,Monitor,Electronics,South,Online,5,"? 23,071.00","? 1,15,355.00",Credit Card,C00953
T007133,25-11-2025,Laptop,Electronics,North,Online,2,"? 94,897.00","? 1,89,794.00",Cash,C01907
T007134,02-01-2025,Power Bank,Accessories,East,Online,2,"? 2,232.00","? 4,464.00",Credit Card,C01161
T007135,08-01-2025,Printer,Electronics,South,Online,1,"? 20,121.00","? 20,121.00",Cash,C01891
T007136,07-09-2025,Monitor,Electronics,South,Online,3,"? 20,654.00","? 61,962.00",Cash,C00538
T007137,19-05-2025,Laptop,Electronics,North,Online,1,"? 91,215.00","? 91,215.00",Net Banking,C00703
T007138,04-05-2025,Camera,Electronics,North,Offline,5,"? 22,487.00","? 1,12,435.00",Net Banking,C02242
T007139,05-11-2025,Power Bank,Accessories,West,Online,1,"? 2,158.00","? 2,158.00",UPI,C00997
T007140,16-08-2025,Webcam,Accessories,East,Offline,2,"? 2,189.00","? 4,378.00",Credit Card,C01854
T007141,10-01-2025,Printer,Electronics,North,Offline,4,"? 14,499.00","? 57,996.00",UPI,C00732
T007142,31-07-2025,Smartphone,Electronics,North,Online,3,"? 21,131.00","? 63,393.00",UPI,C02261
T007143,22-04-2025,Tablet,Electronics,West,Online,2,"? 45,934.00","? 91,868.00",Credit Card,C00587
T007144,08-01-2025,Smartphone,Electronics,North,Offline,4,"? 39,984.00","? 1,59,936.00",Cash,C01005
T007145,19-10-2025,Router,Networking,East,Offline,5,"? 5,451.00","? 27,255.00",Credit Card,C01776
T007146,28-12-2025,Gaming Chair,Furniture,East,Online,5,"? 8,825.00","? 44,125.00",Credit Card,C01115
T007147,10-09-2025,Monitor,Electronics,South,Online,5,"? 9,191.00","? 45,955.00",Credit Card,C00625
T007148,14-01-2025,Smartphone,Electronics,South,Offline,1,"? 58,094.00","? 58,094.00",Net Banking,C00613
T007149,28-08-2025,Camera,Electronics,East,Online,5,"? 83,490.00","? 4,17,450.00",Credit Card,C01404
T007150,30-08-2025,Smartphone,Electronics,West,Online,5,"? 29,707.00","? 1,48,535.00",Credit Card,C00011
T007151,08-12-2025,Webcam,Accessories,South,Offline,1,"? 7,147.00","? 7,147.00",Net Banking,C01998
T007152,29-05-2025,Laptop,Electronics,East,Offline,4,"? 89,553.00","? 3,58,212.00",Cash,C01540
T007153,24-08-2025,Mouse,Accessories,East,Online,2,? 497.00,? 994.00,UPI,C01741
T007154,02-11-2025,Power Bank,Accessories,South,Offline,3,"? 2,574.00","? 7,722.00",Cash,C00555
T007155,16-06-2025,Smartphone,Electronics,East,Offline,5,"? 37,025.00","? 1,85,125.00",Cash,C00764
T007156,20-01-2025,Camera,Electronics,East,Offline,5,"? 48,992.00","? 2,44,960.00",Credit Card,C00551
T007157,04-08-2025,Smartwatch,Accessories,East,Online,5,"? 18,917.00","? 94,585.00",Cash,C01851
T007158,09-12-2025,Smartwatch,Accessories,East,Online,1,"? 13,059.00","? 13,059.00",UPI,C01871
T007159,15-05-2025,Tablet,Electronics,South,Online,1,"? 32,894.00","? 32,894.00",Cash,C00755
T007160,09-05-2025,Tablet,Electronics,West,Online,1,"? 43,975.00","? 43,975.00",Cash,C00337
T007161,21-10-2025,Router,Networking,East,Offline,3,"? 1,916.00","? 5,748.00",UPI,C00055
T007162,03-09-2025,Power Bank,Accessories,North,Offline,2,"? 3,576.00","? 7,152.00",Cash,C01117
T007163,08-07-2025,Tablet,Electronics,West,Offline,5,"? 11,237.00","? 56,185.00",UPI,C00108
T007164,13-02-2025,Keyboard,Accessories,North,Online,4,"? 2,643.00","? 10,572.00",Credit Card,C02457
T007165,27-03-2025,Gaming Chair,Furniture,North,Offline,5,"? 18,292.00","? 91,460.00",Net Banking,C01756
T007166,13-02-2025,Headphones,Accessories,East,Online,5,"? 5,836.00","? 29,180.00",Cash,C00549
T007167,26-11-2025,Router,Networking,South,Online,5,"? 5,618.00","? 28,090.00",Cash,C01658
T007168,25-05-2025,Tablet,Electronics,North,Online,5,"? 38,250.00","? 1,91,250.00",Cash,C00587
T007169,20-02-2025,Smartphone,Electronics,North,Offline,2,"? 28,942.00","? 57,884.00",Net Banking,C01232
T007170,30-08-2025,Router,Networking,North,Online,4,"? 1,959.00","? 7,836.00",Net Banking,C00850
T007171,21-10-2025,Tablet,Electronics,East,Online,1,"? 22,769.00","? 22,769.00",Credit Card,C00489
T007172,20-02-2025,Headphones,Accessories,East,Online,4,"? 1,119.00","? 4,476.00",UPI,C00822
T007173,23-09-2025,Keyboard,Accessories,South,Offline,5,"? 2,955.00","? 14,775.00",Credit Card,C00073
T007174,30-04-2025,Headphones,Accessories,East,Online,4,"? 6,980.00","? 27,920.00",Credit Card,C01902
T007175,19-07-2025,Monitor,Electronics,West,Offline,5,"? 16,509.00","? 82,545.00",UPI,C00448
T007176,05-09-2025,Tablet,Electronics,South,Online,4,"? 32,865.00","? 1,31,460.00",Credit Card,C00830
T007177,11-03-2025,Power Bank,Accessories,East,Online,3,"? 1,667.00","? 5,001.00",Credit Card,C00580
T007178,07-12-2025,Tablet,Electronics,East,Offline,4,"? 26,201.00","? 1,04,804.00",UPI,C00166
T007179,26-02-2025,Tablet,Electronics,North,Online,1,"? 28,936.00","? 28,936.00",UPI,C00434
T007180,08-02-2025,Monitor,Electronics,East,Online,1,"? 21,258.00","? 21,258.00",Credit Card,C01820
T007181,16-10-2025,Headphones,Accessories,North,Offline,4,"? 6,378.00","? 25,512.00",Credit Card,C00070
T007182,18-01-2025,Laptop,Electronics,East,Online,4,"? 53,228.00","? 2,12,912.00",Credit Card,C00543
T007183,08-08-2025,Smartphone,Electronics,East,Offline,2,"? 64,228.00","? 1,28,456.00",Credit Card,C02233
T007184,09-11-2025,Router,Networking,East,Online,4,"? 4,910.00","? 19,640.00",Credit Card,C02175
T007185,01-09-2025,Gaming Chair,Furniture,East,Online,1,"? 8,408.00","? 8,408.00",Net Banking,C01674
T007186,18-12-2025,Camera,Electronics,East,Offline,3,"? 67,497.00","? 2,02,491.00",Credit Card,C00140
T007187,31-10-2025,Router,Networking,South,Online,1,"? 3,767.00","? 3,767.00",UPI,C00156
T007188,25-10-2025,Router,Networking,East,Online,2,"? 2,243.00","? 4,486.00",Net Banking,C02379
T007189,10-10-2025,Gaming Chair,Furniture,East,Online,4,"? 28,912.00","? 1,15,648.00",UPI,C01504
T007190,15-03-2025,Smartphone,Electronics,North,Online,3,"? 69,726.00","? 2,09,178.00",Credit Card,C00321
T007191,20-04-2025,Gaming Chair,Furniture,West,Offline,1,"? 13,773.00","? 13,773.00",UPI,C01947
T007192,29-06-2025,Tablet,Electronics,West,Offline,3,"? 46,765.00","? 1,40,295.00",Net Banking,C01936
T007193,01-02-2025,Keyboard,Accessories,South,Offline,5,"? 2,531.00","? 12,655.00",Cash,C00164
T007194,22-08-2025,Monitor,Electronics,East,Online,1,"? 15,307.00","? 15,307.00",Cash,C01350
T007195,09-10-2025,Power Bank,Accessories,West,Offline,5,"? 1,787.00","? 8,935.00",Credit Card,C02186
T007196,25-01-2025,Laptop,Electronics,North,Online,3,"? 55,617.00","? 1,66,851.00",Cash,C00202
T007197,27-11-2025,Printer,Electronics,North,Offline,4,"? 8,701.00","? 34,804.00",Credit Card,C00090
T007198,06-10-2025,Laptop,Electronics,South,Offline,4,"? 53,907.00","? 2,15,628.00",UPI,C00994
T007199,14-08-2025,Camera,Electronics,North,Online,4,"? 33,841.00","? 1,35,364.00",UPI,C01473
T007200,26-02-2025,Smartphone,Electronics,West,Offline,5,"? 40,330.00","? 2,01,650.00",Cash,C00586
T007201,29-06-2025,Tablet,Electronics,West,Offline,4,"? 23,407.00","? 93,628.00",UPI,C01470
T007202,20-08-2025,Mouse,Accessories,West,Offline,2,? 427.00,? 854.00,Credit Card,C00801
T007203,09-12-2025,Printer,Electronics,East,Offline,1,"? 21,323.00","? 21,323.00",UPI,C00986
T007204,14-10-2025,Tablet,Electronics,North,Offline,1,"? 42,199.00","? 42,199.00",UPI,C00677
T007205,05-03-2025,Monitor,Electronics,North,Offline,3,"? 30,552.00","? 91,656.00",UPI,C01905
T007206,20-08-2025,Webcam,Accessories,East,Offline,5,"? 4,975.00","? 24,875.00",Credit Card,C00653
T007207,16-10-2025,Printer,Electronics,West,Online,1,"? 12,816.00","? 12,816.00",UPI,C02406
T007208,01-08-2025,Camera,Electronics,North,Offline,5,"? 69,693.00","? 3,48,465.00",Cash,C01890
T007209,15-09-2025,Mouse,Accessories,West,Online,3,? 564.00,"? 1,692.00",Cash,C01829
T007210,18-01-2025,Headphones,Accessories,East,Offline,4,"? 11,447.00","? 45,788.00",Cash,C01440
T007211,24-06-2025,Headphones,Accessories,West,Offline,3,"? 8,092.00","? 24,276.00",Credit Card,C00764
T007212,17-08-2025,Headphones,Accessories,South,Online,2,"? 1,984.00","? 3,968.00",Cash,C02216
T007213,14-08-2025,Keyboard,Accessories,East,Offline,4,"? 3,361.00","? 13,444.00",Cash,C00655
T007214,25-03-2025,Headphones,Accessories,West,Offline,4,"? 5,468.00","? 21,872.00",Cash,C02404
T007215,18-10-2025,Smartwatch,Accessories,East,Online,4,"? 2,617.00","? 10,468.00",UPI,C01388
T007216,03-09-2025,Printer,Electronics,North,Online,3,"? 18,105.00","? 54,315.00",Credit Card,C01360
T007217,20-04-2025,Power Bank,Accessories,South,Online,2,? 868.00,"? 1,736.00",Credit Card,C00085
T007218,11-09-2025,Mouse,Accessories,East,Offline,5,"? 1,943.00","? 9,715.00",Cash,C00866
T007219,29-03-2025,Monitor,Electronics,West,Online,3,"? 19,616.00","? 58,848.00",UPI,C01142
T007220,13-03-2025,Smartwatch,Accessories,North,Offline,1,"? 2,000.00","? 2,000.00",UPI,C01062
T007221,30-01-2025,Smartwatch,Accessories,West,Online,1,"? 14,605.00","? 14,605.00",Net Banking,C00483
T007222,21-06-2025,Router,Networking,West,Online,3,"? 7,474.00","? 22,422.00",UPI,C00136
T007223,05-11-2025,Speaker,Accessories,East,Online,5,"? 9,877.00","? 49,385.00",Credit Card,C00076
T007224,09-12-2025,Mouse,Accessories,East,Online,1,"? 1,127.00","? 1,127.00",UPI,C02343
T007225,26-06-2025,Speaker,Accessories,West,Online,5,"? 12,201.00","? 61,005.00",Cash,C00316
T007226,19-05-2025,Router,Networking,East,Online,4,"? 5,938.00","? 23,752.00",Cash,C00497
T007227,13-07-2025,Gaming Chair,Furniture,West,Offline,3,"? 22,970.00","? 68,910.00",Net Banking,C00956
T007228,05-07-2025,Power Bank,Accessories,East,Online,4,"? 3,879.00","? 15,516.00",Cash,C00621
T007229,06-08-2025,Monitor,Electronics,South,Offline,1,"? 31,103.00","? 31,103.00",UPI,C00018
T007230,13-06-2025,Printer,Electronics,East,Offline,5,"? 28,402.00","? 1,42,010.00",Net Banking,C01915
T007231,10-06-2025,Webcam,Accessories,West,Online,4,"? 1,882.00","? 7,528.00",Credit Card,C00432
T007232,13-01-2025,Gaming Chair,Furniture,North,Online,1,"? 18,878.00","? 18,878.00",Credit Card,C00616
T007233,23-10-2025,Smartphone,Electronics,East,Offline,2,"? 32,311.00","? 64,622.00",Cash,C00149
T007234,30-03-2025,Tablet,Electronics,South,Online,4,"? 31,443.00","? 1,25,772.00",Credit Card,C00440
T007235,20-11-2025,Power Bank,Accessories,South,Online,2,"? 1,360.00","? 2,720.00",Credit Card,C00219
T007236,11-02-2025,Power Bank,Accessories,South,Offline,2,"? 1,989.00","? 3,978.00",Net Banking,C02054
T007237,29-07-2025,Smartphone,Electronics,South,Offline,1,"? 65,049.00","? 65,049.00",Net Banking,C00671
T007238,17-08-2025,Camera,Electronics,West,Online,3,"? 34,974.00","? 1,04,922.00",UPI,C01019
T007239,16-12-2025,Mouse,Accessories,South,Offline,5,"? 2,328.00","? 11,640.00",UPI,C01275
T007240,02-10-2025,Power Bank,Accessories,North,Offline,1,"? 3,168.00","? 3,168.00",Credit Card,C01503
T007241,06-10-2025,Smartphone,Electronics,East,Offline,4,"? 41,314.00","? 1,65,256.00",UPI,C01910
T007242,08-09-2025,Power Bank,Accessories,South,Online,5,"? 3,845.00","? 19,225.00",Credit Card,C02116
T007243,06-11-2025,Gaming Chair,Furniture,East,Online,3,"? 12,380.00","? 37,140.00",Cash,C01465
T007244,27-07-2025,Webcam,Accessories,West,Offline,1,"? 3,898.00","? 3,898.00",Cash,C00253
T007245,17-11-2025,Smartphone,Electronics,East,Online,3,"? 69,895.00","? 2,09,685.00",UPI,C00829
T007246,20-05-2025,Gaming Chair,Furniture,West,Offline,4,"? 20,953.00","? 83,812.00",Credit Card,C00884
T007247,07-10-2025,Gaming Chair,Furniture,West,Online,1,"? 10,588.00","? 10,588.00",Credit Card,C01553
T007248,03-02-2025,Smartphone,Electronics,East,Online,4,"? 29,815.00","? 1,19,260.00",UPI,C01091
T007249,05-11-2025,Webcam,Accessories,South,Offline,5,"? 7,856.00","? 39,280.00",UPI,C01851
T007250,18-01-2025,Power Bank,Accessories,North,Online,5,"? 4,485.00","? 22,425.00",Cash,C01902
T007251,26-02-2025,Router,Networking,East,Online,3,"? 2,429.00","? 7,287.00",Credit Card,C00155
T007252,22-04-2025,Headphones,Accessories,North,Offline,3,"? 5,309.00","? 15,927.00",Net Banking,C01359
T007253,05-01-2025,Laptop,Electronics,East,Online,5,"? 70,783.00","? 3,53,915.00",Credit Card,C00388
T007254,01-07-2025,Smartphone,Electronics,North,Offline,2,"? 67,378.00","? 1,34,756.00",UPI,C00004
T007255,13-01-2025,Tablet,Electronics,East,Online,5,"? 11,403.00","? 57,015.00",Credit Card,C00985
T007256,05-12-2025,Mouse,Accessories,North,Online,1,? 599.00,? 599.00,UPI,C02428
T007257,12-10-2025,Camera,Electronics,North,Online,4,"? 48,327.00","? 1,93,308.00",UPI,C01739
T007258,16-09-2025,Laptop,Electronics,East,Offline,5,"? 52,285.00","? 2,61,425.00",UPI,C00033
T007259,31-03-2025,Keyboard,Accessories,East,Online,5,"? 1,370.00","? 6,850.00",Cash,C01035
T007260,14-04-2025,Tablet,Electronics,West,Online,4,"? 11,728.00","? 46,912.00",Credit Card,C00716
T007261,05-07-2025,Tablet,Electronics,North,Offline,4,"? 21,430.00","? 85,720.00",UPI,C01533
T007262,07-09-2025,Headphones,Accessories,East,Offline,1,"? 2,249.00","? 2,249.00",Cash,C02233
T007263,12-09-2025,Router,Networking,South,Offline,4,"? 2,378.00","? 9,512.00",UPI,C01178
T007264,17-03-2025,Headphones,Accessories,South,Online,3,"? 3,523.00","? 10,569.00",UPI,C00856
T007265,18-04-2025,Mouse,Accessories,West,Online,5,? 897.00,"? 4,485.00",Cash,C01903
T007266,05-06-2025,Tablet,Electronics,South,Offline,4,"? 36,563.00","? 1,46,252.00",Net Banking,C00922
T007267,23-03-2025,Monitor,Electronics,East,Offline,1,"? 33,553.00","? 33,553.00",Cash,C00694
T007268,18-03-2025,Monitor,Electronics,North,Offline,4,"? 24,092.00","? 96,368.00",UPI,C00667
T007269,15-09-2025,Speaker,Accessories,East,Offline,5,"? 9,202.00","? 46,010.00",UPI,C01252
T007270,07-05-2025,Router,Networking,South,Offline,2,"? 4,544.00","? 9,088.00",Cash,C00102
T007271,09-10-2025,Mouse,Accessories,South,Online,4,"? 1,183.00","? 4,732.00",UPI,C01718
T007272,29-03-2025,Smartphone,Electronics,East,Offline,3,"? 25,668.00","? 77,004.00",UPI,C00258
T007273,23-07-2025,Smartwatch,Accessories,West,Offline,5,"? 18,922.00","? 94,610.00",UPI,C01801
T007274,16-01-2025,Keyboard,Accessories,East,Offline,1,"? 4,740.00","? 4,740.00",Cash,C00072
T007275,31-05-2025,Power Bank,Accessories,West,Offline,5,"? 1,700.00","? 8,500.00",UPI,C02408
T007276,11-09-2025,Camera,Electronics,South,Online,2,"? 54,234.00","? 1,08,468.00",Credit Card,C00884
T007277,07-07-2025,Headphones,Accessories,North,Offline,1,"? 8,714.00","? 8,714.00",Credit Card,C00115
T007278,25-11-2025,Router,Networking,North,Online,2,"? 3,233.00","? 6,466.00",Credit Card,C00577
T007279,01-02-2025,Camera,Electronics,East,Online,2,"? 53,258.00","? 1,06,516.00",Cash,C01434
T007280,28-09-2025,Smartwatch,Accessories,West,Online,3,"? 12,226.00","? 36,678.00",Net Banking,C01451
T007281,05-01-2025,Gaming Chair,Furniture,South,Offline,4,"? 16,166.00","? 64,664.00",UPI,C01753
T007282,26-11-2025,Printer,Electronics,North,Offline,3,"? 16,903.00","? 50,709.00",Net Banking,C01703
T007283,04-11-2025,Speaker,Accessories,East,Offline,3,"? 7,525.00","? 22,575.00",Credit Card,C01552
T007284,29-11-2025,Mouse,Accessories,East,Online,3,"? 1,886.00","? 5,658.00",UPI,C01815
T007285,18-06-2025,Smartphone,Electronics,South,Online,1,"? 29,885.00","? 29,885.00",Cash,C00308
T007286,30-06-2025,Speaker,Accessories,South,Offline,4,"? 7,599.00","? 30,396.00",Credit Card,C00787
T007287,27-06-2025,Laptop,Electronics,East,Online,4,"? 76,076.00","? 3,04,304.00",UPI,C01890
T007288,23-05-2025,Smartphone,Electronics,East,Online,1,"? 64,349.00","? 64,349.00",Credit Card,C01982
T007289,28-12-2025,Tablet,Electronics,East,Offline,3,"? 19,726.00","? 59,178.00",Credit Card,C00392
T007290,05-09-2025,Speaker,Accessories,West,Online,3,"? 3,213.00","? 9,639.00",Cash,C01651
T007291,07-05-2025,Smartphone,Electronics,South,Online,2,"? 24,540.00","? 49,080.00",UPI,C00087
T007292,20-09-2025,Speaker,Accessories,East,Offline,2,"? 6,283.00","? 12,566.00",UPI,C01163
T007293,09-02-2025,Tablet,Electronics,South,Offline,5,"? 18,102.00","? 90,510.00",Credit Card,C01403
T007294,21-12-2025,Camera,Electronics,East,Offline,2,"? 32,754.00","? 65,508.00",Credit Card,C00866
T007295,12-09-2025,Webcam,Accessories,East,Offline,4,"? 5,344.00","? 21,376.00",Credit Card,C00153
T007296,23-05-2025,Speaker,Accessories,East,Offline,1,"? 2,095.00","? 2,095.00",Credit Card,C00618
T007297,28-08-2025,Speaker,Accessories,South,Online,3,"? 9,830.00","? 29,490.00",Net Banking,C02338
T007298,16-08-2025,Webcam,Accessories,East,Offline,5,"? 2,514.00","? 12,570.00",Net Banking,C01519
T007299,07-12-2025,Power Bank,Accessories,East,Online,2,"? 1,041.00","? 2,082.00",Net Banking,C01932
T007300,17-07-2025,Gaming Chair,Furniture,South,Online,5,"? 26,747.00","? 1,33,735.00",UPI,C00938
T007301,06-03-2025,Power Bank,Accessories,East,Online,1,"? 1,532.00","? 1,532.00",Net Banking,C00871
T007302,11-01-2025,Printer,Electronics,North,Offline,1,"? 6,134.00","? 6,134.00",UPI,C01615
T007303,18-04-2025,Headphones,Accessories,North,Offline,5,"? 4,761.00","? 23,805.00",Net Banking,C01135
T007304,26-01-2025,Power Bank,Accessories,East,Online,5,"? 3,426.00","? 17,130.00",UPI,C02435
T007305,31-05-2025,Printer,Electronics,West,Online,5,"? 16,316.00","? 81,580.00",Cash,C01265
T007306,09-08-2025,Speaker,Accessories,South,Offline,3,"? 8,679.00","? 26,037.00",Cash,C00228
T007307,07-12-2025,Tablet,Electronics,East,Online,4,"? 44,278.00","? 1,77,112.00",UPI,C01686
T007308,25-08-2025,Power Bank,Accessories,South,Offline,2,"? 2,618.00","? 5,236.00",UPI,C00975
T007309,25-08-2025,Laptop,Electronics,West,Online,2,"? 95,813.00","? 1,91,626.00",UPI,C00073
T007310,07-08-2025,Speaker,Accessories,West,Online,2,"? 4,296.00","? 8,592.00",UPI,C01553
T007311,31-05-2025,Smartwatch,Accessories,South,Online,5,"? 8,907.00","? 44,535.00",UPI,C02145
T007312,03-05-2025,Camera,Electronics,West,Online,5,"? 83,828.00","? 4,19,140.00",Credit Card,C00263
T007313,24-05-2025,Camera,Electronics,West,Offline,5,"? 89,942.00","? 4,49,710.00",Credit Card,C01015
T007314,08-07-2025,Gaming Chair,Furniture,South,Offline,3,"? 27,748.00","? 83,244.00",Net Banking,C00223
T007315,12-09-2025,Smartphone,Electronics,West,Online,3,"? 38,152.00","? 1,14,456.00",UPI,C01550
T007316,09-03-2025,Headphones,Accessories,North,Offline,3,"? 10,591.00","? 31,773.00",Cash,C00485
T007317,14-04-2025,Smartphone,Electronics,East,Offline,3,"? 24,742.00","? 74,226.00",Net Banking,C02308
T007318,02-12-2025,Smartphone,Electronics,North,Online,1,"? 18,411.00","? 18,411.00",Credit Card,C01709
T007319,08-06-2025,Router,Networking,North,Offline,3,"? 1,582.00","? 4,746.00",Cash,C02239
T007320,05-11-2025,Tablet,Electronics,East,Offline,3,"? 48,464.00","? 1,45,392.00",Credit Card,C02314
T007321,28-12-2025,Smartwatch,Accessories,North,Online,3,"? 15,763.00","? 47,289.00",Net Banking,C00557
T007322,27-10-2025,Headphones,Accessories,East,Online,2,"? 10,671.00","? 21,342.00",UPI,C00982
T007323,31-03-2025,Smartphone,Electronics,East,Offline,2,"? 58,880.00","? 1,17,760.00",Cash,C02264
T007324,23-12-2025,Webcam,Accessories,South,Offline,2,"? 3,940.00","? 7,880.00",Net Banking,C01719
T007325,13-09-2025,Speaker,Accessories,East,Online,4,"? 7,260.00","? 29,040.00",Net Banking,C02194
T007326,19-12-2025,Gaming Chair,Furniture,East,Online,1,"? 26,166.00","? 26,166.00",UPI,C01153
T007327,08-08-2025,Gaming Chair,Furniture,West,Online,5,"? 22,365.00","? 1,11,825.00",Net Banking,C01888
T007328,09-01-2025,Camera,Electronics,West,Online,3,"? 66,662.00","? 1,99,986.00",UPI,C01057
T007329,12-01-2025,Smartphone,Electronics,North,Online,2,"? 46,891.00","? 93,782.00",UPI,C02439
T007330,21-11-2025,Gaming Chair,Furniture,East,Online,1,"? 14,426.00","? 14,426.00",Cash,C00083
T007331,01-09-2025,Keyboard,Accessories,East,Online,3,"? 1,430.00","? 4,290.00",Credit Card,C00453
T007332,01-07-2025,Mouse,Accessories,South,Offline,4,"? 1,742.00","? 6,968.00",Credit Card,C01098
T007333,11-10-2025,Power Bank,Accessories,East,Online,5,"? 2,160.00","? 10,800.00",UPI,C01668
T007334,08-11-2025,Camera,Electronics,South,Online,3,"? 54,846.00","? 1,64,538.00",Credit Card,C01688
T007335,09-04-2025,Keyboard,Accessories,East,Online,5,"? 1,677.00","? 8,385.00",Cash,C02478
T007336,16-07-2025,Mouse,Accessories,West,Online,3,"? 1,314.00","? 3,942.00",Credit Card,C01990
T007337,14-08-2025,Laptop,Electronics,West,Online,4,"? 90,561.00","? 3,62,244.00",Cash,C01913
T007338,29-11-2025,Keyboard,Accessories,West,Online,1,"? 2,337.00","? 2,337.00",Cash,C01420
T007339,13-04-2025,Speaker,Accessories,North,Online,5,"? 11,673.00","? 58,365.00",UPI,C00702
T007340,16-04-2025,Tablet,Electronics,East,Online,5,"? 29,684.00","? 1,48,420.00",Net Banking,C00852
T007341,31-12-2025,Laptop,Electronics,West,Offline,1,"? 86,772.00","? 86,772.00",Net Banking,C00218
T007342,27-02-2025,Monitor,Electronics,South,Online,5,"? 24,966.00","? 1,24,830.00",UPI,C00460
T007343,19-03-2025,Headphones,Accessories,West,Online,2,"? 9,651.00","? 19,302.00",Net Banking,C01761
T007344,16-03-2025,Camera,Electronics,East,Online,1,"? 77,479.00","? 77,479.00",Cash,C01342
T007345,11-02-2025,Monitor,Electronics,West,Offline,4,"? 18,168.00","? 72,672.00",Cash,C01612
T007346,20-11-2025,Camera,Electronics,East,Offline,3,"? 78,321.00","? 2,34,963.00",Credit Card,C01466
T007347,30-06-2025,Gaming Chair,Furniture,East,Online,3,"? 16,475.00","? 49,425.00",Net Banking,C02214
T007348,02-02-2025,Speaker,Accessories,West,Online,1,"? 12,589.00","? 12,589.00",Credit Card,C01476
T007349,12-03-2025,Headphones,Accessories,South,Online,2,"? 3,398.00","? 6,796.00",UPI,C02193
T007350,25-02-2025,Headphones,Accessories,North,Online,4,"? 5,112.00","? 20,448.00",UPI,C00412
T007351,15-04-2025,Power Bank,Accessories,East,Online,3,"? 2,038.00","? 6,114.00",UPI,C01901
T007352,19-07-2025,Gaming Chair,Furniture,North,Online,3,"? 11,466.00","? 34,398.00",Credit Card,C00386
T007353,11-04-2025,Camera,Electronics,West,Online,2,"? 41,902.00","? 83,804.00",UPI,C01916
T007354,13-09-2025,Headphones,Accessories,East,Online,5,"? 11,653.00","? 58,265.00",UPI,C00038
T007355,03-11-2025,Keyboard,Accessories,East,Online,1,"? 3,866.00","? 3,866.00",Credit Card,C02209
T007356,15-03-2025,Gaming Chair,Furniture,West,Offline,2,"? 8,779.00","? 17,558.00",UPI,C02166
T007357,20-06-2025,Printer,Electronics,North,Online,2,"? 8,134.00","? 16,268.00",Net Banking,C01348
T007358,23-05-2025,Smartwatch,Accessories,South,Offline,2,"? 10,611.00","? 21,222.00",Net Banking,C00198
T007359,15-06-2025,Power Bank,Accessories,West,Online,2,"? 2,626.00","? 5,252.00",Cash,C01506
T007360,18-09-2025,Router,Networking,West,Online,5,"? 4,638.00","? 23,190.00",Credit Card,C02299
T007361,09-08-2025,Camera,Electronics,South,Offline,4,"? 57,723.00","? 2,30,892.00",Cash,C01017
T007362,24-03-2025,Gaming Chair,Furniture,South,Online,2,"? 16,398.00","? 32,796.00",UPI,C00832
T007363,01-07-2025,Webcam,Accessories,South,Offline,2,"? 8,872.00","? 17,744.00",Net Banking,C01573
T007364,03-11-2025,Monitor,Electronics,South,Online,1,"? 27,774.00","? 27,774.00",Net Banking,C00104
T007365,10-01-2025,Monitor,Electronics,West,Online,3,"? 31,634.00","? 94,902.00",Net Banking,C02033
T007366,04-01-2025,Headphones,Accessories,South,Offline,5,"? 8,249.00","? 41,245.00",UPI,C01258
T007367,17-12-2025,Webcam,Accessories,North,Online,2,"? 5,296.00","? 10,592.00",UPI,C02121
T007368,02-12-2025,Speaker,Accessories,South,Online,4,"? 4,034.00","? 16,136.00",Credit Card,C02082
T007369,19-10-2025,Camera,Electronics,East,Offline,4,"? 38,564.00","? 1,54,256.00",Cash,C01186
T007370,08-10-2025,Printer,Electronics,East,Online,4,"? 21,312.00","? 85,248.00",Net Banking,C00923
T007371,03-08-2025,Printer,Electronics,South,Online,1,"? 26,690.00","? 26,690.00",UPI,C00720
T007372,08-04-2025,Smartwatch,Accessories,West,Offline,4,"? 15,207.00","? 60,828.00",Cash,C01284
T007373,11-04-2025,Keyboard,Accessories,West,Online,1,"? 2,146.00","? 2,146.00",Credit Card,C00337
T007374,09-01-2025,Smartwatch,Accessories,North,Offline,5,"? 2,951.00","? 14,755.00",Credit Card,C01513
T007375,02-03-2025,Tablet,Electronics,West,Offline,4,"? 11,717.00","? 46,868.00",UPI,C01740
T007376,05-11-2025,Speaker,Accessories,North,Online,3,"? 5,742.00","? 17,226.00",Net Banking,C00197
T007377,26-05-2025,Monitor,Electronics,North,Online,2,"? 28,189.00","? 56,378.00",Credit Card,C00995
T007378,04-03-2025,Printer,Electronics,North,Online,5,"? 11,913.00","? 59,565.00",Credit Card,C00100
T007379,01-05-2025,Webcam,Accessories,South,Online,3,"? 8,975.00","? 26,925.00",UPI,C02111
T007380,14-08-2025,Headphones,Accessories,West,Offline,5,"? 5,810.00","? 29,050.00",Credit Card,C01358
T007381,15-04-2025,Printer,Electronics,East,Online,4,"? 21,477.00","? 85,908.00",Credit Card,C01021
T007382,17-09-2025,Printer,Electronics,North,Online,5,"? 23,980.00","? 1,19,900.00",Credit Card,C02332
T007383,15-12-2025,Mouse,Accessories,East,Online,5,"? 2,678.00","? 13,390.00",Cash,C01743
T007384,12-09-2025,Monitor,Electronics,North,Offline,5,"? 14,594.00","? 72,970.00",UPI,C00876
T007385,26-07-2025,Webcam,Accessories,West,Online,1,"? 4,716.00","? 4,716.00",Net Banking,C01623
T007386,28-01-2025,Tablet,Electronics,South,Offline,3,"? 19,098.00","? 57,294.00",Cash,C00419
T007387,19-06-2025,Webcam,Accessories,North,Offline,4,"? 7,255.00","? 29,020.00",UPI,C01314
T007388,02-12-2025,Smartwatch,Accessories,North,Online,2,"? 15,116.00","? 30,232.00",Credit Card,C01794
T007389,17-03-2025,Tablet,Electronics,East,Online,4,"? 16,283.00","? 65,132.00",UPI,C00991
T007390,26-04-2025,Mouse,Accessories,South,Online,4,"? 1,737.00","? 6,948.00",UPI,C02475
T007391,10-03-2025,Keyboard,Accessories,West,Offline,1,"? 4,806.00","? 4,806.00",Credit Card,C00684
T007392,20-12-2025,Speaker,Accessories,North,Offline,1,"? 12,187.00","? 12,187.00",UPI,C00751
T007393,22-08-2025,Tablet,Electronics,West,Online,5,"? 30,857.00","? 1,54,285.00",Credit Card,C01452
T007394,01-01-2025,Printer,Electronics,South,Online,4,"? 12,826.00","? 51,304.00",UPI,C00043
T007395,16-06-2025,Power Bank,Accessories,East,Online,3,"? 3,864.00","? 11,592.00",UPI,C02036
T007396,18-12-2025,Laptop,Electronics,South,Online,1,"? 88,435.00","? 88,435.00",UPI,C01646
T007397,06-08-2025,Camera,Electronics,South,Online,1,"? 36,214.00","? 36,214.00",Net Banking,C00147
T007398,30-09-2025,Tablet,Electronics,South,Online,3,"? 36,531.00","? 1,09,593.00",Net Banking,C00817
T007399,08-09-2025,Webcam,Accessories,South,Online,1,"? 9,513.00","? 9,513.00",UPI,C02429
T007400,13-12-2025,Webcam,Accessories,West,Online,3,"? 4,544.00","? 13,632.00",Net Banking,C01775
T007401,10-12-2025,Webcam,Accessories,West,Online,2,"? 6,518.00","? 13,036.00",Credit Card,C01727
T007402,23-06-2025,Speaker,Accessories,East,Online,3,"? 3,733.00","? 11,199.00",Cash,C01489
T007403,19-06-2025,Webcam,Accessories,North,Online,2,"? 7,137.00","? 14,274.00",Credit Card,C00844
T007404,03-09-2025,Camera,Electronics,North,Online,5,"? 72,398.00","? 3,61,990.00",Credit Card,C01077
T007405,31-03-2025,Speaker,Accessories,South,Online,5,"? 11,506.00","? 57,530.00",Cash,C00213
T007406,18-02-2025,Mouse,Accessories,South,Online,1,"? 2,818.00","? 2,818.00",Net Banking,C01973
T007407,21-10-2025,Tablet,Electronics,West,Online,3,"? 46,809.00","? 1,40,427.00",Cash,C02296
T007408,30-05-2025,Gaming Chair,Furniture,North,Online,1,"? 9,889.00","? 9,889.00",UPI,C01514
T007409,12-05-2025,Tablet,Electronics,East,Online,3,"? 34,060.00","? 1,02,180.00",Cash,C01560
T007410,28-02-2025,Smartphone,Electronics,South,Online,1,"? 25,091.00","? 25,091.00",UPI,C00765
T007411,20-11-2025,Printer,Electronics,West,Online,5,"? 19,515.00","? 97,575.00",UPI,C02232
T007412,18-07-2025,Speaker,Accessories,South,Online,5,"? 4,155.00","? 20,775.00",Cash,C00067
T007413,03-08-2025,Headphones,Accessories,South,Online,1,"? 11,521.00","? 11,521.00",Net Banking,C02081
T007414,18-02-2025,Camera,Electronics,West,Online,3,"? 23,718.00","? 71,154.00",Credit Card,C01191
T007415,20-08-2025,Router,Networking,North,Offline,4,"? 7,035.00","? 28,140.00",Net Banking,C02388
T007416,04-09-2025,Keyboard,Accessories,North,Online,3,"? 1,756.00","? 5,268.00",Credit Card,C01548
T007417,27-08-2025,Smartphone,Electronics,South,Online,1,"? 66,281.00","? 66,281.00",Cash,C01269
T007418,17-06-2025,Printer,Electronics,North,Online,3,"? 15,698.00","? 47,094.00",Net Banking,C01510
T007419,17-02-2025,Webcam,Accessories,West,Online,2,"? 3,130.00","? 6,260.00",UPI,C00596
T007420,20-02-2025,Mouse,Accessories,North,Online,3,"? 1,364.00","? 4,092.00",UPI,C00849
T007421,26-10-2025,Camera,Electronics,South,Online,5,"? 68,051.00","? 3,40,255.00",UPI,C02091
T007422,08-04-2025,Smartwatch,Accessories,South,Online,5,"? 6,590.00","? 32,950.00",Credit Card,C01875
T007423,04-08-2025,Mouse,Accessories,West,Offline,2,"? 1,593.00","? 3,186.00",Credit Card,C00602
T007424,26-06-2025,Gaming Chair,Furniture,South,Online,3,"? 14,866.00","? 44,598.00",Credit Card,C02164
T007425,21-03-2025,Headphones,Accessories,North,Offline,4,"? 9,894.00","? 39,576.00",Credit Card,C00106
T007426,04-07-2025,Router,Networking,West,Offline,3,"? 2,530.00","? 7,590.00",Net Banking,C00685
T007427,27-01-2025,Camera,Electronics,South,Offline,5,"? 66,113.00","? 3,30,565.00",Net Banking,C01413
T007428,14-07-2025,Router,Networking,West,Offline,5,"? 2,062.00","? 10,310.00",Cash,C02289
T007429,02-08-2025,Webcam,Accessories,West,Online,1,"? 7,781.00","? 7,781.00",UPI,C00096
T007430,08-12-2025,Mouse,Accessories,North,Online,5,? 766.00,"? 3,830.00",Credit Card,C00125
T007431,24-04-2025,Smartphone,Electronics,North,Online,1,"? 21,249.00","? 21,249.00",Credit Card,C00234
T007432,30-08-2025,Mouse,Accessories,East,Online,5,"? 1,193.00","? 5,965.00",UPI,C00689
T007433,04-05-2025,Webcam,Accessories,West,Online,5,"? 6,231.00","? 31,155.00",Cash,C00582
T007434,01-11-2025,Headphones,Accessories,North,Offline,4,"? 1,986.00","? 7,944.00",Credit Card,C02040
T007435,17-03-2025,Headphones,Accessories,South,Online,1,"? 10,149.00","? 10,149.00",UPI,C01230
T007436,07-11-2025,Laptop,Electronics,East,Online,1,"? 53,595.00","? 53,595.00",Net Banking,C02281
T007437,08-11-2025,Power Bank,Accessories,East,Offline,5,"? 1,654.00","? 8,270.00",UPI,C00120
T007438,15-07-2025,Tablet,Electronics,South,Online,1,"? 12,256.00","? 12,256.00",Credit Card,C00022
T007439,17-12-2025,Smartwatch,Accessories,North,Online,5,"? 14,101.00","? 70,505.00",Cash,C01236
T007440,13-02-2025,Smartwatch,Accessories,West,Online,5,"? 15,722.00","? 78,610.00",UPI,C01520
T007441,05-07-2025,Smartphone,Electronics,East,Offline,3,"? 68,255.00","? 2,04,765.00",UPI,C00839
T007442,09-12-2025,Headphones,Accessories,South,Online,1,"? 11,414.00","? 11,414.00",Net Banking,C02236
T007443,03-09-2025,Laptop,Electronics,South,Offline,2,"? 86,944.00","? 1,73,888.00",Net Banking,C00418
T007444,25-03-2025,Webcam,Accessories,South,Online,1,"? 9,461.00","? 9,461.00",Net Banking,C00553
T007445,26-07-2025,Printer,Electronics,South,Offline,1,"? 21,416.00","? 21,416.00",UPI,C01098
T007446,31-05-2025,Laptop,Electronics,East,Online,4,"? 88,022.00","? 3,52,088.00",Cash,C00036
T007447,05-06-2025,Keyboard,Accessories,West,Offline,2,? 937.00,"? 1,874.00",UPI,C01997
T007448,16-01-2025,Mouse,Accessories,North,Offline,2,"? 1,895.00","? 3,790.00",UPI,C01434
T007449,14-06-2025,Tablet,Electronics,South,Online,4,"? 34,290.00","? 1,37,160.00",Credit Card,C00531
T007450,25-05-2025,Power Bank,Accessories,South,Online,4,"? 2,532.00","? 10,128.00",Cash,C01798
T007451,06-02-2025,Webcam,Accessories,West,Online,1,"? 2,314.00","? 2,314.00",Credit Card,C00688
T007452,29-11-2025,Laptop,Electronics,West,Online,3,"? 79,285.00","? 2,37,855.00",Net Banking,C01646
T007453,14-02-2025,Mouse,Accessories,North,Offline,4,"? 1,586.00","? 6,344.00",Cash,C01133
T007454,25-07-2025,Tablet,Electronics,East,Online,2,"? 28,609.00","? 57,218.00",UPI,C02172
T007455,03-03-2025,Router,Networking,West,Offline,2,"? 2,484.00","? 4,968.00",Cash,C01329
T007456,22-12-2025,Camera,Electronics,East,Offline,1,"? 41,557.00","? 41,557.00",UPI,C02132
T007457,04-11-2025,Power Bank,Accessories,East,Online,3,"? 4,962.00","? 14,886.00",Credit Card,C00705
T007458,19-01-2025,Power Bank,Accessories,South,Online,5,"? 1,343.00","? 6,715.00",UPI,C00918
T007459,31-12-2025,Keyboard,Accessories,East,Online,4,"? 1,219.00","? 4,876.00",Credit Card,C02416
T007460,27-10-2025,Router,Networking,South,Online,4,"? 4,046.00","? 16,184.00",Cash,C02442
T007461,07-01-2025,Power Bank,Accessories,South,Online,1,"? 2,254.00","? 2,254.00",Credit Card,C02068
T007462,06-09-2025,Gaming Chair,Furniture,North,Online,3,"? 15,759.00","? 47,277.00",Cash,C01020
T007463,27-04-2025,Keyboard,Accessories,East,Offline,2,"? 1,758.00","? 3,516.00",UPI,C02024
T007464,09-03-2025,Gaming Chair,Furniture,West,Online,2,"? 27,790.00","? 55,580.00",UPI,C01990
T007465,03-02-2025,Power Bank,Accessories,West,Online,5,"? 1,746.00","? 8,730.00",Credit Card,C01787
T007466,13-07-2025,Headphones,Accessories,West,Online,2,"? 5,030.00","? 10,060.00",Cash,C02161
T007467,21-11-2025,Power Bank,Accessories,North,Offline,4,? 935.00,"? 3,740.00",Net Banking,C01341
T007468,24-02-2025,Speaker,Accessories,South,Online,5,"? 12,285.00","? 61,425.00",UPI,C02405
T007469,23-09-2025,Keyboard,Accessories,South,Online,3,"? 1,492.00","? 4,476.00",Credit Card,C00836
T007470,11-02-2025,Speaker,Accessories,West,Offline,5,"? 2,636.00","? 13,180.00",Cash,C00772
T007471,24-10-2025,Camera,Electronics,South,Offline,3,"? 51,915.00","? 1,55,745.00",UPI,C01619
T007472,19-08-2025,Headphones,Accessories,South,Offline,2,"? 10,554.00","? 21,108.00",Credit Card,C02461
T007473,10-01-2025,Webcam,Accessories,North,Offline,1,"? 2,054.00","? 2,054.00",UPI,C02106
T007474,24-12-2025,Router,Networking,East,Online,5,"? 6,541.00","? 32,705.00",UPI,C01385
T007475,08-05-2025,Monitor,Electronics,East,Offline,5,"? 11,403.00","? 57,015.00",Credit Card,C00717
T007476,28-06-2025,Printer,Electronics,North,Online,4,"? 24,638.00","? 98,552.00",UPI,C00423
T007477,12-07-2025,Smartphone,Electronics,North,Online,4,"? 65,518.00","? 2,62,072.00",UPI,C01081
T007478,02-04-2025,Mouse,Accessories,South,Offline,3,"? 1,348.00","? 4,044.00",Cash,C00064
T007479,19-08-2025,Printer,Electronics,North,Online,1,"? 14,295.00","? 14,295.00",Credit Card,C02334
T007480,19-03-2025,Printer,Electronics,South,Online,4,"? 13,207.00","? 52,828.00",UPI,C02390
T007481,26-03-2025,Power Bank,Accessories,East,Online,4,"? 1,846.00","? 7,384.00",Credit Card,C01458
T007482,30-01-2025,Smartwatch,Accessories,North,Online,2,"? 9,419.00","? 18,838.00",UPI,C00081
T007483,01-08-2025,Laptop,Electronics,South,Online,2,"? 70,410.00","? 1,40,820.00",Net Banking,C02429
T007484,18-02-2025,Keyboard,Accessories,East,Offline,4,"? 3,314.00","? 13,256.00",Net Banking,C00416
T007485,22-09-2025,Webcam,Accessories,East,Offline,3,"? 4,771.00","? 14,313.00",Cash,C02182
T007486,25-05-2025,Monitor,Electronics,West,Online,1,"? 17,029.00","? 17,029.00",UPI,C00559
T007487,10-03-2025,Laptop,Electronics,East,Offline,4,"? 55,678.00","? 2,22,712.00",Net Banking,C00223
T007488,27-02-2025,Smartphone,Electronics,North,Online,3,"? 65,033.00","? 1,95,099.00",Credit Card,C02163
T007489,04-07-2025,Router,Networking,North,Online,3,"? 4,688.00","? 14,064.00",Credit Card,C02374
T007490,03-03-2025,Router,Networking,South,Offline,4,"? 6,019.00","? 24,076.00",Cash,C02244
T007491,04-11-2025,Laptop,Electronics,North,Offline,3,"? 65,571.00","? 1,96,713.00",Net Banking,C01015
T007492,23-10-2025,Smartwatch,Accessories,East,Online,5,"? 12,394.00","? 61,970.00",Cash,C01019
T007493,15-06-2025,Smartphone,Electronics,South,Online,3,"? 34,718.00","? 1,04,154.00",Cash,C02297
T007494,20-06-2025,Webcam,Accessories,East,Online,4,"? 3,698.00","? 14,792.00",UPI,C00226
T007495,04-03-2025,Camera,Electronics,West,Offline,3,"? 29,407.00","? 88,221.00",UPI,C02331
T007496,27-05-2025,Camera,Electronics,South,Online,4,"? 25,217.00","? 1,00,868.00",Credit Card,C02498
T007497,02-11-2025,Gaming Chair,Furniture,West,Online,2,"? 16,892.00","? 33,784.00",UPI,C01678
T007498,10-06-2025,Headphones,Accessories,South,Offline,4,"? 11,411.00","? 45,644.00",UPI,C00487
T007499,21-05-2025,Laptop,Electronics,North,Online,3,"? 83,138.00","? 2,49,414.00",UPI,C01174
T007500,30-11-2025,Mouse,Accessories,East,Offline,4,"? 2,132.00","? 8,528.00",UPI,C02258
T007501,07-04-2025,Monitor,Electronics,South,Offline,1,"? 23,514.00","? 23,514.00",Cash,C00316
T007502,09-08-2025,Smartwatch,Accessories,North,Online,4,"? 7,259.00","? 29,036.00",Net Banking,C01587
T007503,12-02-2025,Smartphone,Electronics,North,Offline,4,"? 44,584.00","? 1,78,336.00",Cash,C00400
T007504,19-10-2025,Monitor,Electronics,North,Online,1,"? 22,116.00","? 22,116.00",Cash,C01516
T007505,18-04-2025,Laptop,Electronics,West,Offline,1,"? 99,953.00","? 99,953.00",UPI,C01152
T007506,23-09-2025,Webcam,Accessories,North,Online,1,"? 7,899.00","? 7,899.00",UPI,C00769
T007507,05-04-2025,Mouse,Accessories,South,Offline,5,"? 1,389.00","? 6,945.00",UPI,C01036
T007508,19-09-2025,Laptop,Electronics,West,Online,4,"? 71,155.00","? 2,84,620.00",Credit Card,C00024
T007509,09-11-2025,Power Bank,Accessories,East,Online,1,"? 1,215.00","? 1,215.00",Cash,C02174
T007510,12-03-2025,Keyboard,Accessories,North,Online,1,"? 3,665.00","? 3,665.00",Credit Card,C00331
T007511,07-08-2025,Router,Networking,South,Online,2,"? 4,837.00","? 9,674.00",Credit Card,C01195
T007512,21-01-2025,Keyboard,Accessories,South,Online,5,"? 4,312.00","? 21,560.00",UPI,C00105
T007513,02-04-2025,Webcam,Accessories,West,Online,4,"? 6,758.00","? 27,032.00",UPI,C02016
T007514,07-05-2025,Smartwatch,Accessories,East,Online,3,"? 10,027.00","? 30,081.00",UPI,C01685
T007515,21-03-2025,Webcam,Accessories,West,Online,5,"? 6,557.00","? 32,785.00",Credit Card,C02081
T007516,08-11-2025,Smartphone,Electronics,North,Online,5,"? 54,735.00","? 2,73,675.00",Credit Card,C01185
T007517,26-08-2025,Smartphone,Electronics,East,Online,2,"? 49,388.00","? 98,776.00",UPI,C01948
T007518,01-07-2025,Printer,Electronics,East,Online,4,"? 28,366.00","? 1,13,464.00",UPI,C01132
T007519,25-01-2025,Smartwatch,Accessories,East,Online,4,"? 9,993.00","? 39,972.00",Net Banking,C02113
T007520,05-06-2025,Smartwatch,Accessories,West,Offline,1,"? 9,386.00","? 9,386.00",Net Banking,C01953
T007521,05-01-2025,Mouse,Accessories,South,Online,1,"? 1,197.00","? 1,197.00",Net Banking,C01477
T007522,30-04-2025,Keyboard,Accessories,West,Offline,5,"? 4,355.00","? 21,775.00",Cash,C02498
T007523,04-10-2025,Smartphone,Electronics,South,Online,2,"? 39,868.00","? 79,736.00",UPI,C01956
T007524,18-01-2025,Speaker,Accessories,West,Offline,4,"? 5,793.00","? 23,172.00",Credit Card,C00950
T007525,17-07-2025,Laptop,Electronics,South,Online,2,"? 66,463.00","? 1,32,926.00",Credit Card,C00434
T007526,26-02-2025,Smartwatch,Accessories,South,Online,3,"? 14,424.00","? 43,272.00",Credit Card,C01971
T007527,03-04-2025,Headphones,Accessories,East,Online,4,"? 5,308.00","? 21,232.00",Credit Card,C00626
T007528,19-01-2025,Power Bank,Accessories,South,Online,1,"? 2,662.00","? 2,662.00",Credit Card,C00405
T007529,19-12-2025,Tablet,Electronics,North,Online,5,"? 43,386.00","? 2,16,930.00",Net Banking,C01660
T007530,12-07-2025,Smartphone,Electronics,North,Offline,2,"? 65,111.00","? 1,30,222.00",Cash,C00143
T007531,25-08-2025,Camera,Electronics,South,Online,1,"? 68,260.00","? 68,260.00",UPI,C00288
T007532,04-10-2025,Smartphone,Electronics,South,Offline,5,"? 55,882.00","? 2,79,410.00",Net Banking,C00072
T007533,15-08-2025,Gaming Chair,Furniture,South,Offline,1,"? 20,188.00","? 20,188.00",Net Banking,C00407
T007534,21-08-2025,Webcam,Accessories,South,Online,4,"? 3,668.00","? 14,672.00",Net Banking,C01819
T007535,09-02-2025,Headphones,Accessories,East,Online,2,"? 4,245.00","? 8,490.00",UPI,C00554
T007536,19-11-2025,Smartphone,Electronics,North,Online,3,"? 41,954.00","? 1,25,862.00",Cash,C01288
T007537,02-06-2025,Headphones,Accessories,East,Online,1,"? 8,235.00","? 8,235.00",UPI,C00779
T007538,07-05-2025,Tablet,Electronics,North,Online,2,"? 19,914.00","? 39,828.00",UPI,C01941
T007539,25-08-2025,Printer,Electronics,South,Online,4,"? 23,545.00","? 94,180.00",Net Banking,C01779
T007540,24-02-2025,Mouse,Accessories,North,Online,1,"? 2,289.00","? 2,289.00",Net Banking,C01068
T007541,21-06-2025,Gaming Chair,Furniture,North,Online,4,"? 26,424.00","? 1,05,696.00",UPI,C00990
T007542,19-04-2025,Router,Networking,West,Online,3,"? 5,471.00","? 16,413.00",Cash,C00289
T007543,20-12-2025,Speaker,Accessories,West,Offline,3,"? 13,093.00","? 39,279.00",Net Banking,C02048
T007544,03-07-2025,Webcam,Accessories,South,Offline,5,"? 9,660.00","? 48,300.00",Net Banking,C00781
T007545,17-07-2025,Power Bank,Accessories,East,Online,5,"? 4,109.00","? 20,545.00",Cash,C00538
T007546,28-03-2025,Tablet,Electronics,West,Online,5,"? 19,291.00","? 96,455.00",UPI,C00458
T007547,20-07-2025,Router,Networking,South,Online,4,"? 5,518.00","? 22,072.00",UPI,C01124
T007548,03-12-2025,Webcam,Accessories,East,Online,5,"? 8,818.00","? 44,090.00",Cash,C01175
T007549,18-11-2025,Gaming Chair,Furniture,West,Online,2,"? 12,132.00","? 24,264.00",UPI,C01160
T007550,02-10-2025,Monitor,Electronics,North,Online,4,"? 8,844.00","? 35,376.00",Credit Card,C01806
T007551,30-07-2025,Printer,Electronics,West,Online,4,"? 28,161.00","? 1,12,644.00",Cash,C01399
T007552,28-04-2025,Router,Networking,South,Offline,5,"? 3,143.00","? 15,715.00",Cash,C01689
T007553,10-07-2025,Mouse,Accessories,West,Offline,5,"? 2,733.00","? 13,665.00",UPI,C02457
T007554,11-02-2025,Keyboard,Accessories,West,Offline,4,"? 1,963.00","? 7,852.00",Credit Card,C01041
T007555,11-02-2025,Headphones,Accessories,East,Online,3,"? 3,934.00","? 11,802.00",Credit Card,C00644
T007556,11-11-2025,Smartwatch,Accessories,East,Offline,3,"? 9,174.00","? 27,522.00",Net Banking,C00251
T007557,03-10-2025,Monitor,Electronics,North,Online,5,"? 8,215.00","? 41,075.00",Cash,C01621
T007558,25-11-2025,Tablet,Electronics,South,Offline,3,"? 14,776.00","? 44,328.00",Cash,C01748
T007559,17-01-2025,Smartphone,Electronics,North,Offline,2,"? 33,724.00","? 67,448.00",UPI,C00879
T007560,10-10-2025,Tablet,Electronics,North,Offline,2,"? 24,100.00","? 48,200.00",Cash,C00105
T007561,15-09-2025,Power Bank,Accessories,West,Offline,2,"? 2,307.00","? 4,614.00",UPI,C01635
T007562,04-03-2025,Mouse,Accessories,North,Online,4,"? 2,490.00","? 9,960.00",Cash,C01623
T007563,03-03-2025,Monitor,Electronics,East,Online,4,"? 9,116.00","? 36,464.00",UPI,C00555
T007564,10-04-2025,Laptop,Electronics,North,Offline,4,"? 90,518.00","? 3,62,072.00",Cash,C01974
T007565,19-01-2025,Router,Networking,South,Offline,4,"? 6,888.00","? 27,552.00",Net Banking,C01844
T007566,17-01-2025,Mouse,Accessories,North,Offline,4,"? 2,044.00","? 8,176.00",Cash,C00533
T007567,21-11-2025,Printer,Electronics,South,Online,5,"? 16,932.00","? 84,660.00",Cash,C00634
T007568,03-09-2025,Power Bank,Accessories,South,Online,3,"? 2,961.00","? 8,883.00",Net Banking,C00978
T007569,08-09-2025,Router,Networking,North,Online,5,"? 4,756.00","? 23,780.00",UPI,C00504
T007570,22-03-2025,Gaming Chair,Furniture,North,Offline,3,"? 17,340.00","? 52,020.00",UPI,C01708
T007571,08-02-2025,Gaming Chair,Furniture,North,Online,5,"? 27,560.00","? 1,37,800.00",Credit Card,C02181
T007572,05-02-2025,Webcam,Accessories,South,Online,2,"? 7,880.00","? 15,760.00",Cash,C00957
T007573,16-07-2025,Tablet,Electronics,East,Offline,1,"? 38,829.00","? 38,829.00",Cash,C01324
T007574,07-06-2025,Webcam,Accessories,West,Online,4,"? 4,845.00","? 19,380.00",Credit Card,C00219
T007575,23-07-2025,Tablet,Electronics,North,Offline,1,"? 38,537.00","? 38,537.00",Cash,C01358
T007576,15-07-2025,Monitor,Electronics,West,Offline,1,"? 31,380.00","? 31,380.00",Net Banking,C00387
T007577,04-08-2025,Headphones,Accessories,North,Online,2,"? 10,332.00","? 20,664.00",Credit Card,C00951
T007578,12-10-2025,Gaming Chair,Furniture,South,Online,1,"? 27,317.00","? 27,317.00",Credit Card,C00114
T007579,15-07-2025,Monitor,Electronics,South,Offline,1,"? 32,125.00","? 32,125.00",Credit Card,C00060
T007580,03-11-2025,Smartwatch,Accessories,West,Online,2,"? 7,655.00","? 15,310.00",UPI,C00927
T007581,01-06-2025,Gaming Chair,Furniture,East,Online,3,"? 10,448.00","? 31,344.00",Cash,C00755
T007582,14-01-2025,Tablet,Electronics,South,Offline,5,"? 24,185.00","? 1,20,925.00",Cash,C02163
T007583,21-11-2025,Webcam,Accessories,West,Online,1,"? 2,327.00","? 2,327.00",UPI,C00295
T007584,26-05-2025,Headphones,Accessories,South,Online,4,"? 6,896.00","? 27,584.00",Credit Card,C01404
T007585,26-02-2025,Gaming Chair,Furniture,North,Online,2,"? 9,203.00","? 18,406.00",Cash,C00616
T007586,30-07-2025,Headphones,Accessories,West,Online,1,"? 7,619.00","? 7,619.00",Credit Card,C01584
T007587,25-09-2025,Monitor,Electronics,West,Online,3,"? 14,798.00","? 44,394.00",Credit Card,C02128
T007588,29-07-2025,Keyboard,Accessories,North,Online,3,"? 1,544.00","? 4,632.00",Credit Card,C01051
T007589,17-01-2025,Mouse,Accessories,West,Online,4,"? 1,668.00","? 6,672.00",Cash,C01257
T007590,13-10-2025,Printer,Electronics,North,Offline,1,"? 21,952.00","? 21,952.00",Cash,C00254
T007591,10-12-2025,Webcam,Accessories,East,Online,4,"? 6,244.00","? 24,976.00",Credit Card,C01389
T007592,22-07-2025,Keyboard,Accessories,North,Offline,3,"? 2,329.00","? 6,987.00",Credit Card,C01412
T007593,09-04-2025,Tablet,Electronics,East,Online,3,"? 13,530.00","? 40,590.00",Credit Card,C02421
T007594,06-10-2025,Webcam,Accessories,West,Online,5,"? 6,585.00","? 32,925.00",Credit Card,C00347
T007595,28-07-2025,Router,Networking,North,Offline,3,"? 2,303.00","? 6,909.00",Credit Card,C01161
T007596,09-05-2025,Tablet,Electronics,West,Online,2,"? 34,703.00","? 69,406.00",Credit Card,C00344
T007597,01-12-2025,Speaker,Accessories,East,Online,5,"? 10,643.00","? 53,215.00",Net Banking,C02106
T007598,15-10-2025,Tablet,Electronics,South,Online,4,"? 45,032.00","? 1,80,128.00",UPI,C00220
T007599,09-09-2025,Power Bank,Accessories,South,Online,3,? 819.00,"? 2,457.00",UPI,C01042
T007600,22-09-2025,Camera,Electronics,South,Online,2,"? 80,982.00","? 1,61,964.00",UPI,C02476
T007601,28-09-2025,Smartphone,Electronics,South,Online,5,"? 65,933.00","? 3,29,665.00",UPI,C00842
T007602,07-07-2025,Laptop,Electronics,South,Online,2,"? 95,730.00","? 1,91,460.00",UPI,C01201
T007603,02-08-2025,Speaker,Accessories,East,Offline,5,"? 8,357.00","? 41,785.00",UPI,C01580
T007604,10-10-2025,Camera,Electronics,South,Offline,5,"? 61,516.00","? 3,07,580.00",UPI,C01518
T007605,30-07-2025,Laptop,Electronics,South,Online,5,"? 68,628.00","? 3,43,140.00",Net Banking,C00486
T007606,31-12-2025,Headphones,Accessories,West,Offline,4,"? 3,983.00","? 15,932.00",Credit Card,C01739
T007607,17-03-2025,Tablet,Electronics,North,Online,5,"? 21,755.00","? 1,08,775.00",Credit Card,C00974
T007608,28-05-2025,Smartwatch,Accessories,North,Online,5,"? 4,725.00","? 23,625.00",Credit Card,C01958
T007609,17-11-2025,Power Bank,Accessories,North,Offline,2,"? 4,131.00","? 8,262.00",UPI,C00705
T007610,01-08-2025,Printer,Electronics,North,Online,5,"? 19,658.00","? 98,290.00",Cash,C00849
T007611,19-04-2025,Power Bank,Accessories,East,Online,4,? 996.00,"? 3,984.00",Net Banking,C01009
T007612,09-05-2025,Router,Networking,North,Online,2,"? 6,726.00","? 13,452.00",Cash,C00640
T007613,10-01-2025,Monitor,Electronics,West,Online,5,"? 10,828.00","? 54,140.00",Cash,C00814
T007614,16-02-2025,Power Bank,Accessories,East,Online,2,"? 4,788.00","? 9,576.00",Cash,C01761
T007615,11-11-2025,Printer,Electronics,South,Offline,4,"? 28,116.00","? 1,12,464.00",UPI,C02306
T007616,06-04-2025,Router,Networking,West,Online,2,"? 6,779.00","? 13,558.00",UPI,C02452
T007617,13-04-2025,Smartwatch,Accessories,West,Online,4,"? 16,239.00","? 64,956.00",Cash,C01248
T007618,08-12-2025,Monitor,Electronics,South,Online,3,"? 11,278.00","? 33,834.00",UPI,C00771
T007619,26-05-2025,Headphones,Accessories,South,Offline,5,"? 3,038.00","? 15,190.00",Credit Card,C00261
T007620,27-01-2025,Smartwatch,Accessories,West,Online,4,"? 8,470.00","? 33,880.00",UPI,C01795
T007621,08-08-2025,Webcam,Accessories,East,Online,5,"? 8,577.00","? 42,885.00",Cash,C00771
T007622,18-01-2025,Power Bank,Accessories,South,Offline,4,"? 3,275.00","? 13,100.00",Net Banking,C02374
T007623,16-06-2025,Tablet,Electronics,North,Online,1,"? 14,761.00","? 14,761.00",Net Banking,C00228
T007624,23-03-2025,Smartwatch,Accessories,West,Online,1,"? 3,387.00","? 3,387.00",Cash,C00008
T007625,13-03-2025,Power Bank,Accessories,West,Online,1,"? 1,441.00","? 1,441.00",Credit Card,C00614
T007626,06-11-2025,Tablet,Electronics,South,Online,4,"? 31,996.00","? 1,27,984.00",UPI,C02256
T007627,11-09-2025,Smartwatch,Accessories,South,Online,5,"? 9,210.00","? 46,050.00",Credit Card,C01069
T007628,11-06-2025,Speaker,Accessories,North,Online,1,"? 2,074.00","? 2,074.00",Cash,C00522
T007629,23-11-2025,Gaming Chair,Furniture,North,Online,5,"? 17,913.00","? 89,565.00",Credit Card,C02390
T007630,07-02-2025,Smartwatch,Accessories,North,Offline,4,"? 11,210.00","? 44,840.00",Cash,C02280
T007631,20-07-2025,Keyboard,Accessories,North,Online,5,"? 4,758.00","? 23,790.00",UPI,C01769
T007632,19-07-2025,Printer,Electronics,West,Online,5,"? 17,612.00","? 88,060.00",Cash,C01503
T007633,12-09-2025,Laptop,Electronics,South,Offline,1,"? 84,224.00","? 84,224.00",Net Banking,C01988
T007634,28-06-2025,Power Bank,Accessories,East,Online,2,"? 2,395.00","? 4,790.00",UPI,C01963
T007635,04-02-2025,Camera,Electronics,South,Online,3,"? 84,618.00","? 2,53,854.00",UPI,C01367
T007636,23-03-2025,Gaming Chair,Furniture,South,Online,4,"? 15,986.00","? 63,944.00",Cash,C02217
T007637,08-08-2025,Keyboard,Accessories,North,Offline,4,"? 1,082.00","? 4,328.00",Credit Card,C02316
T007638,07-06-2025,Laptop,Electronics,North,Offline,4,"? 63,146.00","? 2,52,584.00",UPI,C00749
T007639,04-01-2025,Keyboard,Accessories,West,Online,3,"? 2,829.00","? 8,487.00",UPI,C01288
T007640,16-06-2025,Smartphone,Electronics,North,Offline,2,"? 57,810.00","? 1,15,620.00",Cash,C00892
T007641,23-07-2025,Monitor,Electronics,West,Online,5,"? 8,831.00","? 44,155.00",Cash,C00600
T007642,13-07-2025,Speaker,Accessories,South,Online,4,"? 6,468.00","? 25,872.00",Cash,C02390
T007643,23-08-2025,Tablet,Electronics,South,Online,5,"? 20,973.00","? 1,04,865.00",UPI,C00107
T007644,25-07-2025,Camera,Electronics,South,Offline,1,"? 72,633.00","? 72,633.00",UPI,C00159
T007645,30-05-2025,Gaming Chair,Furniture,West,Offline,1,"? 26,501.00","? 26,501.00",UPI,C02120
T007646,08-06-2025,Keyboard,Accessories,West,Offline,1,"? 2,706.00","? 2,706.00",Net Banking,C00227
T007647,06-10-2025,Keyboard,Accessories,West,Offline,4,"? 3,271.00","? 13,084.00",UPI,C00607
T007648,31-10-2025,Webcam,Accessories,North,Online,3,"? 9,988.00","? 29,964.00",Credit Card,C01960
T007649,15-06-2025,Headphones,Accessories,East,Online,4,"? 7,760.00","? 31,040.00",UPI,C00102
T007650,07-11-2025,Smartwatch,Accessories,North,Online,1,"? 10,910.00","? 10,910.00",UPI,C01380
T007651,09-03-2025,Smartphone,Electronics,East,Online,1,"? 42,712.00","? 42,712.00",Credit Card,C01151
T007652,29-03-2025,Camera,Electronics,North,Online,4,"? 25,694.00","? 1,02,776.00",Cash,C01418
T007653,05-08-2025,Webcam,Accessories,South,Offline,3,"? 7,562.00","? 22,686.00",UPI,C00260
T007654,01-01-2025,Camera,Electronics,West,Offline,3,"? 41,662.00","? 1,24,986.00",UPI,C00277
T007655,15-05-2025,Monitor,Electronics,North,Online,5,"? 8,010.00","? 40,050.00",Net Banking,C00810
T007656,04-07-2025,Camera,Electronics,West,Offline,2,"? 57,648.00","? 1,15,296.00",UPI,C00596
T007657,17-12-2025,Mouse,Accessories,North,Offline,1,? 810.00,? 810.00,Credit Card,C00465
T007658,20-05-2025,Camera,Electronics,South,Online,3,"? 47,515.00","? 1,42,545.00",UPI,C02182
T007659,16-04-2025,Keyboard,Accessories,West,Online,1,"? 3,354.00","? 3,354.00",UPI,C01547
T007660,13-05-2025,Mouse,Accessories,South,Online,2,"? 2,602.00","? 5,204.00",Cash,C01746
T007661,18-04-2025,Power Bank,Accessories,East,Online,1,"? 3,986.00","? 3,986.00",Credit Card,C02121
T007662,27-06-2025,Laptop,Electronics,West,Online,3,"? 78,026.00","? 2,34,078.00",Credit Card,C00171
T007663,25-10-2025,Gaming Chair,Furniture,North,Offline,5,"? 24,982.00","? 1,24,910.00",Credit Card,C00247
T007664,24-12-2025,Gaming Chair,Furniture,West,Online,4,"? 25,207.00","? 1,00,828.00",UPI,C00354
T007665,25-12-2025,Smartwatch,Accessories,East,Offline,4,"? 12,589.00","? 50,356.00",Credit Card,C02089
T007666,26-05-2025,Mouse,Accessories,East,Online,3,"? 1,521.00","? 4,563.00",Credit Card,C02160
T007667,15-03-2025,Laptop,Electronics,North,Online,3,"? 89,854.00","? 2,69,562.00",Credit Card,C01905
T007668,18-04-2025,Smartphone,Electronics,South,Offline,2,"? 27,306.00","? 54,612.00",UPI,C00461
T007669,02-05-2025,Printer,Electronics,West,Online,1,"? 6,312.00","? 6,312.00",Credit Card,C02114
T007670,17-01-2025,Power Bank,Accessories,South,Offline,2,"? 3,774.00","? 7,548.00",Credit Card,C01393
T007671,15-07-2025,Tablet,Electronics,South,Online,4,"? 16,671.00","? 66,684.00",Cash,C00461
T007672,23-11-2025,Keyboard,Accessories,North,Offline,1,"? 4,438.00","? 4,438.00",Cash,C00546
T007673,14-11-2025,Webcam,Accessories,West,Online,2,"? 3,992.00","? 7,984.00",Cash,C01498
T007674,24-10-2025,Mouse,Accessories,East,Online,4,"? 2,345.00","? 9,380.00",UPI,C00710
T007675,09-09-2025,Printer,Electronics,North,Offline,1,"? 22,614.00","? 22,614.00",Credit Card,C02005
T007676,29-04-2025,Smartwatch,Accessories,South,Offline,5,"? 12,864.00","? 64,320.00",Credit Card,C00044
T007677,11-06-2025,Headphones,Accessories,East,Online,5,"? 1,043.00","? 5,215.00",Credit Card,C01789
T007678,17-07-2025,Speaker,Accessories,South,Offline,2,"? 9,032.00","? 18,064.00",Net Banking,C01359
T007679,14-02-2025,Power Bank,Accessories,West,Offline,3,"? 3,724.00","? 11,172.00",Credit Card,C01372
T007680,10-11-2025,Webcam,Accessories,South,Online,1,"? 8,778.00","? 8,778.00",Net Banking,C01832
T007681,28-06-2025,Smartphone,Electronics,East,Online,2,"? 34,841.00","? 69,682.00",UPI,C01286
T007682,13-02-2025,Tablet,Electronics,West,Online,3,"? 48,152.00","? 1,44,456.00",Cash,C00075
T007683,28-09-2025,Webcam,Accessories,North,Online,3,"? 7,115.00","? 21,345.00",UPI,C01550
T007684,19-03-2025,Smartwatch,Accessories,South,Online,1,"? 4,995.00","? 4,995.00",Cash,C01915
T007685,22-11-2025,Speaker,Accessories,West,Offline,1,"? 5,138.00","? 5,138.00",UPI,C00468
T007686,27-06-2025,Webcam,Accessories,West,Offline,3,"? 9,017.00","? 27,051.00",UPI,C00005
T007687,23-12-2025,Router,Networking,North,Online,4,"? 7,715.00","? 30,860.00",UPI,C02349
T007688,03-01-2025,Smartphone,Electronics,North,Online,2,"? 59,327.00","? 1,18,654.00",Credit Card,C01211
T007689,02-08-2025,Router,Networking,East,Offline,1,"? 4,784.00","? 4,784.00",UPI,C01225
T007690,08-12-2025,Headphones,Accessories,West,Online,3,"? 11,534.00","? 34,602.00",UPI,C01514
T007691,15-03-2025,Laptop,Electronics,West,Online,4,"? 74,746.00","? 2,98,984.00",Cash,C00949
T007692,20-02-2025,Headphones,Accessories,East,Offline,5,"? 5,341.00","? 26,705.00",Net Banking,C02299
T007693,08-03-2025,Mouse,Accessories,South,Offline,3,"? 1,564.00","? 4,692.00",Credit Card,C00667
T007694,28-11-2025,Webcam,Accessories,West,Offline,4,"? 2,116.00","? 8,464.00",Net Banking,C00069
T007695,03-04-2025,Gaming Chair,Furniture,West,Offline,5,"? 8,239.00","? 41,195.00",UPI,C01273
T007696,25-06-2025,Power Bank,Accessories,South,Offline,4,"? 2,656.00","? 10,624.00",UPI,C00232
T007697,25-05-2025,Tablet,Electronics,North,Online,1,"? 27,196.00","? 27,196.00",Net Banking,C01647
T007698,07-01-2025,Camera,Electronics,North,Online,3,"? 24,999.00","? 74,997.00",UPI,C02377
T007699,26-09-2025,Monitor,Electronics,North,Offline,5,"? 32,026.00","? 1,60,130.00",Cash,C01903
T007700,18-11-2025,Keyboard,Accessories,East,Online,4,"? 2,430.00","? 9,720.00",UPI,C00793
T007701,04-01-2025,Keyboard,Accessories,South,Online,5,"? 1,531.00","? 7,655.00",Credit Card,C01160
T007702,18-05-2025,Gaming Chair,Furniture,North,Online,2,"? 11,424.00","? 22,848.00",Cash,C01614
T007703,19-08-2025,Webcam,Accessories,East,Online,3,"? 7,562.00","? 22,686.00",Net Banking,C00767
T007704,29-03-2025,Laptop,Electronics,South,Online,1,"? 79,716.00","? 79,716.00",Credit Card,C01696
T007705,17-01-2025,Smartwatch,Accessories,North,Online,5,"? 4,207.00","? 21,035.00",Credit Card,C01085
T007706,21-02-2025,Tablet,Electronics,West,Online,4,"? 23,031.00","? 92,124.00",UPI,C00087
T007707,14-05-2025,Webcam,Accessories,West,Offline,5,"? 4,868.00","? 24,340.00",Cash,C02028
T007708,30-07-2025,Camera,Electronics,North,Offline,4,"? 87,763.00","? 3,51,052.00",Cash,C01183
T007709,21-11-2025,Webcam,Accessories,North,Offline,5,"? 9,139.00","? 45,695.00",UPI,C02447
T007710,07-08-2025,Laptop,Electronics,East,Online,1,"? 98,522.00","? 98,522.00",UPI,C01606
T007711,24-07-2025,Monitor,Electronics,West,Online,1,"? 18,452.00","? 18,452.00",Cash,C01424
T007712,30-07-2025,Mouse,Accessories,South,Online,3,? 929.00,"? 2,787.00",Cash,C02412
T007713,04-10-2025,Mouse,Accessories,North,Offline,1,"? 1,818.00","? 1,818.00",Net Banking,C00081
T007714,24-01-2025,Power Bank,Accessories,South,Offline,5,"? 3,717.00","? 18,585.00",Net Banking,C02141
T007715,04-01-2025,Camera,Electronics,North,Online,5,"? 51,157.00","? 2,55,785.00",UPI,C00072
T007716,01-06-2025,Gaming Chair,Furniture,West,Offline,1,"? 28,764.00","? 28,764.00",Credit Card,C01081
T007717,16-09-2025,Camera,Electronics,North,Online,2,"? 20,188.00","? 40,376.00",Cash,C01547
T007718,20-11-2025,Camera,Electronics,South,Online,5,"? 29,414.00","? 1,47,070.00",Net Banking,C01682
T007719,23-12-2025,Headphones,Accessories,West,Offline,3,"? 6,221.00","? 18,663.00",Cash,C01453
T007720,17-06-2025,Router,Networking,North,Online,2,"? 1,978.00","? 3,956.00",Net Banking,C00720
T007721,25-06-2025,Webcam,Accessories,West,Online,1,"? 8,246.00","? 8,246.00",Cash,C01627
T007722,06-11-2025,Speaker,Accessories,East,Online,4,"? 12,754.00","? 51,016.00",Net Banking,C02446
T007723,18-10-2025,Keyboard,Accessories,South,Offline,5,"? 2,725.00","? 13,625.00",Credit Card,C02253
T007724,25-02-2025,Router,Networking,North,Online,4,"? 6,112.00","? 24,448.00",Cash,C00097
T007725,18-04-2025,Printer,Electronics,North,Online,3,"? 24,272.00","? 72,816.00",UPI,C01484
T007726,23-10-2025,Webcam,Accessories,North,Offline,2,"? 3,050.00","? 6,100.00",Net Banking,C00265
T007727,20-11-2025,Gaming Chair,Furniture,South,Online,4,"? 23,800.00","? 95,200.00",UPI,C00269
T007728,29-10-2025,Tablet,Electronics,East,Online,3,"? 40,212.00","? 1,20,636.00",Credit Card,C00941
T007729,30-11-2025,Webcam,Accessories,South,Online,4,"? 8,559.00","? 34,236.00",Net Banking,C00264
T007730,21-05-2025,Printer,Electronics,North,Offline,4,"? 20,565.00","? 82,260.00",UPI,C01633
T007731,04-06-2025,Headphones,Accessories,South,Online,3,"? 6,233.00","? 18,699.00",Credit Card,C00007
T007732,19-09-2025,Smartwatch,Accessories,North,Offline,5,"? 13,447.00","? 67,235.00",Cash,C00399
T007733,30-09-2025,Mouse,Accessories,South,Offline,4,"? 2,148.00","? 8,592.00",UPI,C00184
T007734,20-08-2025,Keyboard,Accessories,West,Offline,3,"? 3,506.00","? 10,518.00",Cash,C02488
T007735,29-08-2025,Camera,Electronics,South,Online,4,"? 52,801.00","? 2,11,204.00",Net Banking,C01553
T007736,21-12-2025,Monitor,Electronics,North,Offline,5,"? 32,871.00","? 1,64,355.00",Cash,C00093
T007737,03-12-2025,Monitor,Electronics,North,Offline,3,"? 19,971.00","? 59,913.00",UPI,C01614
T007738,15-09-2025,Monitor,Electronics,South,Online,4,"? 9,429.00","? 37,716.00",Credit Card,C02409
T007739,06-09-2025,Tablet,Electronics,South,Online,1,"? 20,381.00","? 20,381.00",Cash,C00111
T007740,18-03-2025,Webcam,Accessories,West,Offline,5,"? 3,487.00","? 17,435.00",Credit Card,C01366
T007741,29-06-2025,Gaming Chair,Furniture,East,Online,4,"? 27,266.00","? 1,09,064.00",Credit Card,C00308
T007742,07-03-2025,Camera,Electronics,East,Online,2,"? 79,053.00","? 1,58,106.00",Credit Card,C00417
T007743,04-11-2025,Keyboard,Accessories,West,Offline,3,"? 3,477.00","? 10,431.00",Credit Card,C00077
T007744,14-12-2025,Mouse,Accessories,East,Offline,4,"? 1,947.00","? 7,788.00",Credit Card,C00607
T007745,20-06-2025,Printer,Electronics,East,Online,5,"? 22,846.00","? 1,14,230.00",Cash,C01070
T007746,22-01-2025,Camera,Electronics,North,Online,5,"? 75,859.00","? 3,79,295.00",Credit Card,C01350
T007747,17-04-2025,Camera,Electronics,North,Offline,2,"? 74,457.00","? 1,48,914.00",Credit Card,C02263
T007748,19-11-2025,Gaming Chair,Furniture,North,Offline,2,"? 8,513.00","? 17,026.00",Net Banking,C00441
T007749,15-08-2025,Power Bank,Accessories,South,Offline,4,"? 4,896.00","? 19,584.00",Cash,C00788
T007750,04-08-2025,Webcam,Accessories,South,Offline,1,"? 6,674.00","? 6,674.00",Cash,C00580
T007751,10-03-2025,Headphones,Accessories,East,Offline,5,"? 4,566.00","? 22,830.00",Credit Card,C01324
T007752,25-03-2025,Smartwatch,Accessories,South,Offline,1,"? 5,938.00","? 5,938.00",Cash,C01310
T007753,13-04-2025,Monitor,Electronics,North,Online,1,"? 9,471.00","? 9,471.00",UPI,C01823
T007754,08-02-2025,Laptop,Electronics,South,Online,4,"? 66,721.00","? 2,66,884.00",Cash,C00639
T007755,13-01-2025,Power Bank,Accessories,East,Online,3,"? 3,881.00","? 11,643.00",Cash,C01769
T007756,24-10-2025,Keyboard,Accessories,North,Online,3,"? 4,112.00","? 12,336.00",UPI,C01718
T007757,09-11-2025,Webcam,Accessories,East,Online,3,"? 3,892.00","? 11,676.00",Net Banking,C00526
T007758,30-06-2025,Headphones,Accessories,South,Online,2,"? 1,976.00","? 3,952.00",Net Banking,C01638
T007759,25-09-2025,Smartwatch,Accessories,West,Offline,5,"? 12,437.00","? 62,185.00",Credit Card,C02199
T007760,13-01-2025,Speaker,Accessories,West,Offline,2,"? 14,825.00","? 29,650.00",UPI,C01861
T007761,30-04-2025,Smartwatch,Accessories,North,Online,5,"? 6,068.00","? 30,340.00",Credit Card,C00891
T007762,19-12-2025,Smartphone,Electronics,East,Online,5,"? 24,895.00","? 1,24,475.00",UPI,C01202
T007763,26-02-2025,Monitor,Electronics,West,Online,5,"? 25,255.00","? 1,26,275.00",Cash,C01991
T007764,09-02-2025,Webcam,Accessories,West,Offline,4,"? 4,909.00","? 19,636.00",Cash,C01569
T007765,02-12-2025,Smartphone,Electronics,North,Online,3,"? 66,741.00","? 2,00,223.00",UPI,C00009
T007766,08-05-2025,Headphones,Accessories,North,Offline,2,"? 2,549.00","? 5,098.00",UPI,C01375
T007767,22-06-2025,Power Bank,Accessories,East,Online,2,"? 4,307.00","? 8,614.00",UPI,C00203
T007768,04-02-2025,Router,Networking,West,Online,4,"? 5,961.00","? 23,844.00",Credit Card,C02311
T007769,16-09-2025,Smartwatch,Accessories,East,Online,5,"? 16,736.00","? 83,680.00",UPI,C01173
T007770,05-01-2025,Gaming Chair,Furniture,East,Online,3,"? 10,621.00","? 31,863.00",UPI,C01116
T007771,06-08-2025,Laptop,Electronics,North,Offline,1,"? 52,529.00","? 52,529.00",Credit Card,C00565
T007772,11-01-2025,Keyboard,Accessories,East,Offline,1,"? 2,857.00","? 2,857.00",Cash,C00527
T007773,23-11-2025,Smartphone,Electronics,South,Online,4,"? 62,509.00","? 2,50,036.00",UPI,C01480
T007774,27-04-2025,Gaming Chair,Furniture,East,Offline,3,"? 16,351.00","? 49,053.00",Cash,C01615
T007775,03-07-2025,Smartwatch,Accessories,West,Online,1,"? 12,294.00","? 12,294.00",UPI,C00980
T007776,28-12-2025,Webcam,Accessories,East,Online,1,"? 7,899.00","? 7,899.00",Cash,C00662
T007777,26-04-2025,Keyboard,Accessories,South,Offline,2,"? 3,281.00","? 6,562.00",Net Banking,C02026
T007778,11-06-2025,Speaker,Accessories,South,Online,3,"? 8,065.00","? 24,195.00",Net Banking,C01457
T007779,08-03-2025,Monitor,Electronics,West,Online,1,"? 21,926.00","? 21,926.00",Credit Card,C00548
T007780,19-07-2025,Printer,Electronics,West,Online,2,"? 29,489.00","? 58,978.00",Cash,C00094
T007781,31-01-2025,Router,Networking,East,Online,3,"? 4,434.00","? 13,302.00",Cash,C00865
T007782,16-03-2025,Webcam,Accessories,South,Online,5,"? 3,811.00","? 19,055.00",Credit Card,C00166
T007783,25-08-2025,Power Bank,Accessories,South,Offline,3,"? 3,595.00","? 10,785.00",Cash,C01064
T007784,23-11-2025,Keyboard,Accessories,East,Online,4,"? 4,288.00","? 17,152.00",UPI,C01088
T007785,07-03-2025,Smartwatch,Accessories,West,Online,2,"? 5,747.00","? 11,494.00",UPI,C01476
T007786,11-03-2025,Power Bank,Accessories,South,Online,5,"? 2,749.00","? 13,745.00",Net Banking,C01806
T007787,24-10-2025,Headphones,Accessories,East,Online,2,"? 2,459.00","? 4,918.00",Credit Card,C01666
T007788,20-01-2025,Smartphone,Electronics,West,Offline,2,"? 19,430.00","? 38,860.00",UPI,C01775
T007789,14-08-2025,Smartphone,Electronics,East,Offline,1,"? 33,835.00","? 33,835.00",Cash,C02430
T007790,18-07-2025,Mouse,Accessories,West,Offline,3,? 655.00,"? 1,965.00",Credit Card,C02495
T007791,08-02-2025,Smartwatch,Accessories,West,Online,2,"? 13,180.00","? 26,360.00",Cash,C00275
T007792,25-05-2025,Mouse,Accessories,South,Offline,2,"? 1,171.00","? 2,342.00",UPI,C02173
T007793,14-02-2025,Router,Networking,North,Online,4,"? 6,541.00","? 26,164.00",Cash,C00521
T007794,22-11-2025,Speaker,Accessories,South,Online,4,"? 2,611.00","? 10,444.00",Net Banking,C01313
T007795,01-04-2025,Laptop,Electronics,East,Offline,4,"? 94,271.00","? 3,77,084.00",UPI,C01151
T007796,26-08-2025,Laptop,Electronics,West,Online,2,"? 62,598.00","? 1,25,196.00",Cash,C02264
T007797,11-03-2025,Smartwatch,Accessories,South,Online,5,"? 11,786.00","? 58,930.00",Credit Card,C01130
T007798,15-06-2025,Smartphone,Electronics,West,Offline,3,"? 25,921.00","? 77,763.00",Credit Card,C01580
T007799,10-05-2025,Monitor,Electronics,South,Offline,2,"? 17,473.00","? 34,946.00",UPI,C02105
T007800,02-08-2025,Gaming Chair,Furniture,East,Online,1,"? 27,969.00","? 27,969.00",UPI,C00614
T007801,06-12-2025,Webcam,Accessories,East,Offline,5,"? 9,101.00","? 45,505.00",Cash,C00172
T007802,30-03-2025,Tablet,Electronics,East,Offline,5,"? 21,020.00","? 1,05,100.00",Cash,C01988
T007803,01-12-2025,Laptop,Electronics,South,Offline,3,"? 85,141.00","? 2,55,423.00",UPI,C00006
T007804,09-09-2025,Router,Networking,North,Online,5,"? 6,385.00","? 31,925.00",Cash,C01058
T007805,15-12-2025,Smartphone,Electronics,East,Offline,3,"? 29,352.00","? 88,056.00",UPI,C00539
T007806,13-03-2025,Camera,Electronics,South,Offline,5,"? 75,994.00","? 3,79,970.00",UPI,C01632
T007807,14-06-2025,Camera,Electronics,North,Offline,3,"? 35,344.00","? 1,06,032.00",Credit Card,C01279
T007808,18-02-2025,Mouse,Accessories,South,Offline,4,? 741.00,"? 2,964.00",Net Banking,C00556
T007809,21-02-2025,Keyboard,Accessories,South,Online,4,"? 3,518.00","? 14,072.00",UPI,C00605
T007810,16-10-2025,Power Bank,Accessories,East,Online,5,"? 3,725.00","? 18,625.00",Credit Card,C00247
T007811,05-10-2025,Monitor,Electronics,North,Offline,5,"? 17,464.00","? 87,320.00",Net Banking,C00317
T007812,24-04-2025,Mouse,Accessories,South,Online,3,"? 1,109.00","? 3,327.00",Net Banking,C01275
T007813,27-08-2025,Gaming Chair,Furniture,South,Online,3,"? 14,992.00","? 44,976.00",UPI,C00754
T007814,13-05-2025,Camera,Electronics,South,Offline,2,"? 46,354.00","? 92,708.00",Cash,C01831
T007815,01-10-2025,Router,Networking,South,Online,4,"? 6,541.00","? 26,164.00",Net Banking,C02288
T007816,15-06-2025,Monitor,Electronics,East,Online,2,"? 22,692.00","? 45,384.00",Credit Card,C00136
T007817,20-10-2025,Tablet,Electronics,South,Online,2,"? 14,590.00","? 29,180.00",Cash,C02275
T007818,31-08-2025,Keyboard,Accessories,North,Offline,1,"? 4,830.00","? 4,830.00",Credit Card,C00459
T007819,16-11-2025,Router,Networking,West,Offline,3,"? 7,026.00","? 21,078.00",Cash,C01620
T007820,18-05-2025,Mouse,Accessories,North,Offline,1,"? 2,391.00","? 2,391.00",Net Banking,C01110
T007821,20-03-2025,Webcam,Accessories,South,Online,1,"? 5,218.00","? 5,218.00",UPI,C01136
T007822,19-06-2025,Camera,Electronics,South,Offline,2,"? 33,105.00","? 66,210.00",UPI,C00069
T007823,03-05-2025,Speaker,Accessories,North,Online,1,"? 9,701.00","? 9,701.00",Cash,C01386
T007824,25-06-2025,Laptop,Electronics,West,Online,3,"? 55,081.00","? 1,65,243.00",Net Banking,C02018
T007825,27-10-2025,Laptop,Electronics,East,Online,2,"? 98,822.00","? 1,97,644.00",Cash,C00286
T007826,23-03-2025,Mouse,Accessories,West,Offline,3,"? 2,137.00","? 6,411.00",Credit Card,C01467
T007827,28-03-2025,Router,Networking,West,Online,5,"? 4,078.00","? 20,390.00",UPI,C02199
T007828,13-08-2025,Speaker,Accessories,West,Offline,1,"? 3,058.00","? 3,058.00",Cash,C01508
T007829,16-01-2025,Router,Networking,North,Online,2,"? 3,642.00","? 7,284.00",Credit Card,C00441
T007830,06-11-2025,Tablet,Electronics,West,Online,4,"? 30,384.00","? 1,21,536.00",Net Banking,C00921
T007831,24-12-2025,Tablet,Electronics,East,Offline,3,"? 14,545.00","? 43,635.00",UPI,C01200
T007832,12-06-2025,Webcam,Accessories,South,Offline,1,"? 6,839.00","? 6,839.00",Net Banking,C01734
T007833,08-04-2025,Smartwatch,Accessories,North,Offline,3,"? 17,353.00","? 52,059.00",UPI,C01578
T007834,05-06-2025,Webcam,Accessories,North,Online,3,"? 4,216.00","? 12,648.00",Credit Card,C00741
T007835,02-01-2025,Speaker,Accessories,West,Offline,5,"? 5,802.00","? 29,010.00",Credit Card,C00713
T007836,16-12-2025,Keyboard,Accessories,South,Offline,3,"? 2,509.00","? 7,527.00",Net Banking,C01855
T007837,18-06-2025,Smartphone,Electronics,South,Online,5,"? 43,917.00","? 2,19,585.00",Credit Card,C02423
T007838,11-11-2025,Tablet,Electronics,South,Online,5,"? 15,830.00","? 79,150.00",UPI,C02479
T007839,21-11-2025,Keyboard,Accessories,North,Offline,5,"? 2,697.00","? 13,485.00",Credit Card,C01375
T007840,02-04-2025,Tablet,Electronics,East,Offline,1,"? 12,130.00","? 12,130.00",UPI,C01171
T007841,30-06-2025,Gaming Chair,Furniture,South,Online,3,"? 12,412.00","? 37,236.00",Credit Card,C01629
T007842,19-08-2025,Smartwatch,Accessories,North,Offline,3,"? 12,884.00","? 38,652.00",Credit Card,C02250
T007843,28-10-2025,Printer,Electronics,West,Offline,5,"? 28,897.00","? 1,44,485.00",UPI,C01828
T007844,28-05-2025,Power Bank,Accessories,South,Online,3,"? 3,596.00","? 10,788.00",Cash,C01943
T007845,07-10-2025,Tablet,Electronics,West,Offline,3,"? 34,132.00","? 1,02,396.00",UPI,C02461
T007846,08-07-2025,Power Bank,Accessories,South,Offline,5,"? 2,355.00","? 11,775.00",UPI,C00220
T007847,13-12-2025,Speaker,Accessories,West,Offline,4,"? 13,382.00","? 53,528.00",UPI,C01799
T007848,16-12-2025,Router,Networking,North,Offline,4,"? 6,436.00","? 25,744.00",Cash,C00617
T007849,10-11-2025,Router,Networking,West,Online,5,"? 5,072.00","? 25,360.00",UPI,C00251
T007850,08-05-2025,Keyboard,Accessories,North,Offline,1,"? 1,030.00","? 1,030.00",Net Banking,C01986
T007851,07-01-2025,Speaker,Accessories,West,Offline,3,"? 6,205.00","? 18,615.00",UPI,C00715
T007852,16-02-2025,Smartwatch,Accessories,West,Online,3,"? 12,136.00","? 36,408.00",UPI,C02486
T007853,22-02-2025,Smartwatch,Accessories,West,Offline,4,"? 11,876.00","? 47,504.00",Net Banking,C00518
T007854,06-07-2025,Speaker,Accessories,South,Offline,5,"? 12,128.00","? 60,640.00",UPI,C01982
T007855,07-02-2025,Gaming Chair,Furniture,East,Online,1,"? 8,746.00","? 8,746.00",Cash,C00876
T007856,14-08-2025,Gaming Chair,Furniture,East,Offline,5,"? 10,184.00","? 50,920.00",Net Banking,C00707
T007857,22-02-2025,Keyboard,Accessories,South,Offline,4,"? 2,084.00","? 8,336.00",Credit Card,C01010
T007858,12-08-2025,Keyboard,Accessories,West,Online,4,"? 4,730.00","? 18,920.00",Net Banking,C02296
T007859,03-06-2025,Laptop,Electronics,West,Offline,3,"? 81,001.00","? 2,43,003.00",Credit Card,C01389
T007860,17-02-2025,Speaker,Accessories,South,Offline,2,"? 6,821.00","? 13,642.00",Cash,C01342
T007861,17-12-2025,Webcam,Accessories,North,Online,1,"? 8,648.00","? 8,648.00",Net Banking,C00781
T007862,27-05-2025,Printer,Electronics,North,Online,1,"? 18,855.00","? 18,855.00",Credit Card,C01583
T007863,05-03-2025,Smartwatch,Accessories,South,Online,2,"? 17,473.00","? 34,946.00",Credit Card,C00188
T007864,15-12-2025,Laptop,Electronics,East,Online,4,"? 80,285.00","? 3,21,140.00",UPI,C00271
T007865,01-07-2025,Monitor,Electronics,North,Offline,5,"? 30,557.00","? 1,52,785.00",UPI,C01282
T007866,05-05-2025,Mouse,Accessories,South,Online,1,"? 1,942.00","? 1,942.00",Credit Card,C00626
T007867,28-06-2025,Mouse,Accessories,North,Offline,2,"? 2,331.00","? 4,662.00",Cash,C01830
T007868,08-02-2025,Webcam,Accessories,South,Offline,3,"? 4,211.00","? 12,633.00",Cash,C01266
T007869,17-09-2025,Gaming Chair,Furniture,North,Online,3,"? 19,238.00","? 57,714.00",Credit Card,C02142
T007870,03-01-2025,Smartwatch,Accessories,North,Online,4,"? 16,357.00","? 65,428.00",Cash,C00988
T007871,05-03-2025,Laptop,Electronics,South,Online,1,"? 89,965.00","? 89,965.00",Credit Card,C00295
T007872,29-01-2025,Printer,Electronics,East,Online,5,"? 7,702.00","? 38,510.00",Cash,C00762
T007873,11-01-2025,Speaker,Accessories,East,Online,1,"? 7,029.00","? 7,029.00",UPI,C01428
T007874,07-04-2025,Printer,Electronics,North,Online,3,"? 13,216.00","? 39,648.00",Net Banking,C02467
T007875,24-12-2025,Monitor,Electronics,North,Online,1,"? 20,612.00","? 20,612.00",UPI,C02464
T007876,22-07-2025,Smartwatch,Accessories,East,Online,3,"? 9,655.00","? 28,965.00",Credit Card,C01587
T007877,21-01-2025,Gaming Chair,Furniture,South,Offline,2,"? 13,417.00","? 26,834.00",UPI,C02163
T007878,08-02-2025,Tablet,Electronics,West,Online,2,"? 16,324.00","? 32,648.00",Net Banking,C00859
T007879,11-08-2025,Monitor,Electronics,North,Online,3,"? 28,257.00","? 84,771.00",Cash,C01530
T007880,12-04-2025,Laptop,Electronics,West,Offline,5,"? 58,313.00","? 2,91,565.00",Cash,C00180
T007881,15-02-2025,Tablet,Electronics,North,Online,5,"? 36,052.00","? 1,80,260.00",Net Banking,C00611
T007882,07-03-2025,Power Bank,Accessories,East,Online,1,"? 1,065.00","? 1,065.00",UPI,C00325
T007883,01-04-2025,Speaker,Accessories,South,Offline,3,"? 9,719.00","? 29,157.00",UPI,C00190
T007884,13-06-2025,Mouse,Accessories,North,Offline,4,"? 1,682.00","? 6,728.00",UPI,C00961
T007885,21-04-2025,Gaming Chair,Furniture,West,Online,5,"? 26,508.00","? 1,32,540.00",Credit Card,C01313
T007886,04-12-2025,Webcam,Accessories,East,Online,5,"? 1,931.00","? 9,655.00",Credit Card,C01282
T007887,03-05-2025,Headphones,Accessories,North,Online,2,"? 5,974.00","? 11,948.00",UPI,C00236
T007888,12-07-2025,Mouse,Accessories,South,Online,5,"? 1,458.00","? 7,290.00",Cash,C01418
T007889,09-04-2025,Power Bank,Accessories,North,Offline,5,"? 1,885.00","? 9,425.00",Cash,C00741
T007890,18-10-2025,Speaker,Accessories,South,Online,5,"? 7,695.00","? 38,475.00",Credit Card,C00460
T007891,08-06-2025,Router,Networking,South,Online,3,"? 7,759.00","? 23,277.00",Net Banking,C00471
T007892,13-04-2025,Gaming Chair,Furniture,East,Offline,3,"? 26,869.00","? 80,607.00",Net Banking,C02002
T007893,08-10-2025,Smartwatch,Accessories,North,Offline,2,"? 17,771.00","? 35,542.00",Cash,C00829
T007894,12-02-2025,Keyboard,Accessories,South,Offline,1,? 800.00,? 800.00,UPI,C00251
T007895,25-03-2025,Gaming Chair,Furniture,East,Online,5,"? 29,782.00","? 1,48,910.00",Credit Card,C01190
T007896,10-07-2025,Mouse,Accessories,North,Online,1,"? 2,554.00","? 2,554.00",Cash,C01693
T007897,20-02-2025,Webcam,Accessories,South,Online,3,"? 6,578.00","? 19,734.00",Cash,C01230
T007898,29-07-2025,Router,Networking,East,Offline,5,"? 4,548.00","? 22,740.00",UPI,C01145
T007899,06-05-2025,Camera,Electronics,North,Offline,1,"? 33,174.00","? 33,174.00",Cash,C00683
T007900,10-03-2025,Power Bank,Accessories,South,Online,1,"? 1,599.00","? 1,599.00",Cash,C01658
T007901,22-09-2025,Mouse,Accessories,East,Online,4,"? 1,425.00","? 5,700.00",Credit Card,C00279
T007902,15-09-2025,Mouse,Accessories,East,Online,3,"? 1,915.00","? 5,745.00",Credit Card,C01001
T007903,07-07-2025,Mouse,Accessories,North,Online,2,"? 2,303.00","? 4,606.00",Net Banking,C01510
T007904,18-08-2025,Speaker,Accessories,East,Offline,2,"? 7,509.00","? 15,018.00",Credit Card,C01532
T007905,08-07-2025,Router,Networking,North,Online,4,"? 2,795.00","? 11,180.00",Credit Card,C01243
T007906,10-01-2025,Router,Networking,North,Online,1,"? 6,763.00","? 6,763.00",Cash,C00083
T007907,24-04-2025,Mouse,Accessories,South,Offline,4,? 834.00,"? 3,336.00",Cash,C00877
T007908,17-03-2025,Tablet,Electronics,North,Online,4,"? 31,954.00","? 1,27,816.00",UPI,C00876
T007909,13-06-2025,Webcam,Accessories,East,Online,3,"? 6,140.00","? 18,420.00",Cash,C01300
T007910,26-03-2025,Power Bank,Accessories,North,Online,5,"? 1,447.00","? 7,235.00",Credit Card,C00222
T007911,18-02-2025,Tablet,Electronics,South,Offline,1,"? 28,679.00","? 28,679.00",Credit Card,C01565
T007912,22-11-2025,Mouse,Accessories,East,Online,2,"? 1,831.00","? 3,662.00",Credit Card,C00648
T007913,26-06-2025,Gaming Chair,Furniture,South,Online,2,"? 29,556.00","? 59,112.00",Cash,C02446
T007914,06-08-2025,Smartphone,Electronics,West,Online,4,"? 28,887.00","? 1,15,548.00",UPI,C01190
T007915,08-07-2025,Gaming Chair,Furniture,South,Online,4,"? 10,361.00","? 41,444.00",Credit Card,C02179
T007916,12-12-2025,Smartphone,Electronics,West,Online,4,"? 38,925.00","? 1,55,700.00",UPI,C01795
T007917,18-08-2025,Tablet,Electronics,West,Offline,1,"? 22,324.00","? 22,324.00",UPI,C01335
T007918,12-09-2025,Gaming Chair,Furniture,North,Online,4,"? 8,723.00","? 34,892.00",Credit Card,C02254
T007919,24-08-2025,Headphones,Accessories,East,Online,4,"? 2,547.00","? 10,188.00",UPI,C01020
T007920,26-01-2025,Keyboard,Accessories,North,Offline,5,"? 1,679.00","? 8,395.00",UPI,C01324
T007921,13-03-2025,Router,Networking,East,Online,1,"? 1,583.00","? 1,583.00",UPI,C02217
T007922,18-09-2025,Monitor,Electronics,South,Online,3,"? 21,405.00","? 64,215.00",Net Banking,C00155
T007923,11-09-2025,Camera,Electronics,West,Offline,3,"? 21,365.00","? 64,095.00",Cash,C01116
T007924,28-09-2025,Camera,Electronics,West,Online,5,"? 77,893.00","? 3,89,465.00",Credit Card,C01180
T007925,03-05-2025,Mouse,Accessories,West,Offline,2,"? 1,771.00","? 3,542.00",Cash,C00005
T007926,24-05-2025,Headphones,Accessories,South,Online,3,"? 11,954.00","? 35,862.00",Credit Card,C01575
T007927,14-09-2025,Smartphone,Electronics,South,Offline,1,"? 18,853.00","? 18,853.00",Cash,C01108
T007928,24-05-2025,Smartphone,Electronics,North,Offline,2,"? 19,682.00","? 39,364.00",Net Banking,C00879
T007929,16-09-2025,Webcam,Accessories,North,Online,4,"? 7,460.00","? 29,840.00",Cash,C01053
T007930,16-02-2025,Headphones,Accessories,East,Online,1,"? 9,343.00","? 9,343.00",Cash,C01436
T007931,17-12-2025,Keyboard,Accessories,East,Online,2,"? 4,198.00","? 8,396.00",Credit Card,C01419
T007932,13-01-2025,Tablet,Electronics,West,Offline,3,"? 11,567.00","? 34,701.00",Credit Card,C02261
T007933,27-07-2025,Keyboard,Accessories,South,Online,4,? 911.00,"? 3,644.00",Credit Card,C00221
T007934,07-11-2025,Smartwatch,Accessories,South,Offline,4,"? 6,191.00","? 24,764.00",UPI,C00783
T007935,23-08-2025,Smartwatch,Accessories,North,Offline,1,"? 11,718.00","? 11,718.00",Net Banking,C01176
T007936,29-05-2025,Smartphone,Electronics,North,Online,4,"? 38,540.00","? 1,54,160.00",Cash,C02083
T007937,18-11-2025,Monitor,Electronics,East,Online,2,"? 33,097.00","? 66,194.00",Credit Card,C02109
T007938,04-06-2025,Smartwatch,Accessories,East,Online,5,"? 7,135.00","? 35,675.00",UPI,C01300
T007939,15-06-2025,Speaker,Accessories,North,Offline,3,"? 11,394.00","? 34,182.00",Net Banking,C00826
T007940,31-03-2025,Smartphone,Electronics,North,Online,1,"? 54,519.00","? 54,519.00",Net Banking,C00959
T007941,05-07-2025,Mouse,Accessories,South,Online,5,? 417.00,"? 2,085.00",UPI,C01783
T007942,14-11-2025,Router,Networking,East,Online,5,"? 4,980.00","? 24,900.00",Cash,C00700
T007943,24-12-2025,Webcam,Accessories,North,Online,1,"? 8,674.00","? 8,674.00",UPI,C02452
T007944,23-06-2025,Printer,Electronics,North,Online,2,"? 24,103.00","? 48,206.00",Credit Card,C01622
T007945,05-08-2025,Printer,Electronics,West,Offline,3,"? 14,061.00","? 42,183.00",UPI,C01624
T007946,21-09-2025,Laptop,Electronics,North,Offline,1,"? 70,398.00","? 70,398.00",UPI,C00448
T007947,07-04-2025,Mouse,Accessories,North,Offline,5,"? 1,377.00","? 6,885.00",UPI,C00654
T007948,27-04-2025,Printer,Electronics,South,Offline,5,"? 6,878.00","? 34,390.00",UPI,C01188
T007949,18-07-2025,Keyboard,Accessories,North,Offline,1,"? 1,293.00","? 1,293.00",UPI,C00141
T007950,16-11-2025,Laptop,Electronics,East,Online,5,"? 95,698.00","? 4,78,490.00",UPI,C00257
T007951,21-01-2025,Smartphone,Electronics,West,Offline,1,"? 54,040.00","? 54,040.00",Credit Card,C02418
T007952,19-07-2025,Headphones,Accessories,South,Online,1,"? 2,609.00","? 2,609.00",Net Banking,C01293
T007953,07-12-2025,Gaming Chair,Furniture,East,Online,3,"? 14,714.00","? 44,142.00",UPI,C01187
T007954,05-09-2025,Headphones,Accessories,West,Online,1,"? 6,109.00","? 6,109.00",UPI,C01554
T007955,03-10-2025,Smartphone,Electronics,West,Online,5,"? 33,832.00","? 1,69,160.00",Cash,C00674
T007956,21-09-2025,Monitor,Electronics,North,Online,4,"? 20,749.00","? 82,996.00",Net Banking,C00326
T007957,27-02-2025,Smartphone,Electronics,West,Online,3,"? 30,888.00","? 92,664.00",Cash,C01082
T007958,29-10-2025,Tablet,Electronics,West,Offline,5,"? 44,904.00","? 2,24,520.00",UPI,C00283
T007959,31-01-2025,Gaming Chair,Furniture,North,Online,5,"? 24,020.00","? 1,20,100.00",Net Banking,C01081
T007960,06-09-2025,Headphones,Accessories,South,Online,3,"? 7,966.00","? 23,898.00",Net Banking,C00380
T007961,03-04-2025,Printer,Electronics,North,Offline,3,"? 8,053.00","? 24,159.00",UPI,C00882
T007962,22-09-2025,Camera,Electronics,South,Online,5,"? 66,000.00","? 3,30,000.00",Credit Card,C01728
T007963,28-09-2025,Laptop,Electronics,West,Online,4,"? 82,851.00","? 3,31,404.00",Net Banking,C00591
T007964,04-04-2025,Monitor,Electronics,East,Offline,2,"? 24,025.00","? 48,050.00",Net Banking,C00663
T007965,03-06-2025,Power Bank,Accessories,South,Online,5,"? 2,239.00","? 11,195.00",Credit Card,C00827
T007966,12-10-2025,Webcam,Accessories,South,Online,3,"? 4,168.00","? 12,504.00",Cash,C01529
T007967,21-03-2025,Gaming Chair,Furniture,South,Online,1,"? 13,231.00","? 13,231.00",Cash,C00278
T007968,19-10-2025,Smartwatch,Accessories,South,Online,1,"? 12,411.00","? 12,411.00",Credit Card,C01458
T007969,25-03-2025,Mouse,Accessories,West,Online,3,"? 1,098.00","? 3,294.00",Credit Card,C02455
T007970,31-12-2025,Monitor,Electronics,East,Online,3,"? 26,204.00","? 78,612.00",Cash,C00084
T007971,06-02-2025,Webcam,Accessories,South,Online,2,"? 5,914.00","? 11,828.00",Net Banking,C02484
T007972,08-12-2025,Smartwatch,Accessories,East,Online,3,"? 11,290.00","? 33,870.00",Credit Card,C01799
T007973,23-11-2025,Monitor,Electronics,West,Offline,1,"? 14,572.00","? 14,572.00",Net Banking,C02193
T007974,20-08-2025,Camera,Electronics,South,Online,4,"? 76,779.00","? 3,07,116.00",Net Banking,C01927
T007975,03-04-2025,Speaker,Accessories,East,Offline,3,"? 4,394.00","? 13,182.00",Net Banking,C00745
T007976,02-12-2025,Monitor,Electronics,South,Online,2,"? 11,417.00","? 22,834.00",Cash,C00151
T007977,12-04-2025,Printer,Electronics,South,Offline,4,"? 22,632.00","? 90,528.00",Cash,C00549
T007978,15-06-2025,Smartphone,Electronics,West,Online,2,"? 22,810.00","? 45,620.00",Cash,C02249
T007979,08-06-2025,Tablet,Electronics,South,Online,4,"? 22,674.00","? 90,696.00",Net Banking,C01478
T007980,14-01-2025,Laptop,Electronics,East,Online,3,"? 92,917.00","? 2,78,751.00",Cash,C00509
T007981,13-08-2025,Headphones,Accessories,East,Offline,1,"? 2,890.00","? 2,890.00",Credit Card,C00362
T007982,14-03-2025,Webcam,Accessories,West,Online,4,"? 9,380.00","? 37,520.00",Credit Card,C01216
T007983,06-09-2025,Webcam,Accessories,North,Online,5,"? 3,615.00","? 18,075.00",Cash,C00530
T007984,01-04-2025,Smartwatch,Accessories,North,Online,2,"? 8,581.00","? 17,162.00",Net Banking,C00163
T007985,04-08-2025,Speaker,Accessories,West,Online,4,"? 4,563.00","? 18,252.00",UPI,C02327
T007986,31-03-2025,Laptop,Electronics,West,Offline,2,"? 88,419.00","? 1,76,838.00",UPI,C02399
T007987,29-01-2025,Monitor,Electronics,North,Offline,1,"? 9,806.00","? 9,806.00",Credit Card,C00212
T007988,01-11-2025,Smartphone,Electronics,North,Online,2,"? 55,068.00","? 1,10,136.00",Net Banking,C01159
T007989,08-08-2025,Laptop,Electronics,East,Online,2,"? 74,871.00","? 1,49,742.00",Cash,C00844
T007990,24-11-2025,Smartphone,Electronics,East,Online,5,"? 66,846.00","? 3,34,230.00",Net Banking,C00508
T007991,03-08-2025,Webcam,Accessories,East,Offline,2,"? 6,993.00","? 13,986.00",Cash,C00945
T007992,09-08-2025,Router,Networking,North,Online,4,"? 1,531.00","? 6,124.00",UPI,C01018
T007993,11-02-2025,Smartwatch,Accessories,West,Online,2,"? 6,650.00","? 13,300.00",Cash,C00755
T007994,15-05-2025,Printer,Electronics,South,Online,3,"? 18,067.00","? 54,201.00",Credit Card,C01721
T007995,11-02-2025,Printer,Electronics,East,Online,2,"? 22,225.00","? 44,450.00",Credit Card,C00708
T007996,13-06-2025,Smartphone,Electronics,South,Offline,3,"? 60,360.00","? 1,81,080.00",Credit Card,C01932
T007997,27-12-2025,Smartphone,Electronics,West,Online,2,"? 15,792.00","? 31,584.00",Cash,C01410
T007998,10-10-2025,Tablet,Electronics,North,Offline,2,"? 39,803.00","? 79,606.00",UPI,C00459
T007999,27-02-2025,Mouse,Accessories,East,Online,4,? 495.00,"? 1,980.00",Credit Card,C00824
T008000,29-10-2025,Speaker,Accessories,North,Offline,3,"? 2,589.00","? 7,767.00",Cash,C01038
T008001,18-11-2025,Tablet,Electronics,West,Online,3,"? 30,881.00","? 92,643.00",Cash,C00616
T008002,25-01-2025,Laptop,Electronics,East,Offline,5,"? 83,557.00","? 4,17,785.00",Cash,C00004
T008003,14-03-2025,Gaming Chair,Furniture,West,Online,2,"? 12,194.00","? 24,388.00",Credit Card,C00659
T008004,09-05-2025,Gaming Chair,Furniture,West,Offline,2,"? 20,558.00","? 41,116.00",Cash,C00190
T008005,28-03-2025,Gaming Chair,Furniture,East,Offline,4,"? 28,841.00","? 1,15,364.00",Cash,C00968
T008006,26-11-2025,Keyboard,Accessories,South,Online,5,"? 3,940.00","? 19,700.00",Credit Card,C02176
T008007,02-06-2025,Tablet,Electronics,East,Online,5,"? 41,764.00","? 2,08,820.00",UPI,C01613
T008008,01-07-2025,Laptop,Electronics,North,Offline,4,"? 55,961.00","? 2,23,844.00",Credit Card,C00078
T008009,05-05-2025,Gaming Chair,Furniture,South,Online,3,"? 20,048.00","? 60,144.00",Net Banking,C00434
T008010,08-03-2025,Router,Networking,East,Offline,1,"? 6,428.00","? 6,428.00",Net Banking,C00626
T008011,06-01-2025,Headphones,Accessories,East,Online,4,"? 6,155.00","? 24,620.00",UPI,C00212
T008012,05-05-2025,Router,Networking,East,Online,3,"? 1,813.00","? 5,439.00",Cash,C02241
T008013,10-11-2025,Laptop,Electronics,East,Online,5,"? 50,232.00","? 2,51,160.00",UPI,C01612
T008014,22-11-2025,Laptop,Electronics,East,Online,4,"? 59,221.00","? 2,36,884.00",UPI,C00227
T008015,22-02-2025,Power Bank,Accessories,North,Online,1,"? 4,406.00","? 4,406.00",Cash,C00340
T008016,07-03-2025,Smartphone,Electronics,West,Online,2,"? 39,233.00","? 78,466.00",Credit Card,C01868
T008017,10-11-2025,Camera,Electronics,North,Offline,4,"? 22,711.00","? 90,844.00",Credit Card,C00679
T008018,23-03-2025,Monitor,Electronics,West,Offline,1,"? 20,531.00","? 20,531.00",Credit Card,C02461
T008019,28-03-2025,Smartphone,Electronics,East,Online,1,"? 25,480.00","? 25,480.00",UPI,C00186
T008020,02-01-2025,Speaker,Accessories,North,Online,4,"? 9,440.00","? 37,760.00",Net Banking,C00323
T008021,23-07-2025,Smartphone,Electronics,West,Offline,3,"? 27,191.00","? 81,573.00",Cash,C00839
T008022,30-05-2025,Webcam,Accessories,West,Online,4,"? 4,844.00","? 19,376.00",Credit Card,C00589
T008023,20-10-2025,Speaker,Accessories,East,Offline,5,"? 3,622.00","? 18,110.00",Credit Card,C00075
T008024,13-04-2025,Speaker,Accessories,East,Online,1,"? 12,022.00","? 12,022.00",Cash,C02388
T008025,24-01-2025,Camera,Electronics,South,Offline,1,"? 23,779.00","? 23,779.00",Credit Card,C02367
T008026,31-07-2025,Camera,Electronics,South,Offline,2,"? 86,708.00","? 1,73,416.00",Cash,C02287
T008027,06-03-2025,Monitor,Electronics,West,Offline,1,"? 15,317.00","? 15,317.00",Credit Card,C00795
T008028,28-07-2025,Power Bank,Accessories,South,Online,2,? 959.00,"? 1,918.00",UPI,C01897
T008029,08-09-2025,Keyboard,Accessories,North,Online,1,"? 3,193.00","? 3,193.00",UPI,C01658
T008030,27-04-2025,Power Bank,Accessories,West,Online,1,"? 2,929.00","? 2,929.00",Net Banking,C00725
T008031,26-04-2025,Speaker,Accessories,North,Offline,4,"? 4,578.00","? 18,312.00",UPI,C00978
T008032,25-08-2025,Headphones,Accessories,South,Online,4,"? 3,229.00","? 12,916.00",Credit Card,C00897
T008033,15-04-2025,Tablet,Electronics,North,Offline,5,"? 12,917.00","? 64,585.00",UPI,C00242
T008034,16-09-2025,Laptop,Electronics,West,Online,3,"? 69,397.00","? 2,08,191.00",Credit Card,C00076
T008035,15-02-2025,Speaker,Accessories,North,Online,5,"? 11,241.00","? 56,205.00",UPI,C00348
T008036,07-11-2025,Tablet,Electronics,West,Online,1,"? 16,326.00","? 16,326.00",Credit Card,C01658
T008037,27-11-2025,Power Bank,Accessories,South,Offline,5,"? 4,185.00","? 20,925.00",Credit Card,C02190
T008038,04-08-2025,Gaming Chair,Furniture,West,Offline,4,"? 9,579.00","? 38,316.00",Cash,C00910
T008039,28-10-2025,Printer,Electronics,South,Offline,1,"? 20,509.00","? 20,509.00",Credit Card,C01754
T008040,29-11-2025,Smartwatch,Accessories,East,Offline,1,"? 16,349.00","? 16,349.00",Cash,C01872
T008041,24-01-2025,Router,Networking,South,Offline,5,"? 4,871.00","? 24,355.00",Cash,C01532
T008042,04-02-2025,Keyboard,Accessories,West,Offline,2,"? 2,660.00","? 5,320.00",UPI,C01880
T008043,24-01-2025,Smartwatch,Accessories,West,Online,3,"? 9,902.00","? 29,706.00",Cash,C00774
T008044,28-01-2025,Laptop,Electronics,East,Online,5,"? 64,033.00","? 3,20,165.00",Cash,C00113
T008045,16-01-2025,Camera,Electronics,East,Online,5,"? 55,158.00","? 2,75,790.00",UPI,C00350
T008046,28-02-2025,Laptop,Electronics,South,Offline,3,"? 84,187.00","? 2,52,561.00",Credit Card,C00765
T008047,31-08-2025,Headphones,Accessories,North,Online,1,"? 4,917.00","? 4,917.00",UPI,C00791
T008048,26-07-2025,Webcam,Accessories,North,Online,1,"? 6,442.00","? 6,442.00",UPI,C01753
T008049,28-09-2025,Tablet,Electronics,East,Offline,2,"? 18,354.00","? 36,708.00",Net Banking,C02265
T008050,06-09-2025,Speaker,Accessories,South,Online,5,"? 9,807.00","? 49,035.00",Cash,C01524
T008051,24-09-2025,Monitor,Electronics,East,Offline,3,"? 31,954.00","? 95,862.00",Cash,C00642
T008052,12-07-2025,Power Bank,Accessories,East,Offline,5,"? 2,270.00","? 11,350.00",UPI,C00714
T008053,01-12-2025,Power Bank,Accessories,West,Offline,4,"? 3,879.00","? 15,516.00",Credit Card,C01717
T008054,06-08-2025,Mouse,Accessories,West,Offline,5,"? 1,446.00","? 7,230.00",Credit Card,C00411
T008055,25-04-2025,Webcam,Accessories,West,Offline,5,"? 5,352.00","? 26,760.00",Cash,C00108
T008056,09-03-2025,Speaker,Accessories,East,Offline,4,"? 12,530.00","? 50,120.00",UPI,C01928
T008057,26-10-2025,Webcam,Accessories,South,Online,4,"? 2,042.00","? 8,168.00",Credit Card,C02153
T008058,21-11-2025,Mouse,Accessories,North,Offline,3,? 813.00,"? 2,439.00",UPI,C00289
T008059,16-03-2025,Webcam,Accessories,North,Offline,1,"? 5,478.00","? 5,478.00",Credit Card,C01451
T008060,13-04-2025,Monitor,Electronics,West,Online,2,"? 25,816.00","? 51,632.00",UPI,C01950
T008061,24-10-2025,Gaming Chair,Furniture,South,Online,4,"? 16,860.00","? 67,440.00",Cash,C02338
T008062,27-06-2025,Camera,Electronics,West,Online,1,"? 46,645.00","? 46,645.00",Credit Card,C01358
T008063,03-08-2025,Mouse,Accessories,South,Online,3,"? 1,368.00","? 4,104.00",Credit Card,C01892
T008064,11-11-2025,Camera,Electronics,South,Online,5,"? 25,800.00","? 1,29,000.00",Credit Card,C02068
T008065,08-02-2025,Smartphone,Electronics,South,Offline,3,"? 39,229.00","? 1,17,687.00",Credit Card,C02366
T008066,16-09-2025,Headphones,Accessories,East,Online,3,"? 10,372.00","? 31,116.00",Cash,C02050
T008067,23-07-2025,Webcam,Accessories,South,Online,4,"? 7,091.00","? 28,364.00",Net Banking,C02264
T008068,07-01-2025,Speaker,Accessories,East,Online,2,"? 6,883.00","? 13,766.00",UPI,C01624
T008069,18-02-2025,Keyboard,Accessories,North,Online,4,"? 3,935.00","? 15,740.00",UPI,C00253
T008070,26-01-2025,Tablet,Electronics,North,Online,5,"? 31,639.00","? 1,58,195.00",Net Banking,C02271
T008071,10-06-2025,Webcam,Accessories,East,Online,4,"? 1,751.00","? 7,004.00",Cash,C00630
T008072,23-12-2025,Tablet,Electronics,North,Offline,5,"? 14,300.00","? 71,500.00",Credit Card,C02116
T008073,25-06-2025,Webcam,Accessories,North,Offline,4,"? 8,909.00","? 35,636.00",Net Banking,C02274
T008074,20-03-2025,Keyboard,Accessories,West,Offline,2,"? 3,579.00","? 7,158.00",UPI,C02387
T008075,02-01-2025,Laptop,Electronics,East,Online,1,"? 53,998.00","? 53,998.00",Net Banking,C01683
T008076,12-05-2025,Gaming Chair,Furniture,East,Offline,2,"? 16,982.00","? 33,964.00",UPI,C00368
T008077,03-10-2025,Laptop,Electronics,East,Offline,4,"? 55,180.00","? 2,20,720.00",UPI,C01516
T008078,27-04-2025,Smartwatch,Accessories,West,Offline,3,"? 14,752.00","? 44,256.00",Net Banking,C01571
T008079,13-06-2025,Laptop,Electronics,East,Online,1,"? 80,513.00","? 80,513.00",UPI,C02031
T008080,15-10-2025,Camera,Electronics,North,Online,3,"? 37,879.00","? 1,13,637.00",UPI,C00359
T008081,28-01-2025,Monitor,Electronics,South,Online,2,"? 32,362.00","? 64,724.00",Cash,C01658
T008082,29-11-2025,Smartphone,Electronics,West,Offline,1,"? 61,686.00","? 61,686.00",UPI,C00413
T008083,01-01-2025,Keyboard,Accessories,West,Offline,4,"? 3,768.00","? 15,072.00",UPI,C02447
T008084,07-07-2025,Camera,Electronics,East,Online,3,"? 44,525.00","? 1,33,575.00",Cash,C00544
T008085,25-02-2025,Camera,Electronics,South,Online,4,"? 25,378.00","? 1,01,512.00",Cash,C01846
T008086,04-02-2025,Smartwatch,Accessories,South,Offline,5,"? 17,901.00","? 89,505.00",UPI,C00528
T008087,22-04-2025,Camera,Electronics,South,Offline,1,"? 22,577.00","? 22,577.00",Credit Card,C02297
T008088,13-10-2025,Power Bank,Accessories,North,Offline,3,"? 2,035.00","? 6,105.00",Credit Card,C02232
T008089,06-11-2025,Power Bank,Accessories,South,Offline,2,"? 1,858.00","? 3,716.00",Credit Card,C00053
T008090,05-02-2025,Headphones,Accessories,East,Online,2,"? 10,362.00","? 20,724.00",Net Banking,C02130
T008091,05-08-2025,Laptop,Electronics,North,Online,2,"? 65,641.00","? 1,31,282.00",Cash,C01570
T008092,21-03-2025,Gaming Chair,Furniture,South,Offline,2,"? 11,659.00","? 23,318.00",Cash,C01109
T008093,10-11-2025,Gaming Chair,Furniture,East,Offline,3,"? 19,847.00","? 59,541.00",UPI,C01409
T008094,24-03-2025,Tablet,Electronics,North,Offline,5,"? 31,752.00","? 1,58,760.00",Credit Card,C00719
T008095,06-03-2025,Router,Networking,North,Online,2,"? 1,556.00","? 3,112.00",Credit Card,C00571
T008096,21-11-2025,Power Bank,Accessories,South,Online,2,"? 2,692.00","? 5,384.00",Net Banking,C01049
T008097,08-05-2025,Headphones,Accessories,North,Online,2,"? 8,472.00","? 16,944.00",UPI,C01567
T008098,03-11-2025,Smartphone,Electronics,West,Offline,5,"? 33,953.00","? 1,69,765.00",Credit Card,C00854
T008099,22-01-2025,Power Bank,Accessories,East,Online,1,"? 4,880.00","? 4,880.00",UPI,C00194
T008100,04-08-2025,Smartphone,Electronics,South,Offline,2,"? 63,364.00","? 1,26,728.00",UPI,C01751
T008101,17-04-2025,Smartphone,Electronics,East,Offline,2,"? 37,761.00","? 75,522.00",UPI,C01961
T008102,19-04-2025,Speaker,Accessories,East,Online,2,"? 3,448.00","? 6,896.00",Credit Card,C00830
T008103,23-12-2025,Laptop,Electronics,West,Online,1,"? 66,606.00","? 66,606.00",Cash,C00693
T008104,30-06-2025,Camera,Electronics,North,Offline,2,"? 62,599.00","? 1,25,198.00",UPI,C01880
T008105,22-12-2025,Smartphone,Electronics,West,Online,1,"? 43,998.00","? 43,998.00",Cash,C01401
T008106,13-06-2025,Keyboard,Accessories,West,Offline,1,"? 2,457.00","? 2,457.00",Credit Card,C01575
T008107,09-03-2025,Tablet,Electronics,North,Online,4,"? 19,027.00","? 76,108.00",Credit Card,C02153
T008108,19-10-2025,Camera,Electronics,South,Online,4,"? 22,536.00","? 90,144.00",UPI,C01299
T008109,29-06-2025,Smartwatch,Accessories,East,Online,2,"? 4,525.00","? 9,050.00",Cash,C01473
T008110,30-06-2025,Laptop,Electronics,South,Online,3,"? 59,176.00","? 1,77,528.00",Credit Card,C02147
T008111,18-06-2025,Monitor,Electronics,South,Online,4,"? 25,741.00","? 1,02,964.00",UPI,C01552
T008112,22-01-2025,Router,Networking,West,Offline,4,"? 6,387.00","? 25,548.00",Cash,C00584
T008113,07-03-2025,Headphones,Accessories,North,Offline,3,"? 8,722.00","? 26,166.00",Cash,C00199
T008114,21-01-2025,Printer,Electronics,North,Offline,5,"? 28,366.00","? 1,41,830.00",UPI,C01621
T008115,10-04-2025,Headphones,Accessories,East,Offline,2,"? 5,477.00","? 10,954.00",Cash,C00697
T008116,27-10-2025,Gaming Chair,Furniture,North,Online,5,"? 25,755.00","? 1,28,775.00",UPI,C00436
T008117,13-04-2025,Webcam,Accessories,South,Online,5,"? 4,724.00","? 23,620.00",Credit Card,C01286
T008118,16-02-2025,Webcam,Accessories,North,Offline,1,"? 3,374.00","? 3,374.00",Credit Card,C01468
T008119,08-02-2025,Webcam,Accessories,North,Online,1,"? 4,861.00","? 4,861.00",UPI,C01846
T008120,12-10-2025,Smartphone,Electronics,South,Offline,2,"? 31,095.00","? 62,190.00",Net Banking,C01535
T008121,06-11-2025,Tablet,Electronics,East,Online,3,"? 16,104.00","? 48,312.00",Credit Card,C01491
T008122,31-03-2025,Smartwatch,Accessories,East,Offline,1,"? 3,142.00","? 3,142.00",UPI,C00175
T008123,26-03-2025,Power Bank,Accessories,South,Offline,4,"? 1,364.00","? 5,456.00",Credit Card,C02389
T008124,30-09-2025,Camera,Electronics,North,Offline,2,"? 32,726.00","? 65,452.00",Cash,C01022
T008125,02-12-2025,Webcam,Accessories,North,Online,5,"? 8,398.00","? 41,990.00",Credit Card,C00170
T008126,07-07-2025,Router,Networking,East,Online,2,"? 3,088.00","? 6,176.00",Net Banking,C00740
T008127,08-06-2025,Router,Networking,East,Offline,1,"? 5,485.00","? 5,485.00",Cash,C00701
T008128,31-08-2025,Gaming Chair,Furniture,East,Offline,3,"? 20,916.00","? 62,748.00",Credit Card,C02035
T008129,14-03-2025,Keyboard,Accessories,West,Online,5,"? 2,170.00","? 10,850.00",UPI,C00446
T008130,18-02-2025,Mouse,Accessories,East,Online,3,? 794.00,"? 2,382.00",Credit Card,C00951
T008131,11-04-2025,Headphones,Accessories,North,Offline,2,"? 5,342.00","? 10,684.00",Credit Card,C00933
T008132,02-01-2025,Mouse,Accessories,East,Offline,3,"? 2,695.00","? 8,085.00",Credit Card,C01551
T008133,01-09-2025,Webcam,Accessories,North,Online,3,"? 3,136.00","? 9,408.00",Net Banking,C00298
T008134,25-06-2025,Camera,Electronics,North,Offline,2,"? 31,104.00","? 62,208.00",Credit Card,C00510
T008135,26-08-2025,Tablet,Electronics,North,Online,5,"? 36,048.00","? 1,80,240.00",Net Banking,C02207
T008136,28-02-2025,Mouse,Accessories,East,Offline,3,"? 2,531.00","? 7,593.00",Credit Card,C01798
T008137,19-12-2025,Headphones,Accessories,East,Online,3,"? 2,244.00","? 6,732.00",Credit Card,C00787
T008138,09-04-2025,Router,Networking,South,Offline,2,"? 5,237.00","? 10,474.00",Net Banking,C01441
T008139,25-12-2025,Router,Networking,East,Offline,4,"? 3,598.00","? 14,392.00",UPI,C01370
T008140,02-01-2025,Monitor,Electronics,East,Online,3,"? 18,789.00","? 56,367.00",Cash,C00693
T008141,31-08-2025,Printer,Electronics,East,Online,1,"? 29,298.00","? 29,298.00",Cash,C01790
T008142,24-10-2025,Mouse,Accessories,West,Online,5,"? 1,380.00","? 6,900.00",Credit Card,C02174
T008143,30-07-2025,Monitor,Electronics,East,Offline,3,"? 29,690.00","? 89,070.00",UPI,C01134
T008144,03-05-2025,Monitor,Electronics,West,Offline,2,"? 18,704.00","? 37,408.00",UPI,C00449
T008145,17-08-2025,Smartphone,Electronics,North,Offline,1,"? 19,514.00","? 19,514.00",Credit Card,C01166
T008146,23-03-2025,Printer,Electronics,North,Offline,2,"? 20,422.00","? 40,844.00",Net Banking,C00634
T008147,24-05-2025,Keyboard,Accessories,North,Offline,3,? 958.00,"? 2,874.00",Cash,C02058
T008148,20-05-2025,Speaker,Accessories,North,Offline,1,"? 3,858.00","? 3,858.00",Credit Card,C01791
T008149,29-01-2025,Headphones,Accessories,West,Offline,5,"? 6,615.00","? 33,075.00",Cash,C01019
T008150,27-09-2025,Webcam,Accessories,West,Online,5,"? 2,768.00","? 13,840.00",Net Banking,C01041
T008151,04-09-2025,Smartwatch,Accessories,North,Offline,5,"? 16,840.00","? 84,200.00",Cash,C00715
T008152,12-01-2025,Camera,Electronics,East,Online,4,"? 44,771.00","? 1,79,084.00",UPI,C01514
T008153,21-12-2025,Smartwatch,Accessories,North,Offline,2,"? 18,945.00","? 37,890.00",Net Banking,C01551
T008154,03-12-2025,Mouse,Accessories,North,Online,3,? 439.00,"? 1,317.00",UPI,C00918
T008155,16-04-2025,Gaming Chair,Furniture,West,Online,1,"? 10,504.00","? 10,504.00",UPI,C00824
T008156,01-02-2025,Printer,Electronics,North,Online,2,"? 29,405.00","? 58,810.00",Credit Card,C01211
T008157,15-03-2025,Mouse,Accessories,West,Offline,3,"? 2,275.00","? 6,825.00",UPI,C01639
T008158,20-06-2025,Printer,Electronics,South,Online,4,"? 16,068.00","? 64,272.00",Cash,C01259
T008159,03-12-2025,Headphones,Accessories,West,Offline,3,"? 5,097.00","? 15,291.00",Net Banking,C00178
T008160,10-03-2025,Camera,Electronics,North,Online,2,"? 62,089.00","? 1,24,178.00",Credit Card,C02033
T008161,28-10-2025,Gaming Chair,Furniture,East,Online,3,"? 18,455.00","? 55,365.00",Credit Card,C00599
T008162,28-12-2025,Camera,Electronics,West,Online,1,"? 65,832.00","? 65,832.00",Credit Card,C00976
T008163,17-05-2025,Headphones,Accessories,West,Online,4,"? 7,822.00","? 31,288.00",Cash,C02365
T008164,10-04-2025,Keyboard,Accessories,West,Online,1,"? 4,721.00","? 4,721.00",Credit Card,C02301
T008165,26-05-2025,Monitor,Electronics,North,Online,4,"? 20,497.00","? 81,988.00",UPI,C01216
T008166,09-01-2025,Gaming Chair,Furniture,North,Online,4,"? 22,251.00","? 89,004.00",Net Banking,C00003
T008167,03-03-2025,Printer,Electronics,West,Online,3,"? 28,570.00","? 85,710.00",UPI,C01182
T008168,04-07-2025,Laptop,Electronics,East,Online,1,"? 93,145.00","? 93,145.00",Credit Card,C01210
T008169,29-01-2025,Laptop,Electronics,North,Offline,4,"? 69,944.00","? 2,79,776.00",Cash,C01992
T008170,24-04-2025,Router,Networking,East,Online,4,"? 7,179.00","? 28,716.00",Net Banking,C01944
T008171,23-05-2025,Monitor,Electronics,South,Online,3,"? 27,069.00","? 81,207.00",Credit Card,C01927
T008172,30-04-2025,Speaker,Accessories,East,Online,2,"? 8,112.00","? 16,224.00",UPI,C00051
T008173,19-06-2025,Mouse,Accessories,North,Online,2,"? 1,125.00","? 2,250.00",Cash,C02473
T008174,06-06-2025,Printer,Electronics,West,Online,5,"? 22,272.00","? 1,11,360.00",Net Banking,C01399
T008175,01-12-2025,Speaker,Accessories,South,Offline,5,"? 9,307.00","? 46,535.00",Credit Card,C00120
T008176,15-12-2025,Tablet,Electronics,East,Offline,4,"? 11,412.00","? 45,648.00",Credit Card,C00618
T008177,17-09-2025,Camera,Electronics,West,Online,2,"? 87,785.00","? 1,75,570.00",UPI,C01394
T008178,23-03-2025,Power Bank,Accessories,South,Online,4,"? 3,039.00","? 12,156.00",Cash,C02465
T008179,30-08-2025,Smartwatch,Accessories,East,Online,1,"? 9,873.00","? 9,873.00",UPI,C01803
T008180,21-06-2025,Tablet,Electronics,West,Online,2,"? 22,614.00","? 45,228.00",Credit Card,C00164
T008181,19-08-2025,Webcam,Accessories,South,Online,2,"? 8,393.00","? 16,786.00",Cash,C01657
T008182,27-07-2025,Smartwatch,Accessories,North,Online,2,"? 10,835.00","? 21,670.00",Cash,C02182
T008183,16-03-2025,Camera,Electronics,East,Offline,5,"? 49,028.00","? 2,45,140.00",Cash,C00635
T008184,27-09-2025,Laptop,Electronics,East,Online,3,"? 64,803.00","? 1,94,409.00",Net Banking,C01325
T008185,24-04-2025,Gaming Chair,Furniture,South,Online,3,"? 20,795.00","? 62,385.00",Net Banking,C00956
T008186,03-03-2025,Speaker,Accessories,East,Offline,5,"? 13,497.00","? 67,485.00",UPI,C02120
T008187,28-12-2025,Headphones,Accessories,West,Online,5,"? 6,185.00","? 30,925.00",UPI,C02407
T008188,16-11-2025,Keyboard,Accessories,East,Online,5,"? 4,990.00","? 24,950.00",Cash,C00549
T008189,12-04-2025,Smartphone,Electronics,East,Offline,3,"? 61,267.00","? 1,83,801.00",Credit Card,C00101
T008190,28-12-2025,Router,Networking,West,Online,4,"? 5,642.00","? 22,568.00",UPI,C01648
T008191,29-07-2025,Mouse,Accessories,West,Offline,5,"? 1,785.00","? 8,925.00",Credit Card,C02078
T008192,12-09-2025,Monitor,Electronics,North,Online,4,"? 15,152.00","? 60,608.00",Credit Card,C01936
T008193,20-01-2025,Laptop,Electronics,West,Online,4,"? 82,614.00","? 3,30,456.00",UPI,C00719
T008194,27-02-2025,Router,Networking,East,Offline,1,"? 4,084.00","? 4,084.00",UPI,C01973
T008195,22-04-2025,Headphones,Accessories,South,Online,3,"? 2,601.00","? 7,803.00",Cash,C00995
T008196,09-11-2025,Speaker,Accessories,East,Online,4,"? 6,442.00","? 25,768.00",UPI,C00521
T008197,15-07-2025,Headphones,Accessories,North,Online,3,"? 6,698.00","? 20,094.00",Net Banking,C01301
T008198,19-12-2025,Router,Networking,South,Offline,3,"? 6,304.00","? 18,912.00",Cash,C00837
T008199,02-04-2025,Smartwatch,Accessories,North,Offline,1,"? 19,191.00","? 19,191.00",UPI,C02297
T008200,21-02-2025,Gaming Chair,Furniture,East,Online,3,"? 18,851.00","? 56,553.00",Credit Card,C00512
T008201,20-10-2025,Power Bank,Accessories,West,Offline,4,? 914.00,"? 3,656.00",Net Banking,C02160
T008202,08-01-2025,Power Bank,Accessories,South,Offline,2,"? 3,527.00","? 7,054.00",Credit Card,C01042
T008203,27-10-2025,Headphones,Accessories,East,Offline,4,"? 11,458.00","? 45,832.00",Net Banking,C01917
T008204,08-04-2025,Printer,Electronics,South,Online,4,"? 18,484.00","? 73,936.00",Net Banking,C00707
T008205,24-08-2025,Mouse,Accessories,North,Offline,3,? 800.00,"? 2,400.00",UPI,C00199
T008206,10-03-2025,Router,Networking,East,Online,4,"? 5,401.00","? 21,604.00",UPI,C01140
T008207,14-02-2025,Smartphone,Electronics,South,Offline,2,"? 23,165.00","? 46,330.00",Cash,C00544
T008208,17-05-2025,Laptop,Electronics,East,Online,3,"? 97,852.00","? 2,93,556.00",Net Banking,C02271
T008209,22-08-2025,Printer,Electronics,East,Online,5,"? 16,920.00","? 84,600.00",UPI,C01486
T008210,01-02-2025,Laptop,Electronics,North,Offline,4,"? 97,095.00","? 3,88,380.00",Cash,C00088
T008211,16-10-2025,Keyboard,Accessories,North,Offline,4,"? 4,871.00","? 19,484.00",Credit Card,C01697
T008212,06-05-2025,Webcam,Accessories,North,Online,1,"? 3,068.00","? 3,068.00",Cash,C00965
T008213,08-03-2025,Webcam,Accessories,West,Offline,5,"? 2,241.00","? 11,205.00",UPI,C02376
T008214,30-01-2025,Smartphone,Electronics,South,Online,5,"? 57,690.00","? 2,88,450.00",Net Banking,C01922
T008215,24-04-2025,Headphones,Accessories,North,Online,2,"? 7,437.00","? 14,874.00",UPI,C02151
T008216,23-07-2025,Keyboard,Accessories,West,Online,5,"? 3,633.00","? 18,165.00",Credit Card,C00998
T008217,29-01-2025,Smartwatch,Accessories,West,Online,1,"? 6,509.00","? 6,509.00",Cash,C00298
T008218,11-05-2025,Speaker,Accessories,South,Offline,2,"? 6,026.00","? 12,052.00",UPI,C00675
T008219,04-07-2025,Keyboard,Accessories,South,Online,5,"? 3,867.00","? 19,335.00",UPI,C00887
T008220,10-09-2025,Tablet,Electronics,North,Online,2,"? 20,110.00","? 40,220.00",Cash,C02237
T008221,13-10-2025,Smartwatch,Accessories,West,Offline,5,"? 3,340.00","? 16,700.00",UPI,C02419
T008222,03-03-2025,Smartphone,Electronics,South,Online,5,"? 68,791.00","? 3,43,955.00",UPI,C00828
T008223,03-01-2025,Mouse,Accessories,South,Offline,5,"? 1,914.00","? 9,570.00",UPI,C02298
T008224,09-03-2025,Tablet,Electronics,South,Offline,4,"? 27,795.00","? 1,11,180.00",UPI,C02274
T008225,25-01-2025,Laptop,Electronics,South,Online,5,"? 77,612.00","? 3,88,060.00",UPI,C02035
T008226,28-06-2025,Gaming Chair,Furniture,West,Online,4,"? 15,724.00","? 62,896.00",Credit Card,C00124
T008227,21-05-2025,Monitor,Electronics,East,Online,3,"? 12,167.00","? 36,501.00",Net Banking,C02014
T008228,19-08-2025,Monitor,Electronics,South,Online,1,"? 25,406.00","? 25,406.00",Credit Card,C02353
T008229,27-10-2025,Tablet,Electronics,West,Online,2,"? 39,203.00","? 78,406.00",UPI,C00791
T008230,12-06-2025,Router,Networking,South,Online,2,"? 3,786.00","? 7,572.00",Credit Card,C01860
T008231,07-11-2025,Mouse,Accessories,West,Offline,3,? 976.00,"? 2,928.00",UPI,C00398
T008232,10-05-2025,Printer,Electronics,North,Online,5,"? 17,963.00","? 89,815.00",Net Banking,C01302
T008233,03-09-2025,Monitor,Electronics,East,Offline,1,"? 17,304.00","? 17,304.00",Credit Card,C02051
T008234,24-10-2025,Tablet,Electronics,West,Online,3,"? 14,808.00","? 44,424.00",Net Banking,C02044
T008235,21-06-2025,Webcam,Accessories,West,Online,3,"? 8,233.00","? 24,699.00",Credit Card,C02379
T008236,05-03-2025,Router,Networking,West,Online,2,"? 3,737.00","? 7,474.00",Credit Card,C00010
T008237,31-01-2025,Smartphone,Electronics,South,Online,4,"? 19,907.00","? 79,628.00",Net Banking,C00579
T008238,16-02-2025,Router,Networking,North,Offline,4,"? 4,986.00","? 19,944.00",UPI,C01586
T008239,10-05-2025,Camera,Electronics,South,Online,5,"? 88,761.00","? 4,43,805.00",Credit Card,C00197
T008240,18-12-2025,Mouse,Accessories,North,Online,5,"? 1,414.00","? 7,070.00",Net Banking,C00442
T008241,29-11-2025,Mouse,Accessories,East,Online,3,"? 1,762.00","? 5,286.00",UPI,C02063
T008242,20-04-2025,Printer,Electronics,South,Online,5,"? 8,021.00","? 40,105.00",Credit Card,C01146
T008243,10-03-2025,Smartwatch,Accessories,West,Offline,4,"? 13,128.00","? 52,512.00",Net Banking,C01584
T008244,27-02-2025,Headphones,Accessories,East,Offline,1,"? 4,106.00","? 4,106.00",Cash,C00626
T008245,16-04-2025,Monitor,Electronics,South,Offline,2,"? 16,975.00","? 33,950.00",Credit Card,C02054
T008246,27-10-2025,Gaming Chair,Furniture,North,Offline,4,"? 16,862.00","? 67,448.00",UPI,C02018
T008247,26-11-2025,Headphones,Accessories,South,Online,5,"? 11,961.00","? 59,805.00",UPI,C00959
T008248,13-09-2025,Headphones,Accessories,South,Online,2,"? 11,765.00","? 23,530.00",UPI,C01039
T008249,08-11-2025,Power Bank,Accessories,West,Offline,2,"? 3,384.00","? 6,768.00",Net Banking,C00091
T008250,20-06-2025,Gaming Chair,Furniture,West,Online,3,"? 12,942.00","? 38,826.00",Net Banking,C01783
T008251,11-06-2025,Power Bank,Accessories,East,Offline,5,"? 2,077.00","? 10,385.00",Credit Card,C01518
T008252,13-10-2025,Smartphone,Electronics,West,Offline,3,"? 50,811.00","? 1,52,433.00",Net Banking,C00239
T008253,12-03-2025,Router,Networking,South,Offline,2,"? 4,672.00","? 9,344.00",Cash,C01952
T008254,12-09-2025,Webcam,Accessories,South,Online,3,"? 7,360.00","? 22,080.00",Cash,C01241
T008255,24-02-2025,Laptop,Electronics,North,Online,5,"? 58,369.00","? 2,91,845.00",Net Banking,C00185
T008256,19-11-2025,Headphones,Accessories,South,Offline,4,"? 9,467.00","? 37,868.00",UPI,C00195
T008257,03-01-2025,Mouse,Accessories,East,Offline,1,"? 2,759.00","? 2,759.00",Cash,C00016
T008258,26-01-2025,Power Bank,Accessories,East,Offline,4,"? 4,281.00","? 17,124.00",UPI,C01674
T008259,09-11-2025,Printer,Electronics,West,Online,2,"? 17,551.00","? 35,102.00",Cash,C02113
T008260,06-05-2025,Printer,Electronics,North,Offline,4,"? 28,156.00","? 1,12,624.00",Credit Card,C01139
T008261,22-02-2025,Power Bank,Accessories,South,Online,3,"? 2,224.00","? 6,672.00",Net Banking,C00285
T008262,17-07-2025,Camera,Electronics,West,Online,5,"? 74,488.00","? 3,72,440.00",UPI,C00146
T008263,26-10-2025,Webcam,Accessories,South,Offline,4,"? 5,622.00","? 22,488.00",UPI,C01716
T008264,07-07-2025,Laptop,Electronics,East,Online,4,"? 57,897.00","? 2,31,588.00",UPI,C01440
T008265,05-07-2025,Smartwatch,Accessories,East,Offline,5,"? 4,469.00","? 22,345.00",Credit Card,C01899
T008266,01-11-2025,Mouse,Accessories,North,Online,3,"? 2,948.00","? 8,844.00",Net Banking,C01494
T008267,25-10-2025,Router,Networking,South,Offline,1,"? 3,872.00","? 3,872.00",Cash,C01899
T008268,23-07-2025,Mouse,Accessories,South,Online,4,"? 1,747.00","? 6,988.00",Credit Card,C02315
T008269,11-01-2025,Camera,Electronics,East,Online,2,"? 29,782.00","? 59,564.00",Net Banking,C01637
T008270,25-12-2025,Keyboard,Accessories,North,Online,3,"? 1,812.00","? 5,436.00",Net Banking,C01686
T008271,20-12-2025,Speaker,Accessories,West,Online,3,"? 10,760.00","? 32,280.00",UPI,C00736
T008272,26-05-2025,Camera,Electronics,North,Offline,4,"? 60,433.00","? 2,41,732.00",Credit Card,C01736
T008273,26-03-2025,Headphones,Accessories,West,Online,5,"? 4,649.00","? 23,245.00",Credit Card,C00399
T008274,10-04-2025,Tablet,Electronics,West,Offline,4,"? 13,907.00","? 55,628.00",Cash,C02339
T008275,14-04-2025,Power Bank,Accessories,East,Online,4,"? 4,531.00","? 18,124.00",UPI,C00080
T008276,15-02-2025,Router,Networking,West,Offline,5,"? 3,692.00","? 18,460.00",UPI,C00372
T008277,13-02-2025,Printer,Electronics,South,Online,2,"? 21,283.00","? 42,566.00",UPI,C01501
T008278,05-10-2025,Webcam,Accessories,East,Online,5,"? 9,185.00","? 45,925.00",UPI,C01186
T008279,30-06-2025,Power Bank,Accessories,North,Offline,4,? 881.00,"? 3,524.00",UPI,C01529
T008280,06-07-2025,Router,Networking,North,Online,1,"? 6,575.00","? 6,575.00",UPI,C01843
T008281,24-04-2025,Camera,Electronics,West,Offline,5,"? 64,666.00","? 3,23,330.00",UPI,C01621
T008282,12-09-2025,Headphones,Accessories,South,Online,2,"? 11,017.00","? 22,034.00",Net Banking,C00050
T008283,30-01-2025,Monitor,Electronics,North,Offline,5,"? 22,823.00","? 1,14,115.00",Net Banking,C01438
T008284,21-09-2025,Router,Networking,West,Online,5,"? 7,369.00","? 36,845.00",Credit Card,C02169
T008285,08-04-2025,Laptop,Electronics,North,Online,3,"? 96,389.00","? 2,89,167.00",Net Banking,C01008
T008286,09-11-2025,Mouse,Accessories,South,Online,3,"? 2,407.00","? 7,221.00",Credit Card,C00458
T008287,25-11-2025,Power Bank,Accessories,West,Online,4,? 881.00,"? 3,524.00",Net Banking,C02274
T008288,25-04-2025,Keyboard,Accessories,South,Online,4,? 793.00,"? 3,172.00",UPI,C01599
T008289,03-10-2025,Router,Networking,West,Online,5,"? 6,940.00","? 34,700.00",UPI,C02326
T008290,08-10-2025,Power Bank,Accessories,South,Online,1,"? 1,142.00","? 1,142.00",Cash,C00989
T008291,02-10-2025,Laptop,Electronics,North,Offline,4,"? 89,708.00","? 3,58,832.00",Credit Card,C01718
T008292,18-09-2025,Webcam,Accessories,North,Offline,5,"? 3,908.00","? 19,540.00",Credit Card,C02052
T008293,27-11-2025,Headphones,Accessories,South,Online,5,"? 11,046.00","? 55,230.00",Net Banking,C01791
T008294,26-07-2025,Power Bank,Accessories,North,Online,5,"? 4,799.00","? 23,995.00",Cash,C00919
T008295,24-11-2025,Webcam,Accessories,North,Online,5,"? 2,123.00","? 10,615.00",UPI,C00151
T008296,30-07-2025,Gaming Chair,Furniture,West,Offline,5,"? 8,867.00","? 44,335.00",Net Banking,C02054
T008297,03-08-2025,Smartwatch,Accessories,South,Online,3,"? 12,668.00","? 38,004.00",Credit Card,C01984
T008298,09-02-2025,Speaker,Accessories,West,Offline,2,"? 4,972.00","? 9,944.00",UPI,C01766
T008299,26-01-2025,Monitor,Electronics,North,Online,2,"? 8,170.00","? 16,340.00",Cash,C02044
T008300,27-01-2025,Webcam,Accessories,North,Online,5,"? 9,759.00","? 48,795.00",Credit Card,C00922
T008301,09-07-2025,Headphones,Accessories,East,Offline,4,"? 2,515.00","? 10,060.00",Net Banking,C00955
T008302,24-03-2025,Tablet,Electronics,South,Online,1,"? 39,729.00","? 39,729.00",UPI,C00085
T008303,19-06-2025,Smartphone,Electronics,South,Online,5,"? 23,192.00","? 1,15,960.00",Credit Card,C00418
T008304,16-06-2025,Headphones,Accessories,West,Offline,1,"? 3,198.00","? 3,198.00",Cash,C00154
T008305,07-07-2025,Speaker,Accessories,South,Online,3,"? 2,401.00","? 7,203.00",Net Banking,C00706
T008306,18-06-2025,Camera,Electronics,West,Online,2,"? 42,287.00","? 84,574.00",Credit Card,C01270
T008307,16-10-2025,Gaming Chair,Furniture,North,Offline,3,"? 22,593.00","? 67,779.00",Cash,C00373
T008308,17-08-2025,Router,Networking,East,Online,4,"? 6,345.00","? 25,380.00",UPI,C01095
T008309,07-04-2025,Headphones,Accessories,North,Online,4,"? 8,755.00","? 35,020.00",Net Banking,C00904
T008310,16-01-2025,Router,Networking,West,Offline,5,"? 2,294.00","? 11,470.00",UPI,C02106
T008311,06-10-2025,Camera,Electronics,West,Offline,4,"? 22,066.00","? 88,264.00",Cash,C00769
T008312,15-05-2025,Smartwatch,Accessories,East,Online,4,"? 12,011.00","? 48,044.00",Cash,C00221
T008313,26-01-2025,Router,Networking,North,Offline,3,"? 7,678.00","? 23,034.00",UPI,C01183
T008314,18-12-2025,Mouse,Accessories,South,Online,1,? 770.00,? 770.00,Credit Card,C01232
T008315,12-01-2025,Printer,Electronics,East,Online,2,"? 24,922.00","? 49,844.00",UPI,C02286
T008316,13-03-2025,Smartphone,Electronics,South,Online,4,"? 51,675.00","? 2,06,700.00",UPI,C01754
T008317,13-05-2025,Smartwatch,Accessories,North,Offline,4,"? 17,600.00","? 70,400.00",UPI,C00394
T008318,16-04-2025,Speaker,Accessories,East,Offline,3,"? 11,746.00","? 35,238.00",Credit Card,C01810
T008319,08-08-2025,Camera,Electronics,North,Offline,2,"? 79,032.00","? 1,58,064.00",Cash,C01278
T008320,26-06-2025,Printer,Electronics,North,Online,3,"? 25,705.00","? 77,115.00",Cash,C00997
T008321,09-10-2025,Power Bank,Accessories,South,Online,1,"? 1,938.00","? 1,938.00",UPI,C02397
T008322,13-05-2025,Gaming Chair,Furniture,South,Offline,3,"? 10,621.00","? 31,863.00",UPI,C00322
T008323,22-01-2025,Router,Networking,South,Offline,2,"? 4,228.00","? 8,456.00",Credit Card,C01204
T008324,26-09-2025,Tablet,Electronics,North,Online,2,"? 46,609.00","? 93,218.00",Credit Card,C00777
T008325,10-06-2025,Laptop,Electronics,West,Online,4,"? 64,423.00","? 2,57,692.00",UPI,C01387
T008326,17-04-2025,Smartphone,Electronics,North,Offline,1,"? 52,326.00","? 52,326.00",Net Banking,C00126
T008327,06-10-2025,Gaming Chair,Furniture,West,Offline,5,"? 20,768.00","? 1,03,840.00",UPI,C01006
T008328,19-12-2025,Keyboard,Accessories,East,Online,4,"? 1,223.00","? 4,892.00",UPI,C02422
T008329,23-08-2025,Smartwatch,Accessories,South,Offline,3,"? 6,339.00","? 19,017.00",Net Banking,C01204
T008330,18-01-2025,Laptop,Electronics,South,Online,3,"? 83,006.00","? 2,49,018.00",Cash,C02047
T008331,30-08-2025,Laptop,Electronics,North,Online,2,"? 99,920.00","? 1,99,840.00",Cash,C00077
T008332,27-04-2025,Speaker,Accessories,West,Online,2,"? 9,926.00","? 19,852.00",Credit Card,C00290
T008333,13-10-2025,Headphones,Accessories,East,Online,2,"? 7,330.00","? 14,660.00",Net Banking,C02167
T008334,09-10-2025,Power Bank,Accessories,North,Offline,5,"? 3,560.00","? 17,800.00",UPI,C01611
T008335,24-05-2025,Webcam,Accessories,East,Online,5,"? 8,888.00","? 44,440.00",Cash,C01919
T008336,24-07-2025,Headphones,Accessories,West,Online,4,"? 5,592.00","? 22,368.00",Credit Card,C01201
T008337,08-02-2025,Webcam,Accessories,South,Offline,5,"? 9,117.00","? 45,585.00",Cash,C00218
T008338,03-06-2025,Keyboard,Accessories,South,Online,2,"? 1,635.00","? 3,270.00",Credit Card,C00725
T008339,25-06-2025,Keyboard,Accessories,West,Offline,4,"? 1,968.00","? 7,872.00",Cash,C00905
T008340,29-08-2025,Camera,Electronics,South,Offline,4,"? 59,224.00","? 2,36,896.00",Net Banking,C01137
T008341,14-05-2025,Gaming Chair,Furniture,North,Online,1,"? 28,501.00","? 28,501.00",Credit Card,C02368
T008342,15-02-2025,Keyboard,Accessories,West,Online,5,"? 2,815.00","? 14,075.00",Cash,C02074
T008343,19-02-2025,Laptop,Electronics,South,Offline,3,"? 52,439.00","? 1,57,317.00",Credit Card,C00391
T008344,15-06-2025,Camera,Electronics,West,Online,3,"? 30,019.00","? 90,057.00",UPI,C00055
T008345,16-04-2025,Printer,Electronics,East,Online,1,"? 28,470.00","? 28,470.00",UPI,C01851
T008346,04-08-2025,Speaker,Accessories,North,Offline,2,"? 6,324.00","? 12,648.00",Credit Card,C01615
T008347,26-05-2025,Mouse,Accessories,North,Online,1,"? 2,988.00","? 2,988.00",Net Banking,C01464
T008348,13-03-2025,Mouse,Accessories,North,Online,2,"? 2,273.00","? 4,546.00",UPI,C01860
T008349,26-11-2025,Speaker,Accessories,South,Offline,5,"? 13,999.00","? 69,995.00",Net Banking,C00151
T008350,30-09-2025,Mouse,Accessories,East,Offline,5,"? 2,173.00","? 10,865.00",Credit Card,C02006
T008351,04-09-2025,Smartphone,Electronics,South,Online,4,"? 23,391.00","? 93,564.00",Cash,C00463
T008352,05-07-2025,Smartphone,Electronics,South,Online,4,"? 44,658.00","? 1,78,632.00",Net Banking,C00913
T008353,11-03-2025,Keyboard,Accessories,West,Online,4,? 877.00,"? 3,508.00",UPI,C01922
T008354,30-05-2025,Mouse,Accessories,North,Offline,4,"? 1,846.00","? 7,384.00",UPI,C01352
T008355,03-09-2025,Tablet,Electronics,South,Offline,3,"? 19,122.00","? 57,366.00",UPI,C01222
T008356,19-09-2025,Router,Networking,North,Online,4,"? 5,236.00","? 20,944.00",UPI,C00935
T008357,26-01-2025,Headphones,Accessories,East,Offline,4,"? 3,036.00","? 12,144.00",UPI,C01528
T008358,20-05-2025,Gaming Chair,Furniture,East,Online,4,"? 17,677.00","? 70,708.00",Credit Card,C01244
T008359,09-04-2025,Power Bank,Accessories,North,Offline,2,"? 2,891.00","? 5,782.00",UPI,C00511
T008360,05-10-2025,Tablet,Electronics,North,Online,4,"? 48,318.00","? 1,93,272.00",UPI,C00773
T008361,20-02-2025,Mouse,Accessories,East,Offline,1,? 567.00,? 567.00,Credit Card,C00404
T008362,31-05-2025,Mouse,Accessories,East,Offline,4,"? 2,734.00","? 10,936.00",Credit Card,C02411
T008363,14-04-2025,Headphones,Accessories,South,Offline,4,"? 3,384.00","? 13,536.00",Cash,C01118
T008364,30-03-2025,Router,Networking,East,Offline,3,"? 5,588.00","? 16,764.00",Net Banking,C00475
T008365,21-05-2025,Mouse,Accessories,South,Offline,4,? 985.00,"? 3,940.00",UPI,C01609
T008366,01-08-2025,Smartwatch,Accessories,East,Offline,2,"? 12,107.00","? 24,214.00",UPI,C01691
T008367,21-08-2025,Laptop,Electronics,South,Offline,5,"? 89,094.00","? 4,45,470.00",UPI,C00770
T008368,02-07-2025,Camera,Electronics,West,Offline,4,"? 44,591.00","? 1,78,364.00",Cash,C00228
T008369,08-09-2025,Headphones,Accessories,West,Offline,4,"? 8,663.00","? 34,652.00",Net Banking,C02395
T008370,09-01-2025,Mouse,Accessories,South,Online,4,"? 2,003.00","? 8,012.00",Credit Card,C00808
T008371,20-03-2025,Router,Networking,North,Online,3,"? 4,434.00","? 13,302.00",UPI,C02265
T008372,21-02-2025,Webcam,Accessories,West,Online,5,"? 9,221.00","? 46,105.00",Credit Card,C00548
T008373,26-09-2025,Smartphone,Electronics,East,Online,3,"? 33,541.00","? 1,00,623.00",Credit Card,C01421
T008374,14-08-2025,Smartphone,Electronics,North,Offline,3,"? 41,152.00","? 1,23,456.00",Credit Card,C01893
T008375,20-02-2025,Laptop,Electronics,East,Online,3,"? 99,457.00","? 2,98,371.00",Cash,C00724
T008376,05-07-2025,Smartphone,Electronics,West,Online,2,"? 22,123.00","? 44,246.00",UPI,C02322
T008377,03-02-2025,Camera,Electronics,East,Online,5,"? 56,112.00","? 2,80,560.00",Cash,C00115
T008378,18-10-2025,Gaming Chair,Furniture,South,Online,2,"? 28,840.00","? 57,680.00",Credit Card,C02251
T008379,18-08-2025,Monitor,Electronics,North,Online,2,"? 9,208.00","? 18,416.00",Net Banking,C01859
T008380,11-05-2025,Speaker,Accessories,West,Offline,5,"? 3,358.00","? 16,790.00",Credit Card,C01149
T008381,30-04-2025,Monitor,Electronics,North,Offline,2,"? 27,087.00","? 54,174.00",Net Banking,C02356
T008382,22-11-2025,Monitor,Electronics,South,Online,5,"? 9,971.00","? 49,855.00",Net Banking,C01222
T008383,04-09-2025,Webcam,Accessories,West,Online,4,"? 2,613.00","? 10,452.00",Cash,C01743
T008384,11-07-2025,Laptop,Electronics,East,Offline,3,"? 50,983.00","? 1,52,949.00",Credit Card,C00895
T008385,19-11-2025,Laptop,Electronics,North,Offline,2,"? 79,941.00","? 1,59,882.00",UPI,C00066
T008386,29-07-2025,Power Bank,Accessories,West,Online,5,"? 4,110.00","? 20,550.00",UPI,C00208
T008387,13-04-2025,Camera,Electronics,West,Online,1,"? 48,577.00","? 48,577.00",Cash,C00278
T008388,25-11-2025,Headphones,Accessories,South,Online,2,"? 11,963.00","? 23,926.00",Credit Card,C00625
T008389,13-05-2025,Keyboard,Accessories,West,Online,2,"? 3,852.00","? 7,704.00",UPI,C00139
T008390,19-11-2025,Monitor,Electronics,West,Online,5,"? 18,354.00","? 91,770.00",Cash,C00676
T008391,19-05-2025,Router,Networking,South,Offline,1,"? 7,919.00","? 7,919.00",Credit Card,C02380
T008392,01-05-2025,Smartphone,Electronics,East,Offline,1,"? 17,127.00","? 17,127.00",Net Banking,C01192
T008393,04-04-2025,Router,Networking,East,Online,4,"? 5,139.00","? 20,556.00",Net Banking,C01067
T008394,09-05-2025,Tablet,Electronics,West,Offline,2,"? 38,850.00","? 77,700.00",Cash,C01837
T008395,01-04-2025,Keyboard,Accessories,East,Offline,3,"? 1,260.00","? 3,780.00",Credit Card,C00681
T008396,02-04-2025,Camera,Electronics,South,Offline,2,"? 62,769.00","? 1,25,538.00",UPI,C00271
T008397,04-03-2025,Headphones,Accessories,East,Offline,3,"? 5,387.00","? 16,161.00",Cash,C02348
T008398,29-01-2025,Power Bank,Accessories,West,Offline,3,"? 3,732.00","? 11,196.00",Credit Card,C01066
T008399,29-07-2025,Smartphone,Electronics,South,Online,5,"? 56,250.00","? 2,81,250.00",Net Banking,C00699
T008400,12-01-2025,Mouse,Accessories,East,Online,2,? 941.00,"? 1,882.00",Net Banking,C01621
T008401,29-11-2025,Headphones,Accessories,North,Offline,5,"? 2,909.00","? 14,545.00",Cash,C01351
T008402,24-10-2025,Monitor,Electronics,North,Online,4,"? 23,099.00","? 92,396.00",UPI,C00285
T008403,10-05-2025,Monitor,Electronics,South,Offline,3,"? 15,230.00","? 45,690.00",Credit Card,C00937
T008404,20-10-2025,Mouse,Accessories,East,Offline,1,? 993.00,? 993.00,Cash,C02310
T008405,22-06-2025,Camera,Electronics,West,Online,3,"? 70,580.00","? 2,11,740.00",Credit Card,C01959
T008406,27-07-2025,Printer,Electronics,North,Online,4,"? 23,331.00","? 93,324.00",Credit Card,C01745
T008407,24-01-2025,Headphones,Accessories,East,Online,3,"? 11,719.00","? 35,157.00",UPI,C02242
T008408,09-04-2025,Mouse,Accessories,East,Online,5,"? 1,748.00","? 8,740.00",UPI,C02129
T008409,22-12-2025,Camera,Electronics,West,Online,2,"? 28,572.00","? 57,144.00",Cash,C00411
T008410,19-05-2025,Camera,Electronics,West,Online,1,"? 29,896.00","? 29,896.00",Cash,C00730
T008411,10-11-2025,Webcam,Accessories,East,Online,5,"? 1,809.00","? 9,045.00",Credit Card,C00756
T008412,23-06-2025,Power Bank,Accessories,West,Online,2,"? 4,214.00","? 8,428.00",UPI,C01568
T008413,29-01-2025,Laptop,Electronics,South,Online,1,"? 55,789.00","? 55,789.00",Cash,C01394
T008414,23-05-2025,Headphones,Accessories,North,Offline,4,"? 10,690.00","? 42,760.00",Credit Card,C00051
T008415,12-11-2025,Smartphone,Electronics,North,Offline,3,"? 58,854.00","? 1,76,562.00",Credit Card,C00040
T008416,17-12-2025,Printer,Electronics,East,Online,1,"? 12,568.00","? 12,568.00",Credit Card,C01927
T008417,11-02-2025,Smartwatch,Accessories,East,Online,4,"? 15,453.00","? 61,812.00",Cash,C00769
T008418,26-10-2025,Tablet,Electronics,West,Offline,2,"? 29,831.00","? 59,662.00",Credit Card,C02271
T008419,27-07-2025,Headphones,Accessories,North,Online,1,"? 3,273.00","? 3,273.00",UPI,C00518
T008420,26-11-2025,Keyboard,Accessories,West,Online,4,"? 2,197.00","? 8,788.00",Net Banking,C00607
T008421,11-07-2025,Camera,Electronics,East,Online,2,"? 30,264.00","? 60,528.00",Credit Card,C00381
T008422,09-06-2025,Laptop,Electronics,East,Online,5,"? 66,049.00","? 3,30,245.00",Cash,C02020
T008423,05-03-2025,Mouse,Accessories,East,Online,3,"? 2,542.00","? 7,626.00",Cash,C02320
T008424,31-08-2025,Monitor,Electronics,East,Online,4,"? 22,843.00","? 91,372.00",Net Banking,C01423
T008425,15-09-2025,Mouse,Accessories,East,Online,5,? 964.00,"? 4,820.00",Credit Card,C02194
T008426,01-06-2025,Mouse,Accessories,East,Online,2,"? 2,005.00","? 4,010.00",UPI,C02482
T008427,03-08-2025,Printer,Electronics,South,Online,1,"? 19,487.00","? 19,487.00",Cash,C00840
T008428,18-11-2025,Router,Networking,South,Offline,3,"? 6,239.00","? 18,717.00",Cash,C01930
T008429,15-06-2025,Headphones,Accessories,West,Online,2,"? 10,623.00","? 21,246.00",Credit Card,C00229
T008430,31-01-2025,Gaming Chair,Furniture,South,Online,4,"? 22,825.00","? 91,300.00",Credit Card,C00743
T008431,20-08-2025,Mouse,Accessories,West,Offline,3,"? 2,350.00","? 7,050.00",Credit Card,C01585
T008432,09-10-2025,Printer,Electronics,West,Online,5,"? 6,458.00","? 32,290.00",Credit Card,C00454
T008433,29-01-2025,Webcam,Accessories,South,Online,3,"? 9,080.00","? 27,240.00",Credit Card,C00363
T008434,14-07-2025,Smartwatch,Accessories,North,Online,5,"? 18,721.00","? 93,605.00",UPI,C01275
T008435,30-11-2025,Smartphone,Electronics,West,Offline,2,"? 30,298.00","? 60,596.00",UPI,C00394
T008436,13-09-2025,Webcam,Accessories,East,Offline,1,"? 6,950.00","? 6,950.00",UPI,C01735
T008437,08-10-2025,Smartwatch,Accessories,West,Online,3,"? 9,380.00","? 28,140.00",Credit Card,C01325
T008438,31-10-2025,Headphones,Accessories,West,Online,1,"? 11,205.00","? 11,205.00",Credit Card,C01052
T008439,17-11-2025,Monitor,Electronics,North,Online,1,"? 12,020.00","? 12,020.00",UPI,C00601
T008440,19-11-2025,Webcam,Accessories,East,Offline,3,"? 7,143.00","? 21,429.00",Credit Card,C00604
T008441,12-12-2025,Smartwatch,Accessories,North,Offline,3,"? 19,326.00","? 57,978.00",Net Banking,C01797
T008442,21-10-2025,Printer,Electronics,North,Online,1,"? 22,729.00","? 22,729.00",Net Banking,C00313
T008443,28-03-2025,Printer,Electronics,North,Online,4,"? 26,278.00","? 1,05,112.00",Credit Card,C01104
T008444,29-05-2025,Tablet,Electronics,West,Online,4,"? 16,610.00","? 66,440.00",Net Banking,C01053
T008445,06-09-2025,Router,Networking,East,Online,3,"? 3,638.00","? 10,914.00",UPI,C00747
T008446,17-11-2025,Camera,Electronics,East,Offline,1,"? 31,804.00","? 31,804.00",UPI,C00663
T008447,10-10-2025,Webcam,Accessories,North,Online,1,"? 9,326.00","? 9,326.00",Net Banking,C02105
T008448,28-12-2025,Keyboard,Accessories,South,Online,2,"? 3,597.00","? 7,194.00",Cash,C01682
T008449,17-07-2025,Keyboard,Accessories,East,Offline,1,"? 4,440.00","? 4,440.00",UPI,C00495
T008450,13-02-2025,Headphones,Accessories,East,Online,4,"? 1,258.00","? 5,032.00",UPI,C01157
T008451,22-12-2025,Speaker,Accessories,North,Offline,2,"? 2,610.00","? 5,220.00",UPI,C02195
T008452,28-01-2025,Router,Networking,West,Offline,4,"? 7,113.00","? 28,452.00",UPI,C02277
T008453,17-01-2025,Camera,Electronics,North,Online,5,"? 26,487.00","? 1,32,435.00",Credit Card,C01732
T008454,07-05-2025,Tablet,Electronics,South,Offline,3,"? 27,204.00","? 81,612.00",Credit Card,C00332
T008455,17-06-2025,Laptop,Electronics,South,Offline,5,"? 55,988.00","? 2,79,940.00",Net Banking,C01473
T008456,01-09-2025,Power Bank,Accessories,North,Online,3,"? 3,588.00","? 10,764.00",Credit Card,C00776
T008457,17-03-2025,Mouse,Accessories,South,Offline,4,"? 1,939.00","? 7,756.00",Cash,C00442
T008458,19-08-2025,Webcam,Accessories,West,Offline,4,"? 6,164.00","? 24,656.00",Cash,C00411
T008459,23-07-2025,Webcam,Accessories,West,Offline,5,"? 8,593.00","? 42,965.00",Credit Card,C02261
T008460,05-09-2025,Smartwatch,Accessories,West,Offline,3,"? 6,604.00","? 19,812.00",Credit Card,C00109
T008461,29-10-2025,Gaming Chair,Furniture,South,Online,3,"? 25,947.00","? 77,841.00",Credit Card,C00545
T008462,02-08-2025,Camera,Electronics,West,Online,2,"? 49,196.00","? 98,392.00",Cash,C01505
T008463,03-08-2025,Webcam,Accessories,North,Offline,1,"? 7,843.00","? 7,843.00",Net Banking,C00686
T008464,07-06-2025,Mouse,Accessories,West,Online,2,"? 1,607.00","? 3,214.00",Cash,C02469
T008465,10-03-2025,Laptop,Electronics,South,Offline,4,"? 74,884.00","? 2,99,536.00",UPI,C01773
T008466,26-03-2025,Monitor,Electronics,East,Online,5,"? 9,839.00","? 49,195.00",Cash,C01477
T008467,24-09-2025,Tablet,Electronics,South,Offline,3,"? 17,675.00","? 53,025.00",Net Banking,C00734
T008468,10-03-2025,Mouse,Accessories,North,Online,2,"? 1,783.00","? 3,566.00",UPI,C01731
T008469,09-04-2025,Power Bank,Accessories,North,Online,5,"? 3,106.00","? 15,530.00",Credit Card,C02460
T008470,13-12-2025,Tablet,Electronics,South,Offline,5,"? 35,756.00","? 1,78,780.00",Cash,C01727
T008471,04-08-2025,Gaming Chair,Furniture,West,Offline,1,"? 18,664.00","? 18,664.00",UPI,C00484
T008472,10-06-2025,Tablet,Electronics,West,Online,3,"? 25,114.00","? 75,342.00",UPI,C00044
T008473,04-04-2025,Camera,Electronics,East,Online,5,"? 33,299.00","? 1,66,495.00",Net Banking,C01340
T008474,23-06-2025,Printer,Electronics,West,Offline,3,"? 23,344.00","? 70,032.00",Credit Card,C02106
T008475,14-06-2025,Router,Networking,North,Offline,2,"? 4,956.00","? 9,912.00",Net Banking,C00607
T008476,25-04-2025,Smartphone,Electronics,West,Online,5,"? 56,397.00","? 2,81,985.00",Credit Card,C01166
T008477,08-08-2025,Gaming Chair,Furniture,South,Online,5,"? 8,455.00","? 42,275.00",Credit Card,C02438
T008478,31-01-2025,Headphones,Accessories,South,Online,2,"? 7,767.00","? 15,534.00",Cash,C01470
T008479,11-01-2025,Keyboard,Accessories,East,Offline,3,"? 4,517.00","? 13,551.00",Credit Card,C01457
T008480,09-12-2025,Gaming Chair,Furniture,North,Online,3,"? 17,761.00","? 53,283.00",UPI,C00435
T008481,10-05-2025,Tablet,Electronics,South,Online,5,"? 44,280.00","? 2,21,400.00",Net Banking,C00123
T008482,15-04-2025,Power Bank,Accessories,North,Online,2,"? 1,191.00","? 2,382.00",Net Banking,C01818
T008483,27-01-2025,Camera,Electronics,West,Offline,4,"? 55,389.00","? 2,21,556.00",UPI,C00626
T008484,15-08-2025,Gaming Chair,Furniture,East,Offline,3,"? 23,718.00","? 71,154.00",Cash,C00952
T008485,02-01-2025,Camera,Electronics,East,Online,4,"? 26,176.00","? 1,04,704.00",Net Banking,C00876
T008486,25-12-2025,Mouse,Accessories,West,Online,5,"? 1,320.00","? 6,600.00",UPI,C02066
T008487,11-04-2025,Mouse,Accessories,South,Offline,4,"? 2,023.00","? 8,092.00",Net Banking,C01509
T008488,21-01-2025,Webcam,Accessories,North,Online,4,"? 7,541.00","? 30,164.00",Net Banking,C00685
T008489,27-02-2025,Smartwatch,Accessories,North,Online,3,"? 7,210.00","? 21,630.00",Credit Card,C02292
T008490,29-06-2025,Tablet,Electronics,North,Offline,5,"? 14,508.00","? 72,540.00",Credit Card,C00009
T008491,07-12-2025,Smartphone,Electronics,South,Offline,4,"? 54,210.00","? 2,16,840.00",Cash,C00122
T008492,15-12-2025,Webcam,Accessories,West,Offline,3,"? 9,154.00","? 27,462.00",Net Banking,C00480
T008493,20-01-2025,Webcam,Accessories,North,Online,4,"? 7,716.00","? 30,864.00",UPI,C01322
T008494,12-09-2025,Headphones,Accessories,South,Online,3,"? 8,885.00","? 26,655.00",UPI,C01133
T008495,13-11-2025,Gaming Chair,Furniture,North,Offline,5,"? 8,260.00","? 41,300.00",Credit Card,C00543
T008496,07-02-2025,Webcam,Accessories,South,Online,2,"? 8,333.00","? 16,666.00",Credit Card,C01146
T008497,28-05-2025,Router,Networking,West,Online,3,"? 3,513.00","? 10,539.00",Net Banking,C02323
T008498,25-01-2025,Headphones,Accessories,North,Online,3,"? 10,527.00","? 31,581.00",Cash,C02119
T008499,01-05-2025,Speaker,Accessories,West,Offline,4,"? 14,746.00","? 58,984.00",UPI,C01199
T008500,26-01-2025,Monitor,Electronics,East,Offline,5,"? 13,944.00","? 69,720.00",Net Banking,C01745
T008501,18-06-2025,Monitor,Electronics,South,Online,1,"? 30,518.00","? 30,518.00",Net Banking,C01760
T008502,19-11-2025,Router,Networking,East,Online,1,"? 6,784.00","? 6,784.00",UPI,C01753
T008503,13-08-2025,Smartwatch,Accessories,West,Offline,2,"? 2,334.00","? 4,668.00",Cash,C01077
T008504,01-01-2025,Router,Networking,West,Offline,5,"? 4,279.00","? 21,395.00",UPI,C01022
T008505,03-11-2025,Keyboard,Accessories,West,Offline,3,"? 1,503.00","? 4,509.00",Cash,C00992
T008506,18-09-2025,Monitor,Electronics,North,Online,1,"? 31,712.00","? 31,712.00",UPI,C00587
T008507,13-01-2025,Webcam,Accessories,North,Online,2,"? 3,937.00","? 7,874.00",Credit Card,C00558
T008508,17-02-2025,Laptop,Electronics,West,Offline,5,"? 69,191.00","? 3,45,955.00",UPI,C01572
T008509,09-11-2025,Smartwatch,Accessories,West,Offline,2,"? 15,259.00","? 30,518.00",Net Banking,C01156
T008510,18-10-2025,Headphones,Accessories,North,Online,1,"? 6,190.00","? 6,190.00",Net Banking,C00642
T008511,28-11-2025,Headphones,Accessories,North,Online,4,"? 10,132.00","? 40,528.00",Cash,C00679
T008512,04-04-2025,Speaker,Accessories,South,Online,4,"? 4,663.00","? 18,652.00",Cash,C01267
T008513,18-09-2025,Smartphone,Electronics,West,Online,5,"? 24,094.00","? 1,20,470.00",Credit Card,C00091
T008514,05-10-2025,Camera,Electronics,North,Online,2,"? 31,624.00","? 63,248.00",Cash,C01370
T008515,25-12-2025,Laptop,Electronics,North,Offline,3,"? 73,872.00","? 2,21,616.00",Cash,C02407
T008516,24-07-2025,Gaming Chair,Furniture,East,Online,1,"? 8,023.00","? 8,023.00",UPI,C01889
T008517,04-07-2025,Webcam,Accessories,West,Online,4,"? 6,152.00","? 24,608.00",Credit Card,C00419
T008518,24-06-2025,Keyboard,Accessories,West,Online,4,"? 3,448.00","? 13,792.00",Cash,C00523
T008519,05-11-2025,Mouse,Accessories,North,Offline,2,"? 2,850.00","? 5,700.00",UPI,C02235
T008520,10-03-2025,Smartwatch,Accessories,East,Offline,4,"? 10,095.00","? 40,380.00",Credit Card,C01102
T008521,14-04-2025,Webcam,Accessories,South,Online,2,"? 4,857.00","? 9,714.00",Credit Card,C00811
T008522,03-09-2025,Monitor,Electronics,West,Online,1,"? 20,096.00","? 20,096.00",Cash,C01640
T008523,10-06-2025,Printer,Electronics,South,Online,2,"? 14,095.00","? 28,190.00",UPI,C01654
T008524,19-07-2025,Speaker,Accessories,West,Online,4,"? 12,180.00","? 48,720.00",UPI,C00005
T008525,04-08-2025,Speaker,Accessories,North,Online,2,"? 9,583.00","? 19,166.00",Cash,C01690
T008526,31-07-2025,Smartphone,Electronics,South,Offline,4,"? 43,242.00","? 1,72,968.00",Credit Card,C00303
T008527,16-01-2025,Speaker,Accessories,West,Online,5,"? 11,449.00","? 57,245.00",Credit Card,C01976
T008528,28-11-2025,Router,Networking,South,Offline,4,"? 6,477.00","? 25,908.00",Credit Card,C02005
T008529,24-07-2025,Headphones,Accessories,North,Online,4,"? 9,155.00","? 36,620.00",Credit Card,C02138
T008530,31-12-2025,Speaker,Accessories,East,Online,4,"? 8,569.00","? 34,276.00",UPI,C02403
T008531,08-02-2025,Printer,Electronics,East,Online,5,"? 27,722.00","? 1,38,610.00",Credit Card,C00202
T008532,30-03-2025,Smartwatch,Accessories,South,Online,3,"? 7,337.00","? 22,011.00",Credit Card,C00954
T008533,13-09-2025,Tablet,Electronics,South,Online,4,"? 13,773.00","? 55,092.00",Credit Card,C01692
T008534,11-09-2025,Keyboard,Accessories,South,Offline,3,"? 2,778.00","? 8,334.00",Cash,C01119
T008535,04-08-2025,Webcam,Accessories,West,Online,1,"? 7,965.00","? 7,965.00",Cash,C00695
T008536,30-10-2025,Tablet,Electronics,North,Online,2,"? 39,945.00","? 79,890.00",Credit Card,C00826
T008537,21-06-2025,Gaming Chair,Furniture,South,Offline,3,"? 29,045.00","? 87,135.00",Credit Card,C01192
T008538,17-05-2025,Smartwatch,Accessories,East,Offline,1,"? 4,057.00","? 4,057.00",Net Banking,C01013
T008539,27-06-2025,Tablet,Electronics,West,Offline,2,"? 27,061.00","? 54,122.00",Net Banking,C00430
T008540,18-03-2025,Keyboard,Accessories,South,Offline,4,"? 3,674.00","? 14,696.00",UPI,C01709
T008541,07-07-2025,Power Bank,Accessories,West,Online,4,"? 1,084.00","? 4,336.00",Credit Card,C01382
T008542,15-01-2025,Camera,Electronics,South,Online,4,"? 74,800.00","? 2,99,200.00",Cash,C01840
T008543,19-10-2025,Smartwatch,Accessories,South,Online,5,"? 8,444.00","? 42,220.00",UPI,C01756
T008544,15-11-2025,Gaming Chair,Furniture,West,Offline,5,"? 26,224.00","? 1,31,120.00",Credit Card,C01820
T008545,21-11-2025,Printer,Electronics,North,Online,5,"? 7,878.00","? 39,390.00",Cash,C02162
T008546,02-08-2025,Tablet,Electronics,North,Online,5,"? 49,057.00","? 2,45,285.00",UPI,C02040
T008547,27-07-2025,Keyboard,Accessories,East,Online,1,"? 2,310.00","? 2,310.00",Cash,C00505
T008548,18-06-2025,Monitor,Electronics,North,Online,1,"? 23,995.00","? 23,995.00",Cash,C01321
T008549,26-11-2025,Mouse,Accessories,North,Online,4,? 540.00,"? 2,160.00",Cash,C01392
T008550,07-10-2025,Keyboard,Accessories,West,Online,2,"? 3,859.00","? 7,718.00",UPI,C01798
T008551,01-11-2025,Gaming Chair,Furniture,West,Online,5,"? 19,690.00","? 98,450.00",UPI,C01419
T008552,26-05-2025,Webcam,Accessories,East,Online,2,"? 4,814.00","? 9,628.00",UPI,C00387
T008553,20-09-2025,Smartphone,Electronics,South,Online,1,"? 61,185.00","? 61,185.00",Cash,C00968
T008554,04-01-2025,Webcam,Accessories,West,Online,5,"? 2,878.00","? 14,390.00",UPI,C01953
T008555,31-03-2025,Mouse,Accessories,West,Offline,1,"? 2,468.00","? 2,468.00",Net Banking,C02102
T008556,01-03-2025,Monitor,Electronics,West,Online,1,"? 19,269.00","? 19,269.00",UPI,C02031
T008557,07-11-2025,Laptop,Electronics,North,Offline,3,"? 93,974.00","? 2,81,922.00",Cash,C00979
T008558,16-01-2025,Webcam,Accessories,West,Online,1,"? 6,840.00","? 6,840.00",UPI,C00762
T008559,15-08-2025,Printer,Electronics,East,Online,4,"? 18,084.00","? 72,336.00",UPI,C02058
T008560,29-01-2025,Headphones,Accessories,East,Offline,1,"? 10,907.00","? 10,907.00",Net Banking,C01811
T008561,31-05-2025,Monitor,Electronics,West,Online,5,"? 8,452.00","? 42,260.00",UPI,C00135
T008562,02-09-2025,Webcam,Accessories,South,Online,4,"? 1,892.00","? 7,568.00",UPI,C02306
T008563,27-09-2025,Camera,Electronics,West,Offline,1,"? 70,421.00","? 70,421.00",UPI,C01430
T008564,20-03-2025,Mouse,Accessories,East,Online,4,"? 2,109.00","? 8,436.00",Credit Card,C02492
T008565,16-10-2025,Gaming Chair,Furniture,South,Online,1,"? 27,434.00","? 27,434.00",Cash,C02349
T008566,02-06-2025,Router,Networking,North,Offline,4,"? 5,559.00","? 22,236.00",Credit Card,C01050
T008567,04-10-2025,Camera,Electronics,West,Online,2,"? 50,278.00","? 1,00,556.00",Cash,C01467
T008568,06-10-2025,Mouse,Accessories,East,Offline,3,"? 2,605.00","? 7,815.00",UPI,C01015
T008569,26-02-2025,Smartphone,Electronics,North,Online,4,"? 46,530.00","? 1,86,120.00",Cash,C01270
T008570,05-07-2025,Laptop,Electronics,East,Online,5,"? 98,364.00","? 4,91,820.00",Credit Card,C01687
T008571,03-04-2025,Headphones,Accessories,North,Online,3,"? 5,794.00","? 17,382.00",Cash,C01689
T008572,03-10-2025,Power Bank,Accessories,East,Online,3,? 965.00,"? 2,895.00",Credit Card,C00628
T008573,07-06-2025,Smartphone,Electronics,East,Offline,1,"? 56,214.00","? 56,214.00",UPI,C02249
T008574,02-10-2025,Monitor,Electronics,North,Offline,4,"? 16,493.00","? 65,972.00",UPI,C00381
T008575,30-06-2025,Camera,Electronics,West,Online,3,"? 28,079.00","? 84,237.00",UPI,C01931
T008576,25-12-2025,Mouse,Accessories,East,Offline,5,"? 1,334.00","? 6,670.00",Credit Card,C01817
T008577,18-03-2025,Monitor,Electronics,South,Online,5,"? 20,032.00","? 1,00,160.00",Credit Card,C01951
T008578,31-05-2025,Speaker,Accessories,West,Online,5,"? 12,248.00","? 61,240.00",Net Banking,C01198
T008579,26-08-2025,Keyboard,Accessories,South,Offline,1,"? 2,205.00","? 2,205.00",Credit Card,C00667
T008580,16-10-2025,Laptop,Electronics,East,Online,2,"? 59,448.00","? 1,18,896.00",UPI,C01139
T008581,19-08-2025,Gaming Chair,Furniture,North,Online,4,"? 21,240.00","? 84,960.00",UPI,C02351
T008582,18-01-2025,Router,Networking,West,Online,3,"? 3,762.00","? 11,286.00",Cash,C00142
T008583,14-03-2025,Router,Networking,North,Online,4,"? 5,840.00","? 23,360.00",Cash,C01815
T008584,08-07-2025,Power Bank,Accessories,North,Online,3,"? 1,009.00","? 3,027.00",Credit Card,C00528
T008585,17-01-2025,Printer,Electronics,South,Offline,1,"? 26,177.00","? 26,177.00",Net Banking,C01172
T008586,19-01-2025,Keyboard,Accessories,South,Offline,4,"? 3,747.00","? 14,988.00",Cash,C01525
T008587,07-08-2025,Power Bank,Accessories,West,Online,1,"? 1,780.00","? 1,780.00",Credit Card,C01411
T008588,22-11-2025,Router,Networking,West,Online,1,"? 3,619.00","? 3,619.00",Cash,C01798
T008589,30-04-2025,Camera,Electronics,West,Online,4,"? 20,177.00","? 80,708.00",Credit Card,C01053
T008590,11-04-2025,Laptop,Electronics,South,Online,4,"? 84,314.00","? 3,37,256.00",UPI,C02308
T008591,03-02-2025,Laptop,Electronics,South,Offline,3,"? 96,954.00","? 2,90,862.00",Cash,C00961
T008592,25-03-2025,Monitor,Electronics,North,Offline,5,"? 18,226.00","? 91,130.00",Credit Card,C00114
T008593,15-07-2025,Keyboard,Accessories,North,Offline,1,? 998.00,? 998.00,Credit Card,C02056
T008594,26-11-2025,Monitor,Electronics,North,Offline,2,"? 27,950.00","? 55,900.00",Credit Card,C02303
T008595,21-07-2025,Monitor,Electronics,West,Offline,3,"? 20,231.00","? 60,693.00",Credit Card,C02132
T008596,10-12-2025,Webcam,Accessories,East,Online,3,"? 1,774.00","? 5,322.00",Cash,C01020
T008597,07-12-2025,Speaker,Accessories,South,Online,5,"? 4,495.00","? 22,475.00",UPI,C02144
T008598,11-01-2025,Gaming Chair,Furniture,West,Online,5,"? 22,082.00","? 1,10,410.00",Credit Card,C00122
T008599,13-12-2025,Monitor,Electronics,South,Offline,1,"? 24,436.00","? 24,436.00",Credit Card,C00226
T008600,06-08-2025,Camera,Electronics,East,Online,3,"? 36,175.00","? 1,08,525.00",Cash,C00029
T008601,10-09-2025,Webcam,Accessories,South,Online,3,"? 3,127.00","? 9,381.00",UPI,C00588
T008602,10-08-2025,Mouse,Accessories,South,Online,2,"? 2,347.00","? 4,694.00",UPI,C01348
T008603,21-03-2025,Mouse,Accessories,South,Offline,1,? 888.00,? 888.00,Net Banking,C00034
T008604,07-01-2025,Camera,Electronics,North,Offline,1,"? 34,837.00","? 34,837.00",Cash,C01329
T008605,29-09-2025,Headphones,Accessories,East,Online,5,"? 11,546.00","? 57,730.00",Credit Card,C01075
T008606,15-08-2025,Printer,Electronics,West,Offline,1,"? 16,748.00","? 16,748.00",Credit Card,C01545
T008607,16-01-2025,Power Bank,Accessories,West,Online,2,"? 1,720.00","? 3,440.00",Credit Card,C02181
T008608,12-01-2025,Smartphone,Electronics,West,Offline,1,"? 16,553.00","? 16,553.00",UPI,C00528
T008609,18-10-2025,Speaker,Accessories,East,Online,4,"? 12,377.00","? 49,508.00",UPI,C02232
T008610,29-08-2025,Printer,Electronics,South,Online,4,"? 8,469.00","? 33,876.00",Credit Card,C00896
T008611,21-01-2025,Camera,Electronics,West,Online,2,"? 69,067.00","? 1,38,134.00",UPI,C01418
T008612,27-06-2025,Tablet,Electronics,East,Online,5,"? 11,474.00","? 57,370.00",Net Banking,C00985
T008613,16-08-2025,Gaming Chair,Furniture,North,Offline,3,"? 23,786.00","? 71,358.00",Net Banking,C01527
T008614,30-09-2025,Router,Networking,East,Offline,1,"? 7,977.00","? 7,977.00",Credit Card,C00604
T008615,15-10-2025,Webcam,Accessories,North,Online,5,"? 1,837.00","? 9,185.00",Credit Card,C00803
T008616,24-10-2025,Smartphone,Electronics,East,Online,5,"? 54,759.00","? 2,73,795.00",Credit Card,C01086
T008617,14-05-2025,Router,Networking,North,Offline,1,"? 4,659.00","? 4,659.00",Cash,C02081
T008618,10-10-2025,Headphones,Accessories,West,Online,3,"? 9,460.00","? 28,380.00",Cash,C00493
T008619,02-06-2025,Smartwatch,Accessories,East,Online,1,"? 3,087.00","? 3,087.00",Net Banking,C00143
T008620,07-03-2025,Smartphone,Electronics,North,Online,3,"? 49,061.00","? 1,47,183.00",Credit Card,C01386
T008621,17-05-2025,Router,Networking,South,Offline,2,"? 2,156.00","? 4,312.00",UPI,C00123
T008622,02-04-2025,Webcam,Accessories,West,Offline,3,"? 7,464.00","? 22,392.00",UPI,C01522
T008623,13-11-2025,Laptop,Electronics,West,Offline,5,"? 85,596.00","? 4,27,980.00",Credit Card,C01139
T008624,16-09-2025,Camera,Electronics,North,Online,2,"? 21,336.00","? 42,672.00",Credit Card,C01909
T008625,13-04-2025,Speaker,Accessories,North,Offline,4,"? 12,048.00","? 48,192.00",UPI,C01381
T008626,24-02-2025,Smartwatch,Accessories,East,Offline,2,"? 17,149.00","? 34,298.00",UPI,C01418
T008627,14-09-2025,Printer,Electronics,North,Online,3,"? 21,181.00","? 63,543.00",Net Banking,C01940
T008628,11-04-2025,Webcam,Accessories,North,Offline,2,"? 3,167.00","? 6,334.00",UPI,C00754
T008629,17-07-2025,Power Bank,Accessories,South,Offline,2,"? 2,625.00","? 5,250.00",UPI,C02413
T008630,28-10-2025,Power Bank,Accessories,West,Offline,4,"? 4,830.00","? 19,320.00",UPI,C00264
T008631,14-08-2025,Webcam,Accessories,North,Offline,3,"? 2,712.00","? 8,136.00",Credit Card,C02042
T008632,25-08-2025,Smartwatch,Accessories,North,Offline,5,"? 4,768.00","? 23,840.00",UPI,C00088
T008633,26-01-2025,Power Bank,Accessories,South,Offline,2,"? 3,858.00","? 7,716.00",Net Banking,C01261
T008634,01-05-2025,Speaker,Accessories,North,Offline,1,"? 7,276.00","? 7,276.00",Cash,C01534
T008635,01-07-2025,Camera,Electronics,South,Online,5,"? 69,596.00","? 3,47,980.00",Cash,C01595
T008636,18-07-2025,Printer,Electronics,West,Online,2,"? 15,589.00","? 31,178.00",Cash,C01596
T008637,29-10-2025,Gaming Chair,Furniture,West,Offline,5,"? 28,765.00","? 1,43,825.00",Net Banking,C02380
T008638,12-09-2025,Router,Networking,South,Offline,1,"? 3,718.00","? 3,718.00",Credit Card,C01060
T008639,02-05-2025,Power Bank,Accessories,South,Online,5,"? 4,476.00","? 22,380.00",UPI,C00099
T008640,31-01-2025,Camera,Electronics,West,Offline,5,"? 38,211.00","? 1,91,055.00",UPI,C00141
T008641,11-11-2025,Keyboard,Accessories,West,Online,1,"? 3,919.00","? 3,919.00",UPI,C00494
T008642,12-10-2025,Tablet,Electronics,South,Offline,1,"? 33,155.00","? 33,155.00",UPI,C01736
T008643,16-04-2025,Headphones,Accessories,East,Offline,1,"? 5,688.00","? 5,688.00",Net Banking,C01291
T008644,12-08-2025,Headphones,Accessories,West,Online,4,"? 5,511.00","? 22,044.00",Credit Card,C02056
T008645,30-09-2025,Laptop,Electronics,West,Offline,1,"? 68,456.00","? 68,456.00",Credit Card,C01598
T008646,20-08-2025,Tablet,Electronics,South,Offline,5,"? 33,154.00","? 1,65,770.00",Cash,C01425
T008647,13-09-2025,Tablet,Electronics,South,Offline,1,"? 38,765.00","? 38,765.00",Credit Card,C01933
T008648,24-01-2025,Router,Networking,South,Offline,2,"? 7,948.00","? 15,896.00",Cash,C00854
T008649,19-04-2025,Gaming Chair,Furniture,East,Online,1,"? 26,714.00","? 26,714.00",Credit Card,C01196
T008650,10-07-2025,Laptop,Electronics,South,Online,1,"? 96,234.00","? 96,234.00",UPI,C01594
T008651,13-12-2025,Router,Networking,East,Offline,3,"? 2,185.00","? 6,555.00",Cash,C00856
T008652,25-01-2025,Printer,Electronics,South,Offline,5,"? 27,342.00","? 1,36,710.00",UPI,C02462
T008653,06-07-2025,Speaker,Accessories,South,Online,5,"? 2,184.00","? 10,920.00",Credit Card,C00909
T008654,15-10-2025,Laptop,Electronics,East,Online,2,"? 97,769.00","? 1,95,538.00",Credit Card,C02411
T008655,26-04-2025,Printer,Electronics,North,Online,4,"? 14,532.00","? 58,128.00",Credit Card,C02424
T008656,04-12-2025,Laptop,Electronics,West,Online,3,"? 62,891.00","? 1,88,673.00",Credit Card,C01844
T008657,06-02-2025,Smartphone,Electronics,South,Offline,2,"? 48,501.00","? 97,002.00",Credit Card,C01351
T008658,09-10-2025,Smartphone,Electronics,North,Online,2,"? 16,496.00","? 32,992.00",Credit Card,C01974
T008659,17-05-2025,Gaming Chair,Furniture,East,Online,5,"? 23,154.00","? 1,15,770.00",UPI,C00278
T008660,15-08-2025,Keyboard,Accessories,South,Offline,3,"? 4,593.00","? 13,779.00",Credit Card,C00504
T008661,16-11-2025,Mouse,Accessories,East,Online,5,"? 1,531.00","? 7,655.00",Cash,C01758
T008662,24-11-2025,Speaker,Accessories,East,Offline,4,"? 6,950.00","? 27,800.00",Credit Card,C00079
T008663,01-07-2025,Laptop,Electronics,East,Online,5,"? 87,403.00","? 4,37,015.00",Net Banking,C01976
T008664,28-12-2025,Tablet,Electronics,North,Offline,1,"? 28,116.00","? 28,116.00",Credit Card,C00700
T008665,27-03-2025,Smartphone,Electronics,East,Online,5,"? 58,995.00","? 2,94,975.00",Cash,C00660
T008666,22-02-2025,Monitor,Electronics,West,Online,1,"? 22,023.00","? 22,023.00",Cash,C00095
T008667,14-12-2025,Printer,Electronics,South,Online,2,"? 28,911.00","? 57,822.00",UPI,C01651
T008668,21-12-2025,Router,Networking,South,Offline,4,"? 7,803.00","? 31,212.00",Cash,C00677
T008669,23-08-2025,Smartphone,Electronics,West,Online,1,"? 58,439.00","? 58,439.00",Cash,C00222
T008670,24-09-2025,Smartphone,Electronics,South,Online,4,"? 39,415.00","? 1,57,660.00",UPI,C01959
T008671,14-10-2025,Camera,Electronics,West,Offline,5,"? 30,181.00","? 1,50,905.00",UPI,C00771
T008672,10-04-2025,Webcam,Accessories,North,Online,5,"? 6,210.00","? 31,050.00",Credit Card,C01994
T008673,28-03-2025,Printer,Electronics,East,Offline,2,"? 14,679.00","? 29,358.00",Cash,C00734
T008674,15-01-2025,Gaming Chair,Furniture,North,Online,5,"? 21,500.00","? 1,07,500.00",Net Banking,C01246
T008675,11-04-2025,Headphones,Accessories,West,Online,1,"? 2,441.00","? 2,441.00",Cash,C01574
T008676,14-06-2025,Smartwatch,Accessories,East,Online,2,"? 4,390.00","? 8,780.00",Cash,C02478
T008677,29-01-2025,Router,Networking,North,Online,4,"? 2,884.00","? 11,536.00",Credit Card,C00121
T008678,24-04-2025,Speaker,Accessories,East,Online,2,"? 3,656.00","? 7,312.00",UPI,C01058
T008679,17-04-2025,Printer,Electronics,East,Online,4,"? 19,136.00","? 76,544.00",Credit Card,C00130
T008680,30-12-2025,Keyboard,Accessories,North,Online,3,"? 2,091.00","? 6,273.00",Credit Card,C01592
T008681,10-05-2025,Camera,Electronics,South,Offline,1,"? 76,574.00","? 76,574.00",Cash,C02216
T008682,25-03-2025,Power Bank,Accessories,West,Offline,1,"? 3,942.00","? 3,942.00",Cash,C02254
T008683,28-09-2025,Printer,Electronics,North,Offline,4,"? 22,652.00","? 90,608.00",Net Banking,C00794
T008684,01-09-2025,Printer,Electronics,North,Online,5,"? 26,301.00","? 1,31,505.00",Credit Card,C02123
T008685,02-08-2025,Mouse,Accessories,South,Offline,5,"? 1,924.00","? 9,620.00",Cash,C00633
T008686,02-11-2025,Gaming Chair,Furniture,West,Online,3,"? 23,568.00","? 70,704.00",Credit Card,C01635
T008687,15-06-2025,Power Bank,Accessories,North,Offline,4,"? 1,277.00","? 5,108.00",UPI,C02123
T008688,06-10-2025,Camera,Electronics,East,Online,3,"? 89,807.00","? 2,69,421.00",Cash,C00137
T008689,28-02-2025,Printer,Electronics,West,Offline,4,"? 22,622.00","? 90,488.00",UPI,C02309
T008690,31-03-2025,Smartwatch,Accessories,South,Offline,3,"? 17,228.00","? 51,684.00",Cash,C01912
T008691,27-11-2025,Smartwatch,Accessories,North,Offline,4,"? 16,256.00","? 65,024.00",UPI,C00798
T008692,13-07-2025,Power Bank,Accessories,East,Offline,1,"? 1,409.00","? 1,409.00",Cash,C01568
T008693,03-05-2025,Monitor,Electronics,West,Online,3,"? 31,386.00","? 94,158.00",Cash,C00216
T008694,16-05-2025,Camera,Electronics,North,Offline,3,"? 44,152.00","? 1,32,456.00",Cash,C00785
T008695,19-05-2025,Headphones,Accessories,West,Offline,4,"? 6,883.00","? 27,532.00",Cash,C00364
T008696,17-08-2025,Printer,Electronics,East,Online,2,"? 18,779.00","? 37,558.00",UPI,C02115
T008697,01-10-2025,Mouse,Accessories,East,Online,2,"? 2,546.00","? 5,092.00",Cash,C00231
T008698,19-02-2025,Mouse,Accessories,West,Offline,1,? 728.00,? 728.00,Net Banking,C00383
T008699,28-04-2025,Router,Networking,East,Online,5,"? 4,897.00","? 24,485.00",Credit Card,C00235
T008700,21-07-2025,Webcam,Accessories,East,Online,5,"? 7,285.00","? 36,425.00",Credit Card,C02202
T008701,10-07-2025,Tablet,Electronics,West,Online,1,"? 47,861.00","? 47,861.00",Cash,C01061
T008702,30-12-2025,Headphones,Accessories,West,Offline,5,"? 7,438.00","? 37,190.00",Credit Card,C01337
T008703,19-11-2025,Mouse,Accessories,South,Offline,4,? 841.00,"? 3,364.00",Cash,C00012
T008704,30-06-2025,Speaker,Accessories,North,Online,2,"? 14,582.00","? 29,164.00",Credit Card,C02222
T008705,19-03-2025,Speaker,Accessories,South,Online,1,"? 11,523.00","? 11,523.00",Net Banking,C02203
T008706,16-03-2025,Gaming Chair,Furniture,South,Online,4,"? 17,943.00","? 71,772.00",UPI,C00519
T008707,22-10-2025,Smartwatch,Accessories,South,Online,1,"? 4,333.00","? 4,333.00",Cash,C01002
T008708,08-10-2025,Power Bank,Accessories,South,Offline,2,? 967.00,"? 1,934.00",UPI,C00236
T008709,21-01-2025,Tablet,Electronics,North,Online,5,"? 24,172.00","? 1,20,860.00",Credit Card,C01062
T008710,20-06-2025,Laptop,Electronics,West,Online,4,"? 53,542.00","? 2,14,168.00",Net Banking,C01968
T008711,15-01-2025,Mouse,Accessories,East,Offline,2,"? 2,190.00","? 4,380.00",Cash,C00298
T008712,30-07-2025,Keyboard,Accessories,East,Online,1,? 777.00,? 777.00,Credit Card,C01268
T008713,17-02-2025,Camera,Electronics,West,Offline,3,"? 86,644.00","? 2,59,932.00",UPI,C02171
T008714,27-03-2025,Webcam,Accessories,West,Offline,4,"? 6,256.00","? 25,024.00",Cash,C01516
T008715,29-05-2025,Mouse,Accessories,West,Online,1,"? 1,624.00","? 1,624.00",UPI,C02346
T008716,07-07-2025,Webcam,Accessories,East,Online,1,"? 9,028.00","? 9,028.00",Net Banking,C01978
T008717,02-11-2025,Gaming Chair,Furniture,South,Online,2,"? 23,097.00","? 46,194.00",Net Banking,C01065
T008718,31-05-2025,Smartphone,Electronics,South,Online,1,"? 23,756.00","? 23,756.00",Net Banking,C01289
T008719,21-05-2025,Router,Networking,South,Online,4,"? 4,359.00","? 17,436.00",Cash,C01250
T008720,10-03-2025,Power Bank,Accessories,North,Offline,4,"? 1,101.00","? 4,404.00",UPI,C01198
T008721,17-09-2025,Headphones,Accessories,South,Offline,1,"? 9,300.00","? 9,300.00",Credit Card,C02386
T008722,30-11-2025,Smartphone,Electronics,North,Online,2,"? 17,412.00","? 34,824.00",UPI,C01718
T008723,09-01-2025,Monitor,Electronics,East,Offline,4,"? 10,647.00","? 42,588.00",Cash,C01629
T008724,01-05-2025,Mouse,Accessories,North,Online,3,"? 1,917.00","? 5,751.00",Cash,C00121
T008725,11-04-2025,Laptop,Electronics,West,Offline,5,"? 53,338.00","? 2,66,690.00",Net Banking,C01552
T008726,29-05-2025,Smartphone,Electronics,West,Online,2,"? 20,804.00","? 41,608.00",UPI,C00544
T008727,26-05-2025,Smartphone,Electronics,East,Online,2,"? 68,675.00","? 1,37,350.00",Net Banking,C00424
T008728,19-12-2025,Headphones,Accessories,South,Offline,5,"? 4,813.00","? 24,065.00",Cash,C01910
T008729,31-08-2025,Tablet,Electronics,East,Online,5,"? 22,392.00","? 1,11,960.00",Credit Card,C00994
T008730,29-08-2025,Laptop,Electronics,West,Offline,4,"? 60,448.00","? 2,41,792.00",Net Banking,C01711
T008731,03-12-2025,Power Bank,Accessories,South,Online,1,"? 4,445.00","? 4,445.00",Cash,C00881
T008732,12-02-2025,Gaming Chair,Furniture,West,Online,1,"? 11,417.00","? 11,417.00",Net Banking,C01532
T008733,05-04-2025,Smartphone,Electronics,East,Offline,3,"? 31,395.00","? 94,185.00",UPI,C02374
T008734,14-08-2025,Speaker,Accessories,South,Offline,1,"? 8,109.00","? 8,109.00",Net Banking,C00291
T008735,06-01-2025,Printer,Electronics,East,Online,3,"? 25,529.00","? 76,587.00",UPI,C00331
T008736,02-08-2025,Router,Networking,West,Online,3,"? 2,374.00","? 7,122.00",UPI,C01573
T008737,25-07-2025,Laptop,Electronics,South,Online,2,"? 77,009.00","? 1,54,018.00",Credit Card,C01558
T008738,08-03-2025,Printer,Electronics,West,Offline,2,"? 13,303.00","? 26,606.00",Net Banking,C01933
T008739,10-04-2025,Mouse,Accessories,South,Online,4,"? 1,283.00","? 5,132.00",Credit Card,C00912
T008740,12-01-2025,Smartphone,Electronics,North,Offline,5,"? 19,650.00","? 98,250.00",Credit Card,C01622
T008741,25-08-2025,Smartphone,Electronics,North,Offline,5,"? 27,177.00","? 1,35,885.00",Cash,C00316
T008742,18-11-2025,Smartwatch,Accessories,West,Online,3,"? 15,747.00","? 47,241.00",UPI,C01066
T008743,15-09-2025,Router,Networking,East,Online,5,"? 6,939.00","? 34,695.00",UPI,C01751
T008744,03-12-2025,Smartwatch,Accessories,North,Offline,3,"? 16,182.00","? 48,546.00",Cash,C02327
T008745,15-05-2025,Headphones,Accessories,North,Offline,5,"? 8,008.00","? 40,040.00",UPI,C02208
T008746,10-08-2025,Power Bank,Accessories,South,Online,4,"? 2,379.00","? 9,516.00",UPI,C00156
T008747,05-06-2025,Camera,Electronics,South,Offline,2,"? 31,963.00","? 63,926.00",UPI,C00929
T008748,22-05-2025,Camera,Electronics,South,Offline,2,"? 44,928.00","? 89,856.00",Cash,C02036
T008749,07-06-2025,Router,Networking,West,Offline,3,"? 3,006.00","? 9,018.00",UPI,C01361
T008750,22-11-2025,Power Bank,Accessories,East,Online,5,"? 4,287.00","? 21,435.00",Net Banking,C02333
T008751,10-12-2025,Tablet,Electronics,East,Online,1,"? 36,605.00","? 36,605.00",Net Banking,C02406
T008752,19-09-2025,Headphones,Accessories,South,Offline,4,"? 11,038.00","? 44,152.00",Credit Card,C01698
T008753,10-10-2025,Camera,Electronics,West,Offline,5,"? 87,926.00","? 4,39,630.00",Credit Card,C00878
T008754,04-12-2025,Headphones,Accessories,South,Offline,1,"? 5,030.00","? 5,030.00",Credit Card,C01446
T008755,10-12-2025,Smartphone,Electronics,East,Offline,4,"? 55,260.00","? 2,21,040.00",Cash,C02316
T008756,17-08-2025,Smartwatch,Accessories,West,Online,4,"? 5,438.00","? 21,752.00",Cash,C00917
T008757,07-10-2025,Webcam,Accessories,South,Online,2,"? 3,883.00","? 7,766.00",Cash,C01115
T008758,24-12-2025,Smartwatch,Accessories,South,Online,3,"? 5,367.00","? 16,101.00",UPI,C01320
T008759,17-10-2025,Smartwatch,Accessories,East,Offline,5,"? 8,167.00","? 40,835.00",Cash,C00357
T008760,17-06-2025,Speaker,Accessories,West,Online,4,"? 14,672.00","? 58,688.00",Credit Card,C01946
T008761,16-02-2025,Webcam,Accessories,East,Offline,5,"? 2,965.00","? 14,825.00",Cash,C00318
T008762,22-07-2025,Speaker,Accessories,West,Offline,4,"? 3,651.00","? 14,604.00",Credit Card,C01861
T008763,02-08-2025,Camera,Electronics,West,Offline,2,"? 50,360.00","? 1,00,720.00",UPI,C01902
T008764,03-09-2025,Laptop,Electronics,South,Offline,3,"? 50,774.00","? 1,52,322.00",Cash,C01341
T008765,24-01-2025,Keyboard,Accessories,East,Online,1,"? 4,065.00","? 4,065.00",UPI,C01020
T008766,17-11-2025,Speaker,Accessories,West,Offline,1,"? 8,530.00","? 8,530.00",Cash,C02350
T008767,01-10-2025,Smartphone,Electronics,North,Online,2,"? 35,722.00","? 71,444.00",UPI,C00584
T008768,13-02-2025,Mouse,Accessories,South,Online,4,"? 2,789.00","? 11,156.00",Cash,C00988
T008769,28-11-2025,Headphones,Accessories,East,Online,2,"? 9,021.00","? 18,042.00",Credit Card,C01437
T008770,09-11-2025,Webcam,Accessories,West,Online,3,"? 5,430.00","? 16,290.00",UPI,C01074
T008771,29-12-2025,Smartwatch,Accessories,South,Offline,1,"? 4,220.00","? 4,220.00",Credit Card,C00361
T008772,05-06-2025,Smartwatch,Accessories,East,Online,5,"? 3,439.00","? 17,195.00",Cash,C00514
T008773,18-07-2025,Smartwatch,Accessories,East,Offline,1,"? 9,424.00","? 9,424.00",UPI,C00870
T008774,11-06-2025,Smartphone,Electronics,South,Online,3,"? 23,905.00","? 71,715.00",Cash,C02263
T008775,22-08-2025,Smartwatch,Accessories,West,Offline,4,"? 8,700.00","? 34,800.00",UPI,C02186
T008776,12-06-2025,Tablet,Electronics,South,Online,2,"? 35,151.00","? 70,302.00",Credit Card,C00877
T008777,26-04-2025,Headphones,Accessories,North,Online,1,"? 7,339.00","? 7,339.00",Credit Card,C00860
T008778,03-04-2025,Router,Networking,South,Online,1,"? 6,584.00","? 6,584.00",Credit Card,C01820
T008779,11-02-2025,Smartphone,Electronics,East,Offline,5,"? 53,278.00","? 2,66,390.00",Credit Card,C02432
T008780,11-10-2025,Headphones,Accessories,North,Online,2,"? 1,069.00","? 2,138.00",Cash,C00479
T008781,29-07-2025,Router,Networking,North,Offline,5,"? 5,264.00","? 26,320.00",Cash,C00002
T008782,25-07-2025,Printer,Electronics,West,Offline,5,"? 19,130.00","? 95,650.00",UPI,C01693
T008783,08-08-2025,Monitor,Electronics,South,Online,4,"? 22,582.00","? 90,328.00",UPI,C00820
T008784,07-10-2025,Router,Networking,West,Online,1,"? 3,876.00","? 3,876.00",UPI,C02190
T008785,16-05-2025,Gaming Chair,Furniture,South,Offline,2,"? 18,937.00","? 37,874.00",Cash,C02076
T008786,16-04-2025,Webcam,Accessories,East,Online,4,"? 8,228.00","? 32,912.00",Credit Card,C02305
T008787,28-04-2025,Speaker,Accessories,West,Offline,4,"? 5,650.00","? 22,600.00",Cash,C01836
T008788,25-08-2025,Power Bank,Accessories,East,Online,4,"? 3,333.00","? 13,332.00",Credit Card,C01872
T008789,05-11-2025,Tablet,Electronics,East,Offline,3,"? 33,794.00","? 1,01,382.00",UPI,C00997
T008790,10-04-2025,Laptop,Electronics,North,Offline,3,"? 74,985.00","? 2,24,955.00",UPI,C01230
T008791,18-09-2025,Laptop,Electronics,West,Offline,4,"? 69,391.00","? 2,77,564.00",Cash,C00785
T008792,01-11-2025,Keyboard,Accessories,South,Online,3,"? 3,652.00","? 10,956.00",Credit Card,C00438
T008793,20-12-2025,Tablet,Electronics,West,Offline,2,"? 16,870.00","? 33,740.00",Net Banking,C01295
T008794,13-10-2025,Headphones,Accessories,East,Offline,1,"? 6,134.00","? 6,134.00",Credit Card,C01584
T008795,24-11-2025,Laptop,Electronics,North,Online,2,"? 87,010.00","? 1,74,020.00",Net Banking,C00479
T008796,13-04-2025,Monitor,Electronics,West,Offline,1,"? 29,993.00","? 29,993.00",UPI,C01201
T008797,04-03-2025,Laptop,Electronics,North,Online,3,"? 92,639.00","? 2,77,917.00",Cash,C00420
T008798,24-06-2025,Smartwatch,Accessories,North,Offline,2,"? 11,906.00","? 23,812.00",Credit Card,C00782
T008799,09-10-2025,Keyboard,Accessories,East,Offline,5,"? 1,897.00","? 9,485.00",Net Banking,C00475
T008800,20-10-2025,Webcam,Accessories,West,Online,4,"? 3,837.00","? 15,348.00",UPI,C00868
T008801,14-08-2025,Smartphone,Electronics,West,Online,1,"? 46,289.00","? 46,289.00",Credit Card,C02294
T008802,07-01-2025,Mouse,Accessories,West,Offline,1,? 426.00,? 426.00,Cash,C01406
T008803,07-05-2025,Mouse,Accessories,North,Online,5,"? 1,524.00","? 7,620.00",UPI,C01499
T008804,02-04-2025,Laptop,Electronics,South,Offline,5,"? 69,357.00","? 3,46,785.00",Credit Card,C01558
T008805,09-07-2025,Headphones,Accessories,West,Offline,4,"? 7,531.00","? 30,124.00",Credit Card,C00534
T008806,25-12-2025,Power Bank,Accessories,East,Online,3,"? 3,965.00","? 11,895.00",Credit Card,C01956
T008807,22-02-2025,Router,Networking,North,Online,2,"? 2,590.00","? 5,180.00",Credit Card,C00736
T008808,30-08-2025,Headphones,Accessories,South,Online,2,"? 9,441.00","? 18,882.00",Credit Card,C00347
T008809,12-05-2025,Smartwatch,Accessories,West,Offline,2,"? 2,141.00","? 4,282.00",Credit Card,C01223
T008810,30-12-2025,Laptop,Electronics,South,Online,3,"? 66,650.00","? 1,99,950.00",Credit Card,C01360
T008811,22-04-2025,Laptop,Electronics,North,Online,4,"? 90,487.00","? 3,61,948.00",Credit Card,C02278
T008812,07-01-2025,Mouse,Accessories,South,Offline,2,? 614.00,"? 1,228.00",Net Banking,C00709
T008813,18-08-2025,Printer,Electronics,North,Online,1,"? 14,680.00","? 14,680.00",UPI,C01258
T008814,05-06-2025,Laptop,Electronics,South,Online,1,"? 91,455.00","? 91,455.00",Cash,C01022
T008815,16-07-2025,Smartphone,Electronics,South,Online,1,"? 31,863.00","? 31,863.00",UPI,C00803
T008816,19-11-2025,Keyboard,Accessories,North,Online,5,"? 3,390.00","? 16,950.00",Credit Card,C01801
T008817,30-12-2025,Webcam,Accessories,South,Online,5,"? 7,499.00","? 37,495.00",Net Banking,C02205
T008818,11-08-2025,Webcam,Accessories,East,Online,3,"? 6,436.00","? 19,308.00",Cash,C01760
T008819,07-09-2025,Keyboard,Accessories,West,Online,2,"? 3,127.00","? 6,254.00",Cash,C02250
T008820,24-03-2025,Smartphone,Electronics,South,Online,5,"? 40,419.00","? 2,02,095.00",Net Banking,C02137
T008821,28-08-2025,Printer,Electronics,South,Offline,1,"? 14,064.00","? 14,064.00",UPI,C01339
T008822,26-12-2025,Headphones,Accessories,South,Offline,5,"? 4,215.00","? 21,075.00",Cash,C00170
T008823,19-11-2025,Router,Networking,West,Online,1,"? 7,481.00","? 7,481.00",Net Banking,C01318
T008824,20-09-2025,Mouse,Accessories,North,Online,2,"? 2,749.00","? 5,498.00",Net Banking,C00300
T008825,08-07-2025,Keyboard,Accessories,West,Online,3,"? 1,349.00","? 4,047.00",Net Banking,C00077
T008826,17-10-2025,Speaker,Accessories,South,Online,4,"? 7,036.00","? 28,144.00",Credit Card,C00188
T008827,28-12-2025,Router,Networking,North,Online,4,"? 3,393.00","? 13,572.00",Net Banking,C00763
T008828,27-02-2025,Speaker,Accessories,South,Offline,1,"? 4,356.00","? 4,356.00",Cash,C00900
T008829,09-01-2025,Tablet,Electronics,North,Online,5,"? 37,826.00","? 1,89,130.00",UPI,C01061
T008830,31-10-2025,Monitor,Electronics,South,Online,5,"? 23,503.00","? 1,17,515.00",Credit Card,C00018
T008831,25-04-2025,Mouse,Accessories,South,Offline,1,"? 2,786.00","? 2,786.00",Credit Card,C01891
T008832,29-07-2025,Printer,Electronics,North,Offline,2,"? 27,962.00","? 55,924.00",Credit Card,C01577
T008833,10-02-2025,Tablet,Electronics,East,Offline,1,"? 44,122.00","? 44,122.00",Cash,C00934
T008834,31-10-2025,Laptop,Electronics,West,Online,2,"? 67,677.00","? 1,35,354.00",Credit Card,C01362
T008835,22-06-2025,Smartphone,Electronics,North,Online,3,"? 34,642.00","? 1,03,926.00",Credit Card,C02120
T008836,22-08-2025,Power Bank,Accessories,West,Online,3,"? 3,513.00","? 10,539.00",Net Banking,C01676
T008837,08-10-2025,Speaker,Accessories,East,Online,1,"? 14,983.00","? 14,983.00",UPI,C01950
T008838,19-03-2025,Webcam,Accessories,East,Online,3,"? 5,532.00","? 16,596.00",Cash,C01750
T008839,18-04-2025,Power Bank,Accessories,North,Offline,5,"? 2,346.00","? 11,730.00",UPI,C01542
T008840,08-10-2025,Laptop,Electronics,East,Offline,2,"? 85,374.00","? 1,70,748.00",UPI,C01469
T008841,08-02-2025,Speaker,Accessories,East,Online,4,"? 4,325.00","? 17,300.00",Credit Card,C01502
T008842,29-04-2025,Smartwatch,Accessories,South,Online,4,"? 6,206.00","? 24,824.00",UPI,C01023
T008843,01-12-2025,Webcam,Accessories,South,Offline,3,"? 4,874.00","? 14,622.00",UPI,C00119
T008844,02-12-2025,Camera,Electronics,East,Online,2,"? 49,580.00","? 99,160.00",Credit Card,C01472
T008845,27-01-2025,Gaming Chair,Furniture,South,Offline,5,"? 22,627.00","? 1,13,135.00",Cash,C00477
T008846,14-04-2025,Smartphone,Electronics,East,Offline,4,"? 21,078.00","? 84,312.00",Cash,C00581
T008847,15-03-2025,Tablet,Electronics,South,Offline,5,"? 46,091.00","? 2,30,455.00",UPI,C00907
T008848,10-07-2025,Monitor,Electronics,East,Offline,5,"? 16,366.00","? 81,830.00",Credit Card,C02324
T008849,20-11-2025,Webcam,Accessories,East,Online,4,"? 8,605.00","? 34,420.00",UPI,C01887
T008850,27-05-2025,Camera,Electronics,West,Offline,4,"? 37,747.00","? 1,50,988.00",Cash,C00092
T008851,12-09-2025,Gaming Chair,Furniture,East,Online,3,"? 17,229.00","? 51,687.00",UPI,C01689
T008852,11-10-2025,Smartwatch,Accessories,West,Online,2,"? 17,028.00","? 34,056.00",Net Banking,C02416
T008853,01-08-2025,Headphones,Accessories,North,Online,1,"? 8,489.00","? 8,489.00",Net Banking,C00925
T008854,03-05-2025,Smartwatch,Accessories,East,Online,2,"? 18,304.00","? 36,608.00",UPI,C01571
T008855,25-07-2025,Camera,Electronics,East,Online,1,"? 87,626.00","? 87,626.00",Credit Card,C00102
T008856,28-08-2025,Keyboard,Accessories,West,Online,4,"? 1,160.00","? 4,640.00",UPI,C00271
T008857,05-12-2025,Power Bank,Accessories,East,Online,5,"? 3,552.00","? 17,760.00",UPI,C02355
T008858,13-10-2025,Mouse,Accessories,South,Offline,2,? 548.00,"? 1,096.00",UPI,C02435
T008859,22-01-2025,Gaming Chair,Furniture,West,Online,5,"? 28,817.00","? 1,44,085.00",Net Banking,C02325
T008860,16-09-2025,Router,Networking,West,Online,2,"? 6,598.00","? 13,196.00",Cash,C00957
T008861,23-12-2025,Printer,Electronics,South,Online,2,"? 20,559.00","? 41,118.00",UPI,C00259
T008862,15-04-2025,Laptop,Electronics,East,Online,5,"? 51,133.00","? 2,55,665.00",Credit Card,C00946
T008863,15-09-2025,Headphones,Accessories,North,Offline,3,"? 1,353.00","? 4,059.00",Cash,C00520
T008864,23-07-2025,Power Bank,Accessories,North,Offline,4,"? 1,907.00","? 7,628.00",Cash,C01456
T008865,06-11-2025,Power Bank,Accessories,North,Online,3,"? 3,402.00","? 10,206.00",Cash,C00771
T008866,19-09-2025,Printer,Electronics,West,Online,3,"? 24,497.00","? 73,491.00",UPI,C00459
T008867,17-04-2025,Smartwatch,Accessories,West,Offline,2,"? 16,956.00","? 33,912.00",UPI,C00880
T008868,08-09-2025,Monitor,Electronics,South,Online,4,"? 28,069.00","? 1,12,276.00",UPI,C01676
T008869,09-08-2025,Power Bank,Accessories,East,Online,2,"? 4,006.00","? 8,012.00",Net Banking,C00531
T008870,10-08-2025,Laptop,Electronics,South,Offline,1,"? 51,109.00","? 51,109.00",UPI,C01109
T008871,15-09-2025,Headphones,Accessories,West,Offline,2,"? 11,169.00","? 22,338.00",Net Banking,C00235
T008872,20-07-2025,Power Bank,Accessories,North,Online,5,"? 1,026.00","? 5,130.00",UPI,C01822
T008873,15-09-2025,Gaming Chair,Furniture,East,Online,2,"? 19,131.00","? 38,262.00",Cash,C00390
T008874,15-12-2025,Power Bank,Accessories,North,Offline,1,"? 1,812.00","? 1,812.00",Cash,C01153
T008875,13-08-2025,Printer,Electronics,East,Online,2,"? 9,106.00","? 18,212.00",UPI,C01417
T008876,21-07-2025,Router,Networking,North,Offline,1,"? 5,436.00","? 5,436.00",UPI,C01854
T008877,14-08-2025,Laptop,Electronics,East,Online,4,"? 93,762.00","? 3,75,048.00",UPI,C02077
T008878,24-08-2025,Laptop,Electronics,North,Online,2,"? 59,658.00","? 1,19,316.00",UPI,C02181
T008879,02-07-2025,Headphones,Accessories,South,Online,1,"? 9,461.00","? 9,461.00",Net Banking,C01747
T008880,19-07-2025,Gaming Chair,Furniture,West,Offline,4,"? 28,190.00","? 1,12,760.00",Credit Card,C00534
T008881,23-12-2025,Tablet,Electronics,South,Offline,5,"? 32,933.00","? 1,64,665.00",UPI,C01907
T008882,03-09-2025,Mouse,Accessories,North,Offline,3,"? 1,931.00","? 5,793.00",UPI,C02130
T008883,19-12-2025,Speaker,Accessories,East,Online,1,"? 9,995.00","? 9,995.00",Credit Card,C01604
T008884,21-04-2025,Tablet,Electronics,South,Offline,5,"? 42,291.00","? 2,11,455.00",Net Banking,C01576
T008885,06-01-2025,Laptop,Electronics,North,Offline,4,"? 98,112.00","? 3,92,448.00",UPI,C01115
T008886,24-08-2025,Power Bank,Accessories,West,Online,5,"? 2,732.00","? 13,660.00",Cash,C01100
T008887,07-05-2025,Webcam,Accessories,East,Offline,2,"? 3,540.00","? 7,080.00",Cash,C01259
T008888,14-04-2025,Speaker,Accessories,South,Offline,3,"? 9,434.00","? 28,302.00",UPI,C01677
T008889,25-08-2025,Camera,Electronics,West,Offline,1,"? 82,348.00","? 82,348.00",Credit Card,C02482
T008890,04-06-2025,Smartphone,Electronics,North,Offline,4,"? 39,717.00","? 1,58,868.00",Cash,C02477
T008891,14-09-2025,Camera,Electronics,East,Offline,3,"? 75,941.00","? 2,27,823.00",Cash,C01924
T008892,23-08-2025,Router,Networking,North,Offline,4,"? 7,275.00","? 29,100.00",Net Banking,C01471
T008893,16-10-2025,Headphones,Accessories,East,Online,5,"? 10,000.00","? 50,000.00",UPI,C00577
T008894,09-02-2025,Laptop,Electronics,West,Offline,4,"? 67,331.00","? 2,69,324.00",Cash,C01179
T008895,15-10-2025,Laptop,Electronics,West,Online,4,"? 93,252.00","? 3,73,008.00",Net Banking,C02495
T008896,16-07-2025,Power Bank,Accessories,West,Offline,5,"? 1,565.00","? 7,825.00",Net Banking,C01898
T008897,30-09-2025,Gaming Chair,Furniture,South,Offline,5,"? 19,115.00","? 95,575.00",UPI,C00139
T008898,21-09-2025,Monitor,Electronics,South,Offline,3,"? 15,172.00","? 45,516.00",Credit Card,C01255
T008899,26-02-2025,Mouse,Accessories,South,Offline,1,"? 1,319.00","? 1,319.00",UPI,C02090
T008900,25-10-2025,Gaming Chair,Furniture,North,Online,5,"? 10,496.00","? 52,480.00",Cash,C02284
T008901,08-04-2025,Monitor,Electronics,South,Online,3,"? 27,946.00","? 83,838.00",Cash,C01493
T008902,17-05-2025,Router,Networking,East,Online,4,"? 2,762.00","? 11,048.00",Credit Card,C01622
T008903,28-03-2025,Headphones,Accessories,West,Online,4,"? 7,393.00","? 29,572.00",Cash,C02396
T008904,30-08-2025,Keyboard,Accessories,North,Offline,2,"? 1,242.00","? 2,484.00",Cash,C02246
T008905,18-07-2025,Webcam,Accessories,North,Online,5,"? 8,164.00","? 40,820.00",UPI,C02110
T008906,06-11-2025,Router,Networking,South,Online,3,"? 4,431.00","? 13,293.00",Credit Card,C01412
T008907,25-03-2025,Tablet,Electronics,East,Online,3,"? 25,479.00","? 76,437.00",UPI,C01306
T008908,30-08-2025,Speaker,Accessories,West,Online,1,"? 12,683.00","? 12,683.00",UPI,C00373
T008909,08-10-2025,Router,Networking,North,Offline,3,"? 4,112.00","? 12,336.00",Credit Card,C00822
T008910,19-11-2025,Monitor,Electronics,West,Offline,5,"? 25,583.00","? 1,27,915.00",UPI,C02459
T008911,09-09-2025,Headphones,Accessories,East,Online,3,"? 11,309.00","? 33,927.00",Credit Card,C01237
T008912,09-07-2025,Tablet,Electronics,West,Offline,2,"? 26,173.00","? 52,346.00",UPI,C00221
T008913,01-06-2025,Headphones,Accessories,South,Online,4,"? 11,872.00","? 47,488.00",Cash,C01634
T008914,29-10-2025,Keyboard,Accessories,West,Offline,4,"? 3,548.00","? 14,192.00",UPI,C00987
T008915,05-10-2025,Speaker,Accessories,North,Online,3,"? 7,823.00","? 23,469.00",Cash,C00554
T008916,19-05-2025,Mouse,Accessories,South,Offline,3,? 992.00,"? 2,976.00",Credit Card,C00110
T008917,25-06-2025,Mouse,Accessories,South,Online,3,? 966.00,"? 2,898.00",Credit Card,C02245
T008918,08-01-2025,Gaming Chair,Furniture,South,Offline,3,"? 12,786.00","? 38,358.00",Net Banking,C01746
T008919,22-10-2025,Webcam,Accessories,South,Online,2,"? 5,181.00","? 10,362.00",UPI,C00949
T008920,23-08-2025,Power Bank,Accessories,North,Online,5,"? 4,295.00","? 21,475.00",Net Banking,C02432
T008921,12-06-2025,Headphones,Accessories,East,Online,2,"? 9,856.00","? 19,712.00",Net Banking,C00453
T008922,18-02-2025,Monitor,Electronics,East,Online,2,"? 14,078.00","? 28,156.00",Net Banking,C00107
T008923,29-10-2025,Mouse,Accessories,South,Offline,2,? 805.00,"? 1,610.00",UPI,C00005
T008924,07-02-2025,Smartphone,Electronics,East,Online,4,"? 61,041.00","? 2,44,164.00",Credit Card,C01168
T008925,16-05-2025,Router,Networking,North,Offline,2,"? 4,662.00","? 9,324.00",Net Banking,C00137
T008926,06-11-2025,Monitor,Electronics,East,Offline,3,"? 9,416.00","? 28,248.00",Credit Card,C00793
T008927,07-08-2025,Printer,Electronics,East,Online,2,"? 25,492.00","? 50,984.00",Cash,C02214
T008928,14-12-2025,Smartwatch,Accessories,North,Online,3,"? 2,907.00","? 8,721.00",Net Banking,C01672
T008929,23-10-2025,Webcam,Accessories,East,Offline,5,"? 9,073.00","? 45,365.00",Cash,C01664
T008930,03-02-2025,Headphones,Accessories,South,Online,4,"? 10,699.00","? 42,796.00",Credit Card,C00415
T008931,18-12-2025,Headphones,Accessories,South,Online,5,"? 10,710.00","? 53,550.00",Cash,C02428
T008932,20-03-2025,Router,Networking,North,Offline,5,"? 5,650.00","? 28,250.00",Net Banking,C00197
T008933,24-08-2025,Headphones,Accessories,South,Online,4,"? 2,934.00","? 11,736.00",Net Banking,C01520
T008934,30-09-2025,Keyboard,Accessories,South,Online,3,"? 2,501.00","? 7,503.00",UPI,C00596
T008935,10-06-2025,Speaker,Accessories,South,Online,3,"? 7,834.00","? 23,502.00",Net Banking,C01526
T008936,24-06-2025,Headphones,Accessories,South,Offline,3,"? 3,622.00","? 10,866.00",Credit Card,C02200
T008937,04-11-2025,Mouse,Accessories,South,Online,4,"? 1,256.00","? 5,024.00",Credit Card,C00701
T008938,09-08-2025,Mouse,Accessories,East,Offline,2,"? 1,869.00","? 3,738.00",Cash,C00723
T008939,09-01-2025,Smartwatch,Accessories,North,Online,1,"? 12,068.00","? 12,068.00",Credit Card,C02076
T008940,16-10-2025,Router,Networking,West,Online,2,"? 3,025.00","? 6,050.00",Cash,C00094
T008941,23-04-2025,Smartwatch,Accessories,North,Offline,2,"? 3,416.00","? 6,832.00",Credit Card,C00114
T008942,24-07-2025,Webcam,Accessories,North,Online,5,"? 3,294.00","? 16,470.00",Cash,C00841
T008943,05-07-2025,Camera,Electronics,North,Online,1,"? 47,641.00","? 47,641.00",Credit Card,C01148
T008944,07-12-2025,Monitor,Electronics,East,Online,3,"? 10,720.00","? 32,160.00",Credit Card,C01575
T008945,16-07-2025,Mouse,Accessories,North,Offline,2,? 508.00,"? 1,016.00",Net Banking,C01951
T008946,23-09-2025,Gaming Chair,Furniture,North,Online,4,"? 14,795.00","? 59,180.00",Credit Card,C02305
T008947,19-09-2025,Mouse,Accessories,East,Offline,2,"? 1,380.00","? 2,760.00",Credit Card,C00013
T008948,05-09-2025,Keyboard,Accessories,South,Online,3,"? 1,052.00","? 3,156.00",Credit Card,C00740
T008949,25-04-2025,Mouse,Accessories,West,Online,2,"? 1,827.00","? 3,654.00",UPI,C01209
T008950,01-05-2025,Mouse,Accessories,South,Online,5,"? 2,130.00","? 10,650.00",UPI,C02083
T008951,21-05-2025,Camera,Electronics,North,Offline,5,"? 22,192.00","? 1,10,960.00",UPI,C00250
T008952,06-03-2025,Gaming Chair,Furniture,South,Offline,2,"? 27,920.00","? 55,840.00",Credit Card,C01663
T008953,03-10-2025,Smartphone,Electronics,East,Offline,5,"? 63,018.00","? 3,15,090.00",Cash,C00247
T008954,09-11-2025,Gaming Chair,Furniture,West,Online,4,"? 10,320.00","? 41,280.00",Credit Card,C01687
T008955,27-08-2025,Camera,Electronics,South,Online,1,"? 29,409.00","? 29,409.00",Cash,C01327
T008956,29-10-2025,Smartphone,Electronics,North,Offline,2,"? 30,529.00","? 61,058.00",UPI,C00128
T008957,10-01-2025,Gaming Chair,Furniture,West,Offline,4,"? 22,795.00","? 91,180.00",Net Banking,C01988
T008958,21-08-2025,Camera,Electronics,North,Offline,4,"? 79,572.00","? 3,18,288.00",Credit Card,C01373
T008959,14-07-2025,Mouse,Accessories,South,Online,4,"? 1,655.00","? 6,620.00",UPI,C02422
T008960,12-01-2025,Gaming Chair,Furniture,South,Offline,3,"? 26,363.00","? 79,089.00",Credit Card,C01257
T008961,26-06-2025,Camera,Electronics,North,Online,2,"? 64,036.00","? 1,28,072.00",Cash,C00923
T008962,26-06-2025,Mouse,Accessories,West,Online,2,"? 2,344.00","? 4,688.00",Credit Card,C00064
T008963,05-08-2025,Mouse,Accessories,West,Offline,2,? 539.00,"? 1,078.00",Net Banking,C01030
T008964,11-01-2025,Smartwatch,Accessories,West,Offline,1,"? 13,291.00","? 13,291.00",Credit Card,C01228
T008965,28-04-2025,Laptop,Electronics,South,Online,4,"? 89,009.00","? 3,56,036.00",UPI,C01532
T008966,13-06-2025,Gaming Chair,Furniture,South,Offline,2,"? 20,549.00","? 41,098.00",Credit Card,C00157
T008967,08-02-2025,Smartphone,Electronics,North,Online,5,"? 27,021.00","? 1,35,105.00",Cash,C00387
T008968,22-02-2025,Router,Networking,North,Online,3,"? 5,614.00","? 16,842.00",Cash,C00871
T008969,06-08-2025,Printer,Electronics,East,Offline,1,"? 20,347.00","? 20,347.00",Credit Card,C01244
T008970,25-07-2025,Monitor,Electronics,East,Online,3,"? 10,584.00","? 31,752.00",UPI,C01234
T008971,08-11-2025,Monitor,Electronics,East,Online,4,"? 17,740.00","? 70,960.00",UPI,C02196
T008972,26-12-2025,Camera,Electronics,North,Online,5,"? 75,554.00","? 3,77,770.00",Credit Card,C01082
T008973,25-02-2025,Laptop,Electronics,West,Online,4,"? 80,743.00","? 3,22,972.00",UPI,C02105
T008974,28-04-2025,Keyboard,Accessories,East,Online,2,? 927.00,"? 1,854.00",Cash,C00071
T008975,10-09-2025,Webcam,Accessories,North,Offline,3,"? 5,971.00","? 17,913.00",UPI,C00497
T008976,13-10-2025,Webcam,Accessories,South,Online,5,"? 6,742.00","? 33,710.00",UPI,C00260
T008977,25-09-2025,Printer,Electronics,West,Online,3,"? 19,401.00","? 58,203.00",Credit Card,C01382
T008978,18-10-2025,Webcam,Accessories,East,Offline,1,"? 9,123.00","? 9,123.00",UPI,C01508
T008979,29-11-2025,Monitor,Electronics,South,Offline,5,"? 28,736.00","? 1,43,680.00",Credit Card,C01377
T008980,29-06-2025,Tablet,Electronics,West,Offline,1,"? 24,850.00","? 24,850.00",Credit Card,C01904
T008981,24-12-2025,Headphones,Accessories,West,Online,5,"? 5,928.00","? 29,640.00",UPI,C00429
T008982,23-08-2025,Webcam,Accessories,South,Online,2,"? 8,815.00","? 17,630.00",Credit Card,C00142
T008983,09-12-2025,Tablet,Electronics,East,Offline,3,"? 22,988.00","? 68,964.00",Credit Card,C01657
T008984,15-07-2025,Keyboard,Accessories,East,Online,3,"? 1,398.00","? 4,194.00",Cash,C01460
T008985,04-11-2025,Gaming Chair,Furniture,South,Online,4,"? 8,437.00","? 33,748.00",UPI,C02302
T008986,21-03-2025,Printer,Electronics,South,Offline,5,"? 28,203.00","? 1,41,015.00",Credit Card,C01789
T008987,15-05-2025,Webcam,Accessories,South,Online,5,"? 7,680.00","? 38,400.00",Cash,C00776
T008988,22-01-2025,Monitor,Electronics,North,Offline,1,"? 17,876.00","? 17,876.00",Credit Card,C00316
T008989,27-11-2025,Webcam,Accessories,West,Offline,5,"? 3,653.00","? 18,265.00",Cash,C01322
T008990,13-08-2025,Webcam,Accessories,East,Offline,3,"? 7,538.00","? 22,614.00",UPI,C01680
T008991,27-02-2025,Router,Networking,East,Offline,5,"? 7,508.00","? 37,540.00",Cash,C01191
T008992,03-04-2025,Camera,Electronics,South,Online,4,"? 25,278.00","? 1,01,112.00",UPI,C00351
T008993,11-07-2025,Headphones,Accessories,West,Offline,4,"? 1,959.00","? 7,836.00",UPI,C02090
T008994,13-04-2025,Webcam,Accessories,South,Offline,3,"? 9,969.00","? 29,907.00",Cash,C00402
T008995,07-01-2025,Smartphone,Electronics,West,Online,3,"? 35,604.00","? 1,06,812.00",Cash,C00391
T008996,08-05-2025,Router,Networking,South,Offline,3,"? 5,256.00","? 15,768.00",UPI,C02436
T008997,24-02-2025,Monitor,Electronics,South,Offline,5,"? 15,587.00","? 77,935.00",Cash,C01120
T008998,19-08-2025,Monitor,Electronics,West,Offline,5,"? 33,919.00","? 1,69,595.00",Net Banking,C01482
T008999,28-12-2025,Gaming Chair,Furniture,East,Offline,2,"? 29,154.00","? 58,308.00",Net Banking,C02226
T009000,03-03-2025,Power Bank,Accessories,East,Online,1,"? 1,514.00","? 1,514.00",UPI,C00558
T009001,28-08-2025,Speaker,Accessories,North,Online,5,"? 11,197.00","? 55,985.00",Net Banking,C02486
T009002,31-03-2025,Keyboard,Accessories,West,Online,2,"? 4,621.00","? 9,242.00",UPI,C01582
T009003,20-08-2025,Gaming Chair,Furniture,East,Online,2,"? 27,098.00","? 54,196.00",Credit Card,C01249
T009004,21-08-2025,Monitor,Electronics,East,Online,4,"? 9,347.00","? 37,388.00",Cash,C02158
T009005,20-12-2025,Printer,Electronics,West,Online,5,"? 11,008.00","? 55,040.00",Credit Card,C01267
T009006,29-11-2025,Router,Networking,East,Offline,2,"? 7,585.00","? 15,170.00",Cash,C00314
T009007,19-10-2025,Laptop,Electronics,West,Online,4,"? 74,553.00","? 2,98,212.00",Cash,C00860
T009008,11-12-2025,Printer,Electronics,East,Online,1,"? 10,868.00","? 10,868.00",Credit Card,C00159
T009009,01-06-2025,Smartphone,Electronics,South,Online,4,"? 45,905.00","? 1,83,620.00",Cash,C01001
T009010,25-05-2025,Gaming Chair,Furniture,West,Offline,1,"? 11,960.00","? 11,960.00",Cash,C02203
T009011,10-05-2025,Router,Networking,West,Offline,3,"? 6,676.00","? 20,028.00",Credit Card,C00394
T009012,21-05-2025,Laptop,Electronics,East,Offline,3,"? 59,944.00","? 1,79,832.00",Credit Card,C00649
T009013,03-04-2025,Monitor,Electronics,West,Online,4,"? 10,505.00","? 42,020.00",UPI,C00858
T009014,24-04-2025,Monitor,Electronics,North,Online,3,"? 29,480.00","? 88,440.00",Cash,C01586
T009015,11-10-2025,Speaker,Accessories,North,Offline,5,"? 8,875.00","? 44,375.00",UPI,C02149
T009016,23-05-2025,Headphones,Accessories,West,Online,4,"? 2,737.00","? 10,948.00",Net Banking,C00959
T009017,11-08-2025,Monitor,Electronics,North,Offline,2,"? 20,361.00","? 40,722.00",UPI,C01683
T009018,20-08-2025,Mouse,Accessories,East,Online,5,"? 1,508.00","? 7,540.00",Cash,C01266
T009019,02-02-2025,Router,Networking,East,Online,4,"? 4,179.00","? 16,716.00",UPI,C01140
T009020,03-10-2025,Smartphone,Electronics,West,Online,1,"? 65,189.00","? 65,189.00",Credit Card,C00272
T009021,19-06-2025,Smartwatch,Accessories,East,Offline,3,"? 7,760.00","? 23,280.00",UPI,C01668
T009022,20-05-2025,Gaming Chair,Furniture,East,Online,3,"? 17,103.00","? 51,309.00",Cash,C01329
T009023,23-12-2025,Camera,Electronics,North,Online,3,"? 53,126.00","? 1,59,378.00",UPI,C02028
T009024,20-07-2025,Headphones,Accessories,East,Online,4,"? 6,953.00","? 27,812.00",UPI,C01740
T009025,23-01-2025,Tablet,Electronics,East,Online,5,"? 43,844.00","? 2,19,220.00",UPI,C01268
T009026,12-08-2025,Laptop,Electronics,North,Offline,1,"? 64,088.00","? 64,088.00",UPI,C00149
T009027,27-09-2025,Smartwatch,Accessories,South,Online,3,"? 9,236.00","? 27,708.00",Credit Card,C00932
T009028,13-12-2025,Camera,Electronics,West,Online,5,"? 74,967.00","? 3,74,835.00",UPI,C02024
T009029,02-06-2025,Monitor,Electronics,West,Online,2,"? 30,148.00","? 60,296.00",Cash,C01343
T009030,29-11-2025,Power Bank,Accessories,South,Online,2,"? 2,903.00","? 5,806.00",Cash,C00298
T009031,26-03-2025,Printer,Electronics,North,Online,1,"? 10,974.00","? 10,974.00",Cash,C01969
T009032,19-04-2025,Mouse,Accessories,North,Online,3,"? 2,702.00","? 8,106.00",Cash,C02119
T009033,31-01-2025,Power Bank,Accessories,East,Offline,2,"? 4,900.00","? 9,800.00",Cash,C00597
T009034,17-08-2025,Speaker,Accessories,East,Offline,5,"? 11,296.00","? 56,480.00",UPI,C00277
T009035,28-08-2025,Laptop,Electronics,West,Online,5,"? 83,843.00","? 4,19,215.00",UPI,C00976
T009036,29-12-2025,Laptop,Electronics,West,Offline,2,"? 70,432.00","? 1,40,864.00",Credit Card,C00089
T009037,06-11-2025,Webcam,Accessories,North,Offline,3,"? 1,828.00","? 5,484.00",Credit Card,C02125
T009038,21-05-2025,Laptop,Electronics,East,Online,1,"? 64,433.00","? 64,433.00",UPI,C02167
T009039,05-06-2025,Smartphone,Electronics,North,Online,3,"? 42,808.00","? 1,28,424.00",UPI,C00283
T009040,26-10-2025,Laptop,Electronics,South,Offline,4,"? 86,245.00","? 3,44,980.00",Credit Card,C00229
T009041,11-12-2025,Headphones,Accessories,West,Offline,2,"? 8,124.00","? 16,248.00",Cash,C01160
T009042,09-04-2025,Camera,Electronics,West,Online,4,"? 82,222.00","? 3,28,888.00",Net Banking,C02462
T009043,16-02-2025,Printer,Electronics,North,Online,2,"? 28,770.00","? 57,540.00",Credit Card,C00123
T009044,23-11-2025,Power Bank,Accessories,East,Online,1,"? 2,327.00","? 2,327.00",Credit Card,C01735
T009045,08-03-2025,Headphones,Accessories,East,Online,3,"? 3,821.00","? 11,463.00",Net Banking,C02078
T009046,03-03-2025,Router,Networking,South,Offline,3,"? 2,965.00","? 8,895.00",Credit Card,C00018
T009047,19-04-2025,Headphones,Accessories,South,Offline,2,"? 11,473.00","? 22,946.00",UPI,C02071
T009048,16-06-2025,Mouse,Accessories,South,Offline,5,"? 1,051.00","? 5,255.00",Cash,C01062
T009049,06-02-2025,Gaming Chair,Furniture,North,Online,4,"? 26,764.00","? 1,07,056.00",Credit Card,C02044
T009050,29-04-2025,Speaker,Accessories,West,Online,3,"? 10,186.00","? 30,558.00",Credit Card,C01385
T009051,27-03-2025,Printer,Electronics,North,Offline,3,"? 8,416.00","? 25,248.00",Cash,C01143
T009052,21-02-2025,Mouse,Accessories,North,Online,2,"? 1,756.00","? 3,512.00",UPI,C01822
T009053,01-04-2025,Laptop,Electronics,East,Offline,5,"? 75,729.00","? 3,78,645.00",Credit Card,C02122
T009054,16-10-2025,Laptop,Electronics,South,Offline,4,"? 82,671.00","? 3,30,684.00",UPI,C00583
T009055,03-12-2025,Headphones,Accessories,West,Offline,5,"? 4,249.00","? 21,245.00",Cash,C00273
T009056,25-10-2025,Headphones,Accessories,South,Offline,5,"? 3,142.00","? 15,710.00",Cash,C01504
T009057,23-07-2025,Laptop,Electronics,South,Offline,2,"? 69,772.00","? 1,39,544.00",UPI,C02015
T009058,26-08-2025,Keyboard,Accessories,South,Online,5,"? 1,824.00","? 9,120.00",Credit Card,C00948
T009059,04-06-2025,Camera,Electronics,West,Offline,4,"? 20,207.00","? 80,828.00",Cash,C01871
T009060,28-08-2025,Smartphone,Electronics,East,Online,1,"? 25,846.00","? 25,846.00",Cash,C02033
T009061,16-05-2025,Speaker,Accessories,West,Offline,1,"? 10,164.00","? 10,164.00",Cash,C02055
T009062,28-12-2025,Smartwatch,Accessories,West,Online,4,"? 17,246.00","? 68,984.00",Cash,C00501
T009063,05-03-2025,Monitor,Electronics,East,Online,2,"? 12,356.00","? 24,712.00",UPI,C01092
T009064,03-05-2025,Webcam,Accessories,West,Offline,3,"? 7,524.00","? 22,572.00",UPI,C02478
T009065,11-09-2025,Tablet,Electronics,West,Offline,2,"? 40,392.00","? 80,784.00",UPI,C02077
T009066,24-04-2025,Printer,Electronics,North,Offline,4,"? 13,605.00","? 54,420.00",Net Banking,C01380
T009067,20-01-2025,Mouse,Accessories,West,Online,5,"? 1,836.00","? 9,180.00",Net Banking,C01928
T009068,16-01-2025,Printer,Electronics,North,Offline,1,"? 17,763.00","? 17,763.00",UPI,C00862
T009069,25-05-2025,Laptop,Electronics,North,Offline,5,"? 72,759.00","? 3,63,795.00",Cash,C01885
T009070,27-07-2025,Smartwatch,Accessories,North,Online,2,"? 15,004.00","? 30,008.00",UPI,C00450
T009071,19-01-2025,Power Bank,Accessories,South,Offline,4,"? 1,306.00","? 5,224.00",Credit Card,C01428
T009072,15-06-2025,Router,Networking,East,Offline,1,"? 4,105.00","? 4,105.00",Cash,C00625
T009073,07-02-2025,Tablet,Electronics,South,Online,4,"? 35,021.00","? 1,40,084.00",Cash,C00336
T009074,30-06-2025,Headphones,Accessories,East,Online,1,"? 3,781.00","? 3,781.00",Net Banking,C01892
T009075,15-12-2025,Headphones,Accessories,West,Offline,1,"? 1,443.00","? 1,443.00",Net Banking,C00901
T009076,15-04-2025,Speaker,Accessories,North,Offline,1,"? 1,617.00","? 1,617.00",UPI,C00393
T009077,10-04-2025,Power Bank,Accessories,South,Online,2,"? 2,340.00","? 4,680.00",Cash,C02016
T009078,31-03-2025,Mouse,Accessories,West,Offline,4,"? 1,328.00","? 5,312.00",Cash,C00423
T009079,27-10-2025,Camera,Electronics,South,Offline,3,"? 39,986.00","? 1,19,958.00",Cash,C01599
T009080,28-11-2025,Speaker,Accessories,West,Online,3,"? 3,436.00","? 10,308.00",UPI,C00247
T009081,20-03-2025,Monitor,Electronics,South,Online,3,"? 12,183.00","? 36,549.00",UPI,C02112
T009082,14-03-2025,Speaker,Accessories,West,Offline,4,"? 9,426.00","? 37,704.00",UPI,C01146
T009083,25-06-2025,Camera,Electronics,West,Offline,5,"? 62,612.00","? 3,13,060.00",Credit Card,C00643
T009084,06-04-2025,Smartwatch,Accessories,South,Online,4,"? 7,801.00","? 31,204.00",Cash,C01835
T009085,11-12-2025,Router,Networking,West,Offline,1,"? 7,104.00","? 7,104.00",Cash,C01149
T009086,13-04-2025,Router,Networking,North,Offline,5,"? 5,890.00","? 29,450.00",Credit Card,C01847
T009087,12-08-2025,Power Bank,Accessories,North,Offline,1,"? 3,486.00","? 3,486.00",Cash,C00108
T009088,06-01-2025,Camera,Electronics,North,Online,1,"? 35,515.00","? 35,515.00",Credit Card,C02234
T009089,02-05-2025,Mouse,Accessories,North,Online,4,"? 1,603.00","? 6,412.00",Net Banking,C01485
T009090,24-08-2025,Tablet,Electronics,East,Offline,3,"? 47,824.00","? 1,43,472.00",UPI,C00019
T009091,26-04-2025,Tablet,Electronics,South,Offline,5,"? 17,057.00","? 85,285.00",UPI,C02142
T009092,12-06-2025,Tablet,Electronics,North,Online,2,"? 22,099.00","? 44,198.00",Credit Card,C01379
T009093,14-08-2025,Power Bank,Accessories,North,Offline,3,"? 4,879.00","? 14,637.00",Cash,C01922
T009094,18-08-2025,Headphones,Accessories,North,Offline,2,"? 1,312.00","? 2,624.00",Credit Card,C00128
T009095,01-07-2025,Keyboard,Accessories,East,Online,4,? 862.00,"? 3,448.00",Cash,C02363
T009096,06-09-2025,Webcam,Accessories,South,Offline,5,"? 3,028.00","? 15,140.00",UPI,C02029
T009097,14-11-2025,Smartwatch,Accessories,West,Online,4,"? 14,580.00","? 58,320.00",Credit Card,C02430
T009098,29-07-2025,Monitor,Electronics,East,Offline,2,"? 29,880.00","? 59,760.00",Credit Card,C01795
T009099,24-05-2025,Gaming Chair,Furniture,North,Online,1,"? 17,757.00","? 17,757.00",Credit Card,C01946
T009100,11-12-2025,Gaming Chair,Furniture,North,Offline,4,"? 23,760.00","? 95,040.00",UPI,C01884
T009101,06-04-2025,Power Bank,Accessories,East,Online,5,"? 1,198.00","? 5,990.00",Net Banking,C01422
T009102,12-12-2025,Router,Networking,South,Online,4,"? 5,086.00","? 20,344.00",UPI,C01652
T009103,01-09-2025,Smartwatch,Accessories,South,Online,3,"? 19,431.00","? 58,293.00",Cash,C01286
T009104,27-03-2025,Speaker,Accessories,West,Offline,4,"? 3,442.00","? 13,768.00",Credit Card,C00761
T009105,03-07-2025,Power Bank,Accessories,East,Online,2,"? 3,930.00","? 7,860.00",UPI,C00702
T009106,01-05-2025,Smartwatch,Accessories,South,Online,4,"? 2,239.00","? 8,956.00",Credit Card,C01503
T009107,28-11-2025,Gaming Chair,Furniture,East,Offline,5,"? 14,464.00","? 72,320.00",Cash,C00733
T009108,02-04-2025,Camera,Electronics,South,Online,4,"? 53,439.00","? 2,13,756.00",Cash,C02304
T009109,11-03-2025,Smartphone,Electronics,South,Online,4,"? 47,224.00","? 1,88,896.00",Cash,C02340
T009110,13-05-2025,Power Bank,Accessories,North,Offline,5,"? 3,419.00","? 17,095.00",Cash,C01165
T009111,06-10-2025,Speaker,Accessories,South,Offline,4,"? 9,419.00","? 37,676.00",UPI,C01313
T009112,17-05-2025,Speaker,Accessories,South,Online,5,"? 3,961.00","? 19,805.00",Credit Card,C00857
T009113,10-11-2025,Smartwatch,Accessories,East,Offline,2,"? 3,087.00","? 6,174.00",UPI,C00144
T009114,06-07-2025,Webcam,Accessories,South,Online,5,"? 8,276.00","? 41,380.00",Net Banking,C00085
T009115,09-08-2025,Power Bank,Accessories,South,Online,2,"? 1,942.00","? 3,884.00",Cash,C00101
T009116,15-02-2025,Mouse,Accessories,East,Online,2,? 685.00,"? 1,370.00",Credit Card,C00205
T009117,05-10-2025,Smartphone,Electronics,South,Online,5,"? 52,892.00","? 2,64,460.00",UPI,C01826
T009118,11-07-2025,Gaming Chair,Furniture,East,Online,4,"? 20,151.00","? 80,604.00",UPI,C02175
T009119,08-01-2025,Router,Networking,East,Online,3,"? 1,641.00","? 4,923.00",Credit Card,C00307
T009120,03-10-2025,Keyboard,Accessories,East,Offline,5,"? 1,096.00","? 5,480.00",UPI,C02308
T009121,28-06-2025,Mouse,Accessories,East,Online,4,"? 1,441.00","? 5,764.00",UPI,C02225
T009122,30-11-2025,Smartwatch,Accessories,North,Online,2,"? 19,939.00","? 39,878.00",Net Banking,C00727
T009123,08-02-2025,Printer,Electronics,North,Online,1,"? 13,054.00","? 13,054.00",UPI,C00200
T009124,20-10-2025,Gaming Chair,Furniture,North,Online,3,"? 18,700.00","? 56,100.00",Credit Card,C00513
T009125,27-06-2025,Headphones,Accessories,North,Online,4,"? 2,028.00","? 8,112.00",Cash,C00434
T009126,11-06-2025,Gaming Chair,Furniture,East,Offline,3,"? 18,368.00","? 55,104.00",Credit Card,C01489
T009127,27-11-2025,Gaming Chair,Furniture,East,Offline,1,"? 29,435.00","? 29,435.00",Credit Card,C01288
T009128,14-04-2025,Router,Networking,East,Offline,1,"? 2,170.00","? 2,170.00",UPI,C00579
T009129,10-06-2025,Camera,Electronics,East,Offline,1,"? 57,362.00","? 57,362.00",Net Banking,C01885
T009130,14-10-2025,Webcam,Accessories,North,Online,5,"? 3,355.00","? 16,775.00",Net Banking,C00118
T009131,03-05-2025,Laptop,Electronics,South,Offline,3,"? 99,087.00","? 2,97,261.00",Credit Card,C00086
T009132,23-02-2025,Gaming Chair,Furniture,North,Offline,5,"? 27,813.00","? 1,39,065.00",Credit Card,C00235
T009133,03-02-2025,Monitor,Electronics,East,Online,1,"? 22,985.00","? 22,985.00",UPI,C00322
T009134,30-08-2025,Webcam,Accessories,East,Offline,4,"? 6,776.00","? 27,104.00",Credit Card,C02306
T009135,23-04-2025,Monitor,Electronics,South,Online,1,"? 18,270.00","? 18,270.00",Credit Card,C02065
T009136,14-11-2025,Mouse,Accessories,East,Online,5,"? 2,406.00","? 12,030.00",UPI,C01609
T009137,23-01-2025,Monitor,Electronics,South,Online,1,"? 21,597.00","? 21,597.00",UPI,C01757
T009138,15-02-2025,Smartphone,Electronics,East,Offline,1,"? 24,880.00","? 24,880.00",Net Banking,C00694
T009139,08-11-2025,Tablet,Electronics,South,Offline,5,"? 30,815.00","? 1,54,075.00",Cash,C01388
T009140,15-05-2025,Printer,Electronics,West,Offline,5,"? 22,953.00","? 1,14,765.00",UPI,C00948
T009141,28-04-2025,Laptop,Electronics,West,Online,4,"? 72,840.00","? 2,91,360.00",UPI,C00769
T009142,08-07-2025,Monitor,Electronics,West,Offline,5,"? 20,886.00","? 1,04,430.00",Credit Card,C00395
T009143,11-05-2025,Monitor,Electronics,West,Online,4,"? 25,530.00","? 1,02,120.00",UPI,C00790
T009144,31-07-2025,Mouse,Accessories,East,Online,2,"? 1,264.00","? 2,528.00",Credit Card,C01698
T009145,23-04-2025,Router,Networking,East,Offline,2,"? 6,400.00","? 12,800.00",UPI,C00897
T009146,13-02-2025,Gaming Chair,Furniture,East,Online,5,"? 20,601.00","? 1,03,005.00",UPI,C02381
T009147,08-05-2025,Speaker,Accessories,West,Online,1,"? 1,527.00","? 1,527.00",Cash,C00366
T009148,30-12-2025,Smartwatch,Accessories,South,Online,3,"? 17,301.00","? 51,903.00",UPI,C00817
T009149,07-06-2025,Headphones,Accessories,South,Online,1,"? 6,349.00","? 6,349.00",Credit Card,C01706
T009150,30-09-2025,Camera,Electronics,West,Online,5,"? 86,565.00","? 4,32,825.00",UPI,C00604
T009151,11-11-2025,Camera,Electronics,East,Online,4,"? 54,764.00","? 2,19,056.00",UPI,C00230
T009152,21-12-2025,Router,Networking,West,Online,1,"? 2,841.00","? 2,841.00",UPI,C01786
T009153,06-12-2025,Webcam,Accessories,North,Online,2,"? 3,587.00","? 7,174.00",Net Banking,C02276
T009154,14-02-2025,Camera,Electronics,South,Online,5,"? 45,256.00","? 2,26,280.00",Credit Card,C01732
T009155,18-04-2025,Gaming Chair,Furniture,West,Offline,1,"? 8,374.00","? 8,374.00",Cash,C00932
T009156,07-08-2025,Camera,Electronics,West,Offline,1,"? 64,329.00","? 64,329.00",Net Banking,C00696
T009157,14-11-2025,Keyboard,Accessories,West,Offline,4,"? 3,745.00","? 14,980.00",UPI,C01605
T009158,11-11-2025,Power Bank,Accessories,West,Offline,4,"? 3,137.00","? 12,548.00",Net Banking,C01070
T009159,26-06-2025,Speaker,Accessories,East,Online,4,"? 7,449.00","? 29,796.00",Cash,C00015
T009160,16-08-2025,Laptop,Electronics,South,Offline,3,"? 83,573.00","? 2,50,719.00",UPI,C01367
T009161,10-07-2025,Router,Networking,North,Offline,5,"? 7,852.00","? 39,260.00",Net Banking,C00136
T009162,09-06-2025,Smartwatch,Accessories,East,Online,5,"? 8,470.00","? 42,350.00",UPI,C01658
T009163,24-09-2025,Gaming Chair,Furniture,West,Online,2,"? 8,278.00","? 16,556.00",Net Banking,C01291
T009164,24-12-2025,Headphones,Accessories,West,Offline,2,"? 2,405.00","? 4,810.00",Credit Card,C00685
T009165,22-11-2025,Headphones,Accessories,West,Online,5,"? 9,979.00","? 49,895.00",Cash,C00622
T009166,09-07-2025,Mouse,Accessories,West,Offline,1,"? 1,351.00","? 1,351.00",Credit Card,C01823
T009167,24-06-2025,Printer,Electronics,South,Offline,5,"? 23,716.00","? 1,18,580.00",Credit Card,C02223
T009168,17-10-2025,Monitor,Electronics,West,Online,3,"? 16,065.00","? 48,195.00",Cash,C00501
T009169,23-12-2025,Speaker,Accessories,North,Online,2,"? 14,064.00","? 28,128.00",Net Banking,C01346
T009170,25-05-2025,Router,Networking,East,Offline,2,"? 4,647.00","? 9,294.00",UPI,C00876
T009171,20-08-2025,Gaming Chair,Furniture,South,Online,2,"? 15,992.00","? 31,984.00",Net Banking,C02416
T009172,26-12-2025,Power Bank,Accessories,West,Offline,5,"? 4,249.00","? 21,245.00",Net Banking,C00776
T009173,23-07-2025,Monitor,Electronics,North,Online,2,"? 8,432.00","? 16,864.00",Credit Card,C00409
T009174,01-08-2025,Smartwatch,Accessories,East,Offline,2,"? 3,009.00","? 6,018.00",Credit Card,C01694
T009175,09-02-2025,Keyboard,Accessories,East,Online,5,"? 4,549.00","? 22,745.00",Credit Card,C00408
T009176,02-10-2025,Smartphone,Electronics,South,Offline,1,"? 20,191.00","? 20,191.00",UPI,C00308
T009177,19-11-2025,Router,Networking,East,Online,2,"? 1,816.00","? 3,632.00",Credit Card,C00063
T009178,23-03-2025,Speaker,Accessories,West,Online,2,"? 6,807.00","? 13,614.00",UPI,C02109
T009179,30-06-2025,Gaming Chair,Furniture,West,Offline,2,"? 12,216.00","? 24,432.00",Credit Card,C00507
T009180,16-11-2025,Tablet,Electronics,North,Online,3,"? 11,365.00","? 34,095.00",Credit Card,C00256
T009181,24-03-2025,Smartwatch,Accessories,North,Online,5,"? 8,796.00","? 43,980.00",Cash,C00077
T009182,30-10-2025,Smartphone,Electronics,East,Online,2,"? 24,127.00","? 48,254.00",UPI,C01911
T009183,19-09-2025,Tablet,Electronics,South,Online,3,"? 29,902.00","? 89,706.00",Net Banking,C00090
T009184,29-09-2025,Headphones,Accessories,West,Online,1,"? 3,768.00","? 3,768.00",Net Banking,C00365
T009185,19-07-2025,Keyboard,Accessories,East,Offline,1,"? 1,195.00","? 1,195.00",Net Banking,C01827
T009186,28-08-2025,Smartwatch,Accessories,South,Online,3,"? 5,592.00","? 16,776.00",Credit Card,C02320
T009187,29-06-2025,Camera,Electronics,East,Online,1,"? 87,768.00","? 87,768.00",UPI,C00649
T009188,20-06-2025,Headphones,Accessories,South,Online,4,"? 9,048.00","? 36,192.00",Cash,C01299
T009189,22-10-2025,Router,Networking,North,Offline,1,"? 4,435.00","? 4,435.00",Credit Card,C01960
T009190,26-06-2025,Webcam,Accessories,West,Offline,4,"? 8,219.00","? 32,876.00",UPI,C00040
T009191,25-08-2025,Smartphone,Electronics,North,Online,3,"? 19,445.00","? 58,335.00",Cash,C02222
T009192,18-05-2025,Power Bank,Accessories,West,Offline,4,"? 3,167.00","? 12,668.00",Cash,C01523
T009193,23-11-2025,Speaker,Accessories,South,Offline,1,"? 12,276.00","? 12,276.00",Credit Card,C00666
T009194,07-11-2025,Smartwatch,Accessories,South,Online,2,"? 8,555.00","? 17,110.00",Net Banking,C00326
T009195,09-05-2025,Smartwatch,Accessories,East,Online,4,"? 19,289.00","? 77,156.00",UPI,C00725
T009196,18-02-2025,Speaker,Accessories,South,Online,1,"? 9,668.00","? 9,668.00",Credit Card,C00283
T009197,13-06-2025,Mouse,Accessories,South,Online,2,"? 2,227.00","? 4,454.00",Net Banking,C01318
T009198,04-10-2025,Laptop,Electronics,East,Offline,3,"? 78,298.00","? 2,34,894.00",Net Banking,C00214
T009199,20-10-2025,Headphones,Accessories,East,Offline,3,"? 11,772.00","? 35,316.00",UPI,C02007
T009200,26-04-2025,Speaker,Accessories,West,Offline,5,"? 6,097.00","? 30,485.00",UPI,C00089
T009201,24-01-2025,Smartwatch,Accessories,South,Online,3,"? 15,465.00","? 46,395.00",Cash,C01607
T009202,07-11-2025,Monitor,Electronics,East,Offline,5,"? 13,009.00","? 65,045.00",Cash,C01870
T009203,25-01-2025,Power Bank,Accessories,West,Online,3,"? 2,315.00","? 6,945.00",Cash,C00384
T009204,07-05-2025,Webcam,Accessories,West,Online,3,"? 8,708.00","? 26,124.00",Net Banking,C01193
T009205,22-08-2025,Power Bank,Accessories,North,Offline,3,"? 3,803.00","? 11,409.00",UPI,C00826
T009206,28-07-2025,Monitor,Electronics,East,Online,5,"? 32,687.00","? 1,63,435.00",Credit Card,C01949
T009207,03-04-2025,Laptop,Electronics,North,Online,5,"? 89,374.00","? 4,46,870.00",UPI,C00435
T009208,04-04-2025,Smartwatch,Accessories,West,Offline,4,"? 12,666.00","? 50,664.00",UPI,C00319
T009209,23-11-2025,Camera,Electronics,South,Offline,1,"? 51,709.00","? 51,709.00",UPI,C02067
T009210,13-08-2025,Laptop,Electronics,East,Online,1,"? 98,903.00","? 98,903.00",Credit Card,C01077
T009211,07-10-2025,Laptop,Electronics,East,Offline,1,"? 92,850.00","? 92,850.00",UPI,C00865
T009212,11-01-2025,Smartphone,Electronics,West,Offline,3,"? 56,266.00","? 1,68,798.00",Cash,C02477
T009213,25-11-2025,Smartphone,Electronics,East,Online,1,"? 45,818.00","? 45,818.00",Credit Card,C01547
T009214,12-01-2025,Webcam,Accessories,West,Online,5,"? 9,812.00","? 49,060.00",UPI,C00105
T009215,04-02-2025,Webcam,Accessories,East,Offline,4,"? 9,269.00","? 37,076.00",Cash,C00733
T009216,16-08-2025,Printer,Electronics,East,Online,2,"? 20,986.00","? 41,972.00",UPI,C00342
T009217,08-08-2025,Headphones,Accessories,South,Online,4,"? 10,469.00","? 41,876.00",Credit Card,C02068
T009218,21-05-2025,Tablet,Electronics,West,Offline,1,"? 44,195.00","? 44,195.00",Net Banking,C00856
T009219,23-01-2025,Speaker,Accessories,North,Offline,1,"? 7,113.00","? 7,113.00",UPI,C00988
T009220,24-03-2025,Laptop,Electronics,South,Online,5,"? 85,870.00","? 4,29,350.00",Credit Card,C00255
T009221,17-08-2025,Power Bank,Accessories,West,Online,4,"? 1,985.00","? 7,940.00",UPI,C00642
T009222,10-12-2025,Smartphone,Electronics,East,Offline,5,"? 65,607.00","? 3,28,035.00",Credit Card,C00424
T009223,21-03-2025,Keyboard,Accessories,West,Online,5,"? 1,879.00","? 9,395.00",UPI,C02194
T009224,19-12-2025,Printer,Electronics,West,Offline,2,"? 7,346.00","? 14,692.00",Credit Card,C01106
T009225,17-10-2025,Smartwatch,Accessories,South,Offline,5,"? 10,820.00","? 54,100.00",Cash,C01839
T009226,27-11-2025,Headphones,Accessories,West,Online,5,"? 2,214.00","? 11,070.00",Net Banking,C01457
T009227,08-06-2025,Router,Networking,East,Offline,2,"? 6,795.00","? 13,590.00",Credit Card,C00375
T009228,08-05-2025,Smartwatch,Accessories,North,Offline,3,"? 3,961.00","? 11,883.00",UPI,C00760
T009229,09-07-2025,Printer,Electronics,North,Online,3,"? 25,379.00","? 76,137.00",Credit Card,C00919
T009230,31-01-2025,Power Bank,Accessories,East,Online,2,"? 2,347.00","? 4,694.00",UPI,C00047
T009231,25-12-2025,Router,Networking,North,Online,5,"? 7,190.00","? 35,950.00",Credit Card,C00500
T009232,15-01-2025,Mouse,Accessories,South,Online,1,"? 1,219.00","? 1,219.00",Cash,C01148
T009233,09-11-2025,Monitor,Electronics,West,Online,4,"? 27,242.00","? 1,08,968.00",Cash,C02393
T009234,16-03-2025,Webcam,Accessories,West,Online,1,"? 2,261.00","? 2,261.00",Credit Card,C00429
T009235,03-02-2025,Headphones,Accessories,North,Online,1,"? 6,458.00","? 6,458.00",Net Banking,C00789
T009236,25-12-2025,Speaker,Accessories,North,Online,5,"? 12,058.00","? 60,290.00",Net Banking,C01455
T009237,15-07-2025,Monitor,Electronics,North,Online,4,"? 18,033.00","? 72,132.00",Net Banking,C01056
T009238,27-11-2025,Keyboard,Accessories,South,Online,4,"? 2,196.00","? 8,784.00",Credit Card,C02034
T009239,29-01-2025,Smartwatch,Accessories,West,Online,3,"? 11,435.00","? 34,305.00",Credit Card,C00787
T009240,13-07-2025,Router,Networking,West,Online,2,"? 6,082.00","? 12,164.00",UPI,C01170
T009241,16-01-2025,Power Bank,Accessories,East,Offline,5,"? 2,843.00","? 14,215.00",Net Banking,C01117
T009242,18-03-2025,Mouse,Accessories,East,Online,4,? 916.00,"? 3,664.00",UPI,C00246
T009243,20-10-2025,Keyboard,Accessories,South,Offline,5,"? 1,534.00","? 7,670.00",Cash,C01685
T009244,22-03-2025,Tablet,Electronics,West,Online,3,"? 27,007.00","? 81,021.00",UPI,C00304
T009245,04-05-2025,Smartwatch,Accessories,West,Offline,1,"? 19,431.00","? 19,431.00",Credit Card,C02025
T009246,19-01-2025,Printer,Electronics,East,Online,4,"? 23,948.00","? 95,792.00",Net Banking,C00450
T009247,12-04-2025,Mouse,Accessories,East,Offline,3,"? 1,555.00","? 4,665.00",Net Banking,C00941
T009248,18-03-2025,Power Bank,Accessories,West,Online,5,"? 1,296.00","? 6,480.00",Net Banking,C00534
T009249,17-08-2025,Headphones,Accessories,South,Offline,3,"? 11,621.00","? 34,863.00",Credit Card,C02472
T009250,24-10-2025,Mouse,Accessories,North,Online,3,"? 2,663.00","? 7,989.00",Cash,C02086
T009251,22-07-2025,Smartwatch,Accessories,South,Online,3,"? 18,926.00","? 56,778.00",UPI,C01906
T009252,02-03-2025,Speaker,Accessories,West,Online,3,"? 2,415.00","? 7,245.00",Credit Card,C00882
T009253,26-01-2025,Router,Networking,North,Offline,3,"? 3,301.00","? 9,903.00",Cash,C02263
T009254,12-03-2025,Webcam,Accessories,South,Offline,3,"? 1,581.00","? 4,743.00",UPI,C00953
T009255,13-04-2025,Smartphone,Electronics,South,Online,2,"? 61,049.00","? 1,22,098.00",Cash,C02304
T009256,22-11-2025,Router,Networking,West,Offline,5,"? 2,679.00","? 13,395.00",Cash,C01530
T009257,29-12-2025,Keyboard,Accessories,East,Offline,1,? 865.00,? 865.00,Credit Card,C01456
T009258,06-06-2025,Mouse,Accessories,South,Online,5,"? 2,655.00","? 13,275.00",Net Banking,C01499
T009259,29-12-2025,Monitor,Electronics,South,Offline,4,"? 10,071.00","? 40,284.00",UPI,C00557
T009260,25-12-2025,Keyboard,Accessories,East,Online,4,"? 1,506.00","? 6,024.00",UPI,C02263
T009261,13-07-2025,Monitor,Electronics,South,Online,5,"? 31,414.00","? 1,57,070.00",Credit Card,C02364
T009262,02-10-2025,Mouse,Accessories,South,Offline,3,? 731.00,"? 2,193.00",UPI,C00773
T009263,20-11-2025,Smartphone,Electronics,East,Online,2,"? 61,641.00","? 1,23,282.00",Credit Card,C00914
T009264,05-07-2025,Gaming Chair,Furniture,West,Offline,1,"? 15,145.00","? 15,145.00",UPI,C00989
T009265,22-11-2025,Keyboard,Accessories,West,Offline,3,"? 4,290.00","? 12,870.00",UPI,C00990
T009266,23-04-2025,Printer,Electronics,West,Offline,5,"? 15,726.00","? 78,630.00",Net Banking,C01533
T009267,09-11-2025,Power Bank,Accessories,North,Online,5,? 980.00,"? 4,900.00",Credit Card,C02023
T009268,14-06-2025,Keyboard,Accessories,West,Online,2,"? 2,016.00","? 4,032.00",Credit Card,C01665
T009269,02-03-2025,Headphones,Accessories,North,Online,2,"? 7,112.00","? 14,224.00",Net Banking,C01192
T009270,02-04-2025,Mouse,Accessories,North,Offline,5,"? 1,506.00","? 7,530.00",Net Banking,C00951
T009271,13-10-2025,Tablet,Electronics,North,Online,3,"? 11,589.00","? 34,767.00",Cash,C00863
T009272,02-06-2025,Smartwatch,Accessories,East,Online,3,"? 10,679.00","? 32,037.00",Credit Card,C01191
T009273,13-08-2025,Laptop,Electronics,North,Online,3,"? 58,803.00","? 1,76,409.00",Cash,C01631
T009274,07-05-2025,Webcam,Accessories,North,Online,1,"? 4,920.00","? 4,920.00",Cash,C02043
T009275,12-07-2025,Camera,Electronics,East,Online,1,"? 80,538.00","? 80,538.00",UPI,C00588
T009276,25-04-2025,Tablet,Electronics,South,Online,3,"? 49,982.00","? 1,49,946.00",UPI,C01271
T009277,19-09-2025,Monitor,Electronics,South,Online,5,"? 25,840.00","? 1,29,200.00",Credit Card,C00683
T009278,18-01-2025,Printer,Electronics,North,Offline,2,"? 16,385.00","? 32,770.00",UPI,C01328
T009279,10-01-2025,Printer,Electronics,West,Offline,4,"? 21,889.00","? 87,556.00",Credit Card,C01505
T009280,02-04-2025,Webcam,Accessories,South,Offline,2,"? 5,997.00","? 11,994.00",Credit Card,C00294
T009281,19-05-2025,Camera,Electronics,West,Online,2,"? 24,583.00","? 49,166.00",Cash,C00858
T009282,29-11-2025,Smartphone,Electronics,East,Offline,4,"? 41,690.00","? 1,66,760.00",Credit Card,C00254
T009283,23-12-2025,Headphones,Accessories,South,Offline,3,"? 11,328.00","? 33,984.00",UPI,C02492
T009284,06-12-2025,Smartwatch,Accessories,East,Offline,2,"? 18,238.00","? 36,476.00",Cash,C00913
T009285,21-02-2025,Webcam,Accessories,North,Online,4,"? 7,845.00","? 31,380.00",UPI,C01189
T009286,14-07-2025,Tablet,Electronics,South,Offline,5,"? 32,955.00","? 1,64,775.00",UPI,C02319
T009287,25-07-2025,Router,Networking,North,Online,5,"? 6,798.00","? 33,990.00",Net Banking,C01812
T009288,14-10-2025,Speaker,Accessories,North,Online,5,"? 1,578.00","? 7,890.00",Net Banking,C00670
T009289,03-04-2025,Laptop,Electronics,East,Online,3,"? 55,652.00","? 1,66,956.00",UPI,C00912
T009290,05-11-2025,Keyboard,Accessories,South,Offline,2,"? 1,077.00","? 2,154.00",Cash,C01580
T009291,25-05-2025,Gaming Chair,Furniture,South,Offline,2,"? 24,548.00","? 49,096.00",Credit Card,C01723
T009292,27-03-2025,Webcam,Accessories,South,Online,1,"? 9,467.00","? 9,467.00",UPI,C00159
T009293,02-06-2025,Camera,Electronics,North,Offline,5,"? 31,176.00","? 1,55,880.00",Cash,C01321
T009294,02-01-2025,Smartphone,Electronics,South,Online,3,"? 53,709.00","? 1,61,127.00",Credit Card,C01612
T009295,08-12-2025,Printer,Electronics,West,Online,4,"? 7,146.00","? 28,584.00",Credit Card,C00386
T009296,17-09-2025,Laptop,Electronics,West,Online,3,"? 98,726.00","? 2,96,178.00",Cash,C01544
T009297,13-06-2025,Speaker,Accessories,North,Online,2,"? 10,755.00","? 21,510.00",UPI,C01102
T009298,06-01-2025,Printer,Electronics,East,Online,5,"? 8,216.00","? 41,080.00",UPI,C01643
T009299,29-05-2025,Mouse,Accessories,West,Online,1,"? 1,753.00","? 1,753.00",UPI,C01064
T009300,24-07-2025,Speaker,Accessories,East,Offline,3,"? 2,963.00","? 8,889.00",Cash,C02366
T009301,28-04-2025,Router,Networking,South,Offline,1,"? 4,970.00","? 4,970.00",Cash,C01594
T009302,30-03-2025,Camera,Electronics,West,Online,2,"? 37,900.00","? 75,800.00",Cash,C01351
T009303,03-06-2025,Smartphone,Electronics,North,Offline,4,"? 26,242.00","? 1,04,968.00",Net Banking,C00174
T009304,16-06-2025,Gaming Chair,Furniture,North,Online,3,"? 12,423.00","? 37,269.00",Credit Card,C00359
T009305,10-06-2025,Keyboard,Accessories,East,Online,2,"? 2,226.00","? 4,452.00",Cash,C01690
T009306,27-09-2025,Monitor,Electronics,North,Online,5,"? 34,968.00","? 1,74,840.00",Cash,C00810
T009307,25-02-2025,Webcam,Accessories,East,Online,3,"? 2,288.00","? 6,864.00",Credit Card,C00943
T009308,16-08-2025,Smartphone,Electronics,East,Online,1,"? 28,606.00","? 28,606.00",Cash,C00434
T009309,03-12-2025,Webcam,Accessories,West,Online,3,"? 8,921.00","? 26,763.00",UPI,C00429
T009310,29-05-2025,Smartwatch,Accessories,West,Online,2,"? 4,548.00","? 9,096.00",Cash,C01945
T009311,15-02-2025,Router,Networking,North,Offline,2,"? 6,157.00","? 12,314.00",Credit Card,C02356
T009312,24-05-2025,Power Bank,Accessories,East,Offline,1,"? 1,315.00","? 1,315.00",UPI,C01682
T009313,26-08-2025,Speaker,Accessories,West,Offline,2,"? 8,140.00","? 16,280.00",Credit Card,C01415
T009314,29-09-2025,Keyboard,Accessories,South,Offline,3,"? 3,762.00","? 11,286.00",Cash,C00278
T009315,30-04-2025,Tablet,Electronics,North,Online,1,"? 48,049.00","? 48,049.00",Cash,C02422
T009316,06-12-2025,Gaming Chair,Furniture,North,Offline,2,"? 12,762.00","? 25,524.00",Net Banking,C00168
T009317,08-08-2025,Power Bank,Accessories,South,Online,2,"? 2,367.00","? 4,734.00",Credit Card,C01460
T009318,08-01-2025,Smartphone,Electronics,South,Offline,3,"? 24,640.00","? 73,920.00",Cash,C02418
T009319,10-12-2025,Webcam,Accessories,South,Offline,2,"? 2,466.00","? 4,932.00",Cash,C02427
T009320,02-10-2025,Speaker,Accessories,West,Online,3,"? 7,576.00","? 22,728.00",UPI,C02125
T009321,19-12-2025,Keyboard,Accessories,South,Online,5,"? 1,063.00","? 5,315.00",UPI,C00569
T009322,07-03-2025,Tablet,Electronics,North,Online,3,"? 42,875.00","? 1,28,625.00",UPI,C02147
T009323,20-03-2025,Smartphone,Electronics,West,Online,4,"? 38,565.00","? 1,54,260.00",UPI,C02211
T009324,27-03-2025,Webcam,Accessories,East,Offline,2,"? 5,916.00","? 11,832.00",Credit Card,C01299
T009325,04-05-2025,Laptop,Electronics,South,Offline,5,"? 50,509.00","? 2,52,545.00",Net Banking,C02445
T009326,21-07-2025,Gaming Chair,Furniture,North,Online,1,"? 14,815.00","? 14,815.00",Cash,C00344
T009327,30-05-2025,Monitor,Electronics,South,Online,4,"? 17,256.00","? 69,024.00",Credit Card,C00543
T009328,15-02-2025,Laptop,Electronics,East,Online,1,"? 98,783.00","? 98,783.00",UPI,C01054
T009329,23-04-2025,Power Bank,Accessories,West,Offline,4,"? 2,238.00","? 8,952.00",UPI,C00154
T009330,01-04-2025,Webcam,Accessories,East,Offline,5,"? 5,371.00","? 26,855.00",Credit Card,C01916
T009331,21-05-2025,Smartwatch,Accessories,West,Online,5,"? 17,953.00","? 89,765.00",Net Banking,C00332
T009332,16-10-2025,Speaker,Accessories,North,Offline,5,"? 8,008.00","? 40,040.00",UPI,C02455
T009333,06-08-2025,Keyboard,Accessories,North,Offline,4,"? 4,200.00","? 16,800.00",Cash,C00126
T009334,18-03-2025,Speaker,Accessories,North,Online,3,"? 3,699.00","? 11,097.00",Cash,C01308
T009335,30-11-2025,Power Bank,Accessories,East,Offline,1,"? 4,701.00","? 4,701.00",Credit Card,C01871
T009336,01-06-2025,Power Bank,Accessories,South,Online,3,"? 3,070.00","? 9,210.00",Net Banking,C02491
T009337,19-11-2025,Tablet,Electronics,South,Online,3,"? 48,153.00","? 1,44,459.00",UPI,C01845
T009338,27-08-2025,Gaming Chair,Furniture,East,Online,2,"? 8,229.00","? 16,458.00",UPI,C00162
T009339,25-04-2025,Mouse,Accessories,South,Offline,1,"? 2,886.00","? 2,886.00",UPI,C01385
T009340,15-11-2025,Smartphone,Electronics,East,Online,4,"? 39,725.00","? 1,58,900.00",UPI,C00130
T009341,04-04-2025,Mouse,Accessories,South,Offline,2,"? 1,309.00","? 2,618.00",UPI,C02329
T009342,17-02-2025,Smartphone,Electronics,West,Offline,2,"? 26,720.00","? 53,440.00",Credit Card,C01880
T009343,10-07-2025,Smartwatch,Accessories,North,Offline,5,"? 19,361.00","? 96,805.00",UPI,C01476
T009344,12-01-2025,Mouse,Accessories,South,Offline,4,"? 1,034.00","? 4,136.00",UPI,C01158
T009345,05-06-2025,Speaker,Accessories,East,Online,3,"? 7,489.00","? 22,467.00",Net Banking,C00895
T009346,21-06-2025,Speaker,Accessories,West,Online,3,"? 6,217.00","? 18,651.00",UPI,C00690
T009347,23-10-2025,Gaming Chair,Furniture,South,Online,3,"? 26,574.00","? 79,722.00",Cash,C00005
T009348,26-06-2025,Tablet,Electronics,South,Online,5,"? 23,235.00","? 1,16,175.00",Credit Card,C01846
T009349,07-12-2025,Gaming Chair,Furniture,East,Offline,3,"? 13,189.00","? 39,567.00",Cash,C00778
T009350,26-02-2025,Speaker,Accessories,West,Offline,1,"? 13,841.00","? 13,841.00",UPI,C02130
T009351,09-12-2025,Headphones,Accessories,North,Online,3,"? 5,939.00","? 17,817.00",Credit Card,C00221
T009352,06-12-2025,Laptop,Electronics,East,Offline,3,"? 73,465.00","? 2,20,395.00",UPI,C01630
T009353,22-07-2025,Tablet,Electronics,South,Offline,1,"? 46,242.00","? 46,242.00",UPI,C00875
T009354,04-07-2025,Printer,Electronics,North,Offline,5,"? 29,079.00","? 1,45,395.00",Credit Card,C02117
T009355,01-05-2025,Camera,Electronics,South,Online,2,"? 21,865.00","? 43,730.00",UPI,C01542
T009356,14-08-2025,Smartwatch,Accessories,East,Offline,4,"? 2,298.00","? 9,192.00",Credit Card,C01742
T009357,21-07-2025,Webcam,Accessories,West,Online,5,"? 4,239.00","? 21,195.00",Credit Card,C01552
T009358,26-11-2025,Webcam,Accessories,North,Online,3,"? 8,201.00","? 24,603.00",Credit Card,C00142
T009359,29-12-2025,Monitor,Electronics,East,Online,2,"? 11,725.00","? 23,450.00",UPI,C00801
T009360,22-12-2025,Smartphone,Electronics,East,Online,4,"? 42,967.00","? 1,71,868.00",Net Banking,C01381
T009361,04-08-2025,Tablet,Electronics,North,Online,4,"? 14,540.00","? 58,160.00",UPI,C00965
T009362,12-02-2025,Mouse,Accessories,West,Online,4,? 497.00,"? 1,988.00",Credit Card,C01960
T009363,23-01-2025,Gaming Chair,Furniture,South,Offline,1,"? 18,297.00","? 18,297.00",Credit Card,C02088
T009364,04-06-2025,Camera,Electronics,North,Offline,1,"? 57,582.00","? 57,582.00",UPI,C00994
T009365,05-07-2025,Headphones,Accessories,East,Offline,2,"? 7,134.00","? 14,268.00",Credit Card,C02293
T009366,06-09-2025,Printer,Electronics,North,Online,3,"? 21,386.00","? 64,158.00",UPI,C00262
T009367,25-08-2025,Gaming Chair,Furniture,North,Offline,2,"? 27,906.00","? 55,812.00",Credit Card,C01992
T009368,20-10-2025,Mouse,Accessories,West,Offline,3,? 722.00,"? 2,166.00",Credit Card,C00543
T009369,14-05-2025,Gaming Chair,Furniture,West,Online,5,"? 14,818.00","? 74,090.00",Cash,C02082
T009370,17-11-2025,Speaker,Accessories,South,Offline,4,"? 9,624.00","? 38,496.00",UPI,C00488
T009371,22-01-2025,Power Bank,Accessories,North,Offline,4,"? 1,645.00","? 6,580.00",Credit Card,C01781
T009372,27-12-2025,Laptop,Electronics,West,Online,1,"? 54,185.00","? 54,185.00",Credit Card,C01859
T009373,29-03-2025,Headphones,Accessories,West,Offline,5,"? 5,226.00","? 26,130.00",Cash,C02342
T009374,02-06-2025,Camera,Electronics,East,Offline,5,"? 27,692.00","? 1,38,460.00",Cash,C02259
T009375,05-05-2025,Speaker,Accessories,West,Offline,3,"? 10,744.00","? 32,232.00",Net Banking,C00887
T009376,20-03-2025,Keyboard,Accessories,North,Offline,5,"? 4,548.00","? 22,740.00",Credit Card,C00888
T009377,12-12-2025,Keyboard,Accessories,North,Offline,1,"? 4,315.00","? 4,315.00",Credit Card,C00379
T009378,20-02-2025,Camera,Electronics,East,Offline,3,"? 23,157.00","? 69,471.00",Cash,C01783
T009379,04-08-2025,Keyboard,Accessories,East,Offline,2,"? 2,805.00","? 5,610.00",Credit Card,C02381
T009380,25-06-2025,Smartwatch,Accessories,East,Offline,3,"? 7,176.00","? 21,528.00",Cash,C00277
T009381,24-12-2025,Tablet,Electronics,North,Offline,2,"? 43,761.00","? 87,522.00",Credit Card,C01700
T009382,10-09-2025,Smartphone,Electronics,North,Offline,3,"? 28,705.00","? 86,115.00",Net Banking,C00498
T009383,03-09-2025,Tablet,Electronics,South,Online,4,"? 29,480.00","? 1,17,920.00",Cash,C01415
T009384,15-08-2025,Printer,Electronics,West,Offline,2,"? 6,189.00","? 12,378.00",UPI,C02125
T009385,16-04-2025,Tablet,Electronics,East,Online,1,"? 41,678.00","? 41,678.00",Net Banking,C02467
T009386,12-07-2025,Tablet,Electronics,West,Online,2,"? 36,699.00","? 73,398.00",Net Banking,C00609
T009387,12-11-2025,Laptop,Electronics,West,Online,2,"? 76,994.00","? 1,53,988.00",Cash,C01267
T009388,29-10-2025,Smartphone,Electronics,South,Online,3,"? 44,570.00","? 1,33,710.00",Net Banking,C00359
T009389,05-02-2025,Speaker,Accessories,North,Online,4,"? 4,398.00","? 17,592.00",UPI,C00251
T009390,23-07-2025,Power Bank,Accessories,West,Offline,3,"? 2,766.00","? 8,298.00",Credit Card,C00278
T009391,24-09-2025,Tablet,Electronics,East,Offline,3,"? 30,633.00","? 91,899.00",Net Banking,C00171
T009392,25-09-2025,Smartphone,Electronics,East,Online,4,"? 69,540.00","? 2,78,160.00",Cash,C01203
T009393,19-06-2025,Monitor,Electronics,North,Offline,3,"? 15,046.00","? 45,138.00",Credit Card,C01520
T009394,08-02-2025,Keyboard,Accessories,North,Offline,4,"? 4,111.00","? 16,444.00",UPI,C00376
T009395,19-05-2025,Mouse,Accessories,North,Online,1,"? 1,446.00","? 1,446.00",UPI,C00278
T009396,19-10-2025,Laptop,Electronics,East,Online,4,"? 77,149.00","? 3,08,596.00",Net Banking,C02383
T009397,21-02-2025,Keyboard,Accessories,North,Online,5,"? 1,305.00","? 6,525.00",UPI,C01042
T009398,14-10-2025,Smartphone,Electronics,South,Offline,4,"? 65,518.00","? 2,62,072.00",Cash,C02348
T009399,16-10-2025,Router,Networking,South,Online,4,"? 4,426.00","? 17,704.00",Credit Card,C00109
T009400,21-05-2025,Webcam,Accessories,East,Offline,5,"? 7,982.00","? 39,910.00",UPI,C01056
T009401,26-05-2025,Keyboard,Accessories,South,Online,4,"? 2,658.00","? 10,632.00",UPI,C01466
T009402,10-11-2025,Tablet,Electronics,West,Online,2,"? 19,256.00","? 38,512.00",Credit Card,C01080
T009403,03-07-2025,Mouse,Accessories,North,Online,3,"? 2,099.00","? 6,297.00",Credit Card,C01764
T009404,01-06-2025,Tablet,Electronics,South,Online,3,"? 10,517.00","? 31,551.00",Credit Card,C02495
T009405,20-07-2025,Printer,Electronics,North,Offline,1,"? 18,425.00","? 18,425.00",UPI,C00601
T009406,08-05-2025,Tablet,Electronics,South,Online,1,"? 31,602.00","? 31,602.00",Credit Card,C00889
T009407,14-10-2025,Mouse,Accessories,North,Online,5,"? 2,788.00","? 13,940.00",Credit Card,C00132
T009408,07-11-2025,Power Bank,Accessories,East,Online,2,"? 4,607.00","? 9,214.00",Cash,C01262
T009409,10-09-2025,Headphones,Accessories,West,Offline,1,"? 6,435.00","? 6,435.00",Credit Card,C00250
T009410,23-09-2025,Monitor,Electronics,North,Offline,3,"? 18,781.00","? 56,343.00",Credit Card,C01066
T009411,07-07-2025,Gaming Chair,Furniture,West,Offline,1,"? 26,656.00","? 26,656.00",Net Banking,C00997
T009412,18-08-2025,Smartphone,Electronics,North,Offline,1,"? 63,965.00","? 63,965.00",UPI,C00231
T009413,28-09-2025,Monitor,Electronics,East,Offline,4,"? 10,308.00","? 41,232.00",Cash,C01910
T009414,16-09-2025,Printer,Electronics,West,Online,1,"? 10,792.00","? 10,792.00",Net Banking,C00828
T009415,26-10-2025,Router,Networking,South,Online,5,"? 2,310.00","? 11,550.00",Credit Card,C00404
T009416,17-07-2025,Monitor,Electronics,West,Online,3,"? 19,955.00","? 59,865.00",UPI,C02239
T009417,19-11-2025,Keyboard,Accessories,North,Online,5,? 776.00,"? 3,880.00",Cash,C00127
T009418,25-02-2025,Camera,Electronics,West,Offline,5,"? 38,693.00","? 1,93,465.00",UPI,C01669
T009419,15-11-2025,Laptop,Electronics,East,Offline,2,"? 90,676.00","? 1,81,352.00",Cash,C02425
T009420,22-07-2025,Mouse,Accessories,West,Online,4,"? 1,425.00","? 5,700.00",Credit Card,C00575
T009421,28-09-2025,Laptop,Electronics,West,Online,5,"? 76,640.00","? 3,83,200.00",UPI,C00240
T009422,19-04-2025,Mouse,Accessories,West,Offline,2,? 743.00,"? 1,486.00",UPI,C01467
T009423,26-04-2025,Gaming Chair,Furniture,South,Offline,3,"? 23,371.00","? 70,113.00",Cash,C00279
T009424,02-04-2025,Smartphone,Electronics,West,Online,3,"? 28,227.00","? 84,681.00",UPI,C00688
T009425,18-05-2025,Monitor,Electronics,North,Online,2,"? 18,933.00","? 37,866.00",Cash,C01414
T009426,30-10-2025,Smartphone,Electronics,North,Offline,5,"? 44,517.00","? 2,22,585.00",UPI,C00363
T009427,26-02-2025,Tablet,Electronics,West,Offline,5,"? 39,702.00","? 1,98,510.00",UPI,C00174
T009428,19-02-2025,Router,Networking,West,Online,4,"? 7,889.00","? 31,556.00",Credit Card,C00855
T009429,12-03-2025,Power Bank,Accessories,South,Online,4,"? 4,799.00","? 19,196.00",Net Banking,C02305
T009430,23-03-2025,Tablet,Electronics,East,Offline,3,"? 29,942.00","? 89,826.00",UPI,C02148
T009431,15-04-2025,Laptop,Electronics,North,Offline,4,"? 74,392.00","? 2,97,568.00",Net Banking,C01372
T009432,29-03-2025,Smartwatch,Accessories,South,Online,2,"? 19,229.00","? 38,458.00",UPI,C01176
T009433,02-01-2025,Smartwatch,Accessories,North,Offline,3,"? 14,240.00","? 42,720.00",UPI,C02294
T009434,26-12-2025,Camera,Electronics,North,Online,5,"? 82,448.00","? 4,12,240.00",Net Banking,C00096
T009435,25-03-2025,Smartwatch,Accessories,West,Offline,3,"? 3,332.00","? 9,996.00",Credit Card,C00339
T009436,12-02-2025,Gaming Chair,Furniture,North,Offline,1,"? 19,229.00","? 19,229.00",Net Banking,C01478
T009437,03-06-2025,Router,Networking,East,Online,3,"? 5,832.00","? 17,496.00",Credit Card,C01108
T009438,23-11-2025,Printer,Electronics,East,Online,4,"? 12,300.00","? 49,200.00",Credit Card,C00125
T009439,04-04-2025,Keyboard,Accessories,East,Online,2,"? 1,974.00","? 3,948.00",Credit Card,C02388
T009440,25-10-2025,Keyboard,Accessories,South,Offline,5,"? 1,944.00","? 9,720.00",UPI,C00651
T009441,13-05-2025,Tablet,Electronics,East,Online,5,"? 10,337.00","? 51,685.00",Credit Card,C01533
T009442,06-03-2025,Smartwatch,Accessories,East,Offline,4,"? 5,294.00","? 21,176.00",Credit Card,C01437
T009443,17-10-2025,Camera,Electronics,North,Offline,4,"? 69,488.00","? 2,77,952.00",UPI,C00139
T009444,14-09-2025,Mouse,Accessories,South,Online,4,"? 1,557.00","? 6,228.00",Cash,C00433
T009445,01-08-2025,Tablet,Electronics,West,Offline,1,"? 11,867.00","? 11,867.00",UPI,C00980
T009446,28-05-2025,Smartphone,Electronics,South,Offline,2,"? 43,581.00","? 87,162.00",Credit Card,C02126
T009447,02-03-2025,Smartwatch,Accessories,South,Offline,1,"? 2,494.00","? 2,494.00",Credit Card,C00704
T009448,29-05-2025,Tablet,Electronics,West,Offline,4,"? 14,642.00","? 58,568.00",Credit Card,C02426
T009449,29-03-2025,Smartwatch,Accessories,West,Offline,2,"? 5,886.00","? 11,772.00",Cash,C01958
T009450,20-11-2025,Printer,Electronics,West,Online,4,"? 14,352.00","? 57,408.00",Cash,C01212
T009451,05-10-2025,Speaker,Accessories,North,Offline,2,"? 3,536.00","? 7,072.00",Cash,C01415
T009452,23-03-2025,Camera,Electronics,North,Online,5,"? 84,092.00","? 4,20,460.00",Cash,C01886
T009453,09-05-2025,Laptop,Electronics,North,Offline,1,"? 64,722.00","? 64,722.00",UPI,C01610
T009454,13-10-2025,Headphones,Accessories,East,Offline,4,"? 10,933.00","? 43,732.00",Credit Card,C00903
T009455,19-12-2025,Camera,Electronics,West,Online,4,"? 78,897.00","? 3,15,588.00",Cash,C02191
T009456,07-10-2025,Webcam,Accessories,North,Online,3,"? 3,781.00","? 11,343.00",Credit Card,C01831
T009457,27-09-2025,Smartwatch,Accessories,North,Online,5,"? 12,060.00","? 60,300.00",Credit Card,C01062
T009458,19-10-2025,Smartphone,Electronics,South,Online,4,"? 16,601.00","? 66,404.00",Credit Card,C01060
T009459,22-07-2025,Power Bank,Accessories,North,Offline,1,"? 4,627.00","? 4,627.00",Cash,C00115
T009460,24-01-2025,Smartphone,Electronics,West,Offline,5,"? 59,440.00","? 2,97,200.00",Cash,C00514
T009461,17-12-2025,Laptop,Electronics,West,Online,4,"? 51,299.00","? 2,05,196.00",Net Banking,C00311
T009462,07-11-2025,Gaming Chair,Furniture,East,Online,1,"? 22,794.00","? 22,794.00",Net Banking,C01790
T009463,27-07-2025,Monitor,Electronics,East,Offline,3,"? 22,748.00","? 68,244.00",UPI,C01250
T009464,07-10-2025,Smartphone,Electronics,South,Online,3,"? 44,713.00","? 1,34,139.00",Credit Card,C00845
T009465,24-07-2025,Tablet,Electronics,East,Offline,1,"? 26,026.00","? 26,026.00",UPI,C00025
T009466,01-06-2025,Webcam,Accessories,West,Online,5,"? 3,546.00","? 17,730.00",UPI,C00782
T009467,26-01-2025,Power Bank,Accessories,East,Offline,1,"? 3,681.00","? 3,681.00",UPI,C01417
T009468,13-07-2025,Smartphone,Electronics,East,Online,1,"? 36,858.00","? 36,858.00",Credit Card,C01201
T009469,02-12-2025,Headphones,Accessories,North,Online,3,"? 2,817.00","? 8,451.00",UPI,C00374
T009470,26-08-2025,Gaming Chair,Furniture,West,Online,3,"? 26,582.00","? 79,746.00",Net Banking,C00675
T009471,17-11-2025,Laptop,Electronics,South,Offline,3,"? 53,332.00","? 1,59,996.00",UPI,C01285
T009472,16-03-2025,Tablet,Electronics,East,Online,4,"? 43,871.00","? 1,75,484.00",UPI,C00236
T009473,12-06-2025,Smartwatch,Accessories,East,Offline,4,"? 5,177.00","? 20,708.00",UPI,C01486
T009474,26-10-2025,Camera,Electronics,South,Online,2,"? 48,170.00","? 96,340.00",Cash,C00657
T009475,29-01-2025,Laptop,Electronics,South,Online,4,"? 94,434.00","? 3,77,736.00",UPI,C01534
T009476,14-06-2025,Headphones,Accessories,West,Online,5,"? 5,815.00","? 29,075.00",UPI,C02117
T009477,03-12-2025,Keyboard,Accessories,South,Online,5,"? 2,877.00","? 14,385.00",Net Banking,C01275
T009478,05-07-2025,Webcam,Accessories,East,Online,3,"? 2,694.00","? 8,082.00",Net Banking,C00735
T009479,23-02-2025,Headphones,Accessories,West,Online,1,"? 5,501.00","? 5,501.00",Cash,C01021
T009480,22-10-2025,Mouse,Accessories,West,Offline,3,"? 2,345.00","? 7,035.00",Credit Card,C00574
T009481,11-02-2025,Gaming Chair,Furniture,South,Offline,1,"? 16,727.00","? 16,727.00",Credit Card,C01943
T009482,12-10-2025,Mouse,Accessories,West,Offline,3,"? 2,644.00","? 7,932.00",Net Banking,C02397
T009483,18-05-2025,Keyboard,Accessories,East,Online,3,"? 1,769.00","? 5,307.00",Cash,C02064
T009484,06-07-2025,Printer,Electronics,East,Online,5,"? 18,561.00","? 92,805.00",Cash,C00209
T009485,23-07-2025,Smartphone,Electronics,East,Online,1,"? 39,708.00","? 39,708.00",Cash,C00974
T009486,11-02-2025,Router,Networking,West,Online,2,"? 1,763.00","? 3,526.00",Credit Card,C01929
T009487,16-12-2025,Camera,Electronics,South,Online,2,"? 35,956.00","? 71,912.00",UPI,C00839
T009488,15-10-2025,Monitor,Electronics,East,Online,3,"? 28,846.00","? 86,538.00",UPI,C01616
T009489,26-01-2025,Monitor,Electronics,North,Online,3,"? 14,968.00","? 44,904.00",Credit Card,C01724
T009490,25-02-2025,Speaker,Accessories,South,Online,5,"? 3,552.00","? 17,760.00",UPI,C02442
T009491,10-09-2025,Camera,Electronics,West,Online,1,"? 83,756.00","? 83,756.00",UPI,C02428
T009492,02-05-2025,Gaming Chair,Furniture,East,Online,3,"? 12,946.00","? 38,838.00",Cash,C00901
T009493,16-04-2025,Gaming Chair,Furniture,West,Online,2,"? 23,068.00","? 46,136.00",Cash,C01031
T009494,10-05-2025,Speaker,Accessories,East,Offline,1,"? 7,325.00","? 7,325.00",Net Banking,C02070
T009495,03-12-2025,Headphones,Accessories,West,Online,3,"? 7,044.00","? 21,132.00",Cash,C00536
T009496,07-06-2025,Keyboard,Accessories,North,Online,1,"? 4,789.00","? 4,789.00",Cash,C00382
T009497,19-08-2025,Speaker,Accessories,West,Online,5,"? 12,539.00","? 62,695.00",UPI,C02408
T009498,04-11-2025,Keyboard,Accessories,West,Online,2,"? 1,057.00","? 2,114.00",Net Banking,C01174
T009499,01-04-2025,Smartwatch,Accessories,West,Offline,1,"? 15,999.00","? 15,999.00",Cash,C02211
T009500,22-01-2025,Gaming Chair,Furniture,East,Online,2,"? 13,505.00","? 27,010.00",UPI,C02030
T009501,17-10-2025,Laptop,Electronics,South,Online,3,"? 58,942.00","? 1,76,826.00",Cash,C01207
T009502,20-04-2025,Tablet,Electronics,West,Offline,4,"? 25,840.00","? 1,03,360.00",Credit Card,C01782
T009503,18-02-2025,Mouse,Accessories,South,Offline,1,? 655.00,? 655.00,Credit Card,C01155
T009504,09-05-2025,Monitor,Electronics,East,Offline,2,"? 30,946.00","? 61,892.00",Credit Card,C01391
T009505,14-03-2025,Smartphone,Electronics,West,Offline,1,"? 17,258.00","? 17,258.00",Credit Card,C01898
T009506,06-12-2025,Tablet,Electronics,East,Online,3,"? 43,351.00","? 1,30,053.00",UPI,C00275
T009507,22-02-2025,Headphones,Accessories,South,Online,3,"? 4,438.00","? 13,314.00",Credit Card,C00426
T009508,22-12-2025,Gaming Chair,Furniture,East,Offline,2,"? 22,501.00","? 45,002.00",Net Banking,C01533
T009509,17-06-2025,Speaker,Accessories,East,Offline,5,"? 7,857.00","? 39,285.00",Net Banking,C00390
T009510,14-02-2025,Smartwatch,Accessories,South,Offline,1,"? 12,768.00","? 12,768.00",Cash,C00271
T009511,15-04-2025,Tablet,Electronics,East,Online,1,"? 35,728.00","? 35,728.00",Cash,C00069
T009512,30-05-2025,Smartwatch,Accessories,South,Online,3,"? 17,231.00","? 51,693.00",Cash,C00457
T009513,26-05-2025,Monitor,Electronics,South,Offline,1,"? 26,167.00","? 26,167.00",UPI,C00346
T009514,23-07-2025,Monitor,Electronics,West,Online,2,"? 25,477.00","? 50,954.00",UPI,C01823
T009515,28-12-2025,Gaming Chair,Furniture,West,Online,4,"? 28,916.00","? 1,15,664.00",Cash,C00774
T009516,26-10-2025,Smartphone,Electronics,East,Offline,3,"? 63,505.00","? 1,90,515.00",Cash,C01171
T009517,16-06-2025,Keyboard,Accessories,East,Online,4,"? 2,841.00","? 11,364.00",UPI,C01551
T009518,20-07-2025,Headphones,Accessories,East,Offline,1,"? 7,746.00","? 7,746.00",UPI,C00960
T009519,14-05-2025,Printer,Electronics,North,Offline,5,"? 24,517.00","? 1,22,585.00",UPI,C01363
T009520,30-07-2025,Camera,Electronics,North,Online,2,"? 77,861.00","? 1,55,722.00",Net Banking,C01106
T009521,17-02-2025,Smartphone,Electronics,West,Offline,1,"? 40,317.00","? 40,317.00",UPI,C02008
T009522,06-05-2025,Monitor,Electronics,South,Offline,2,"? 14,120.00","? 28,240.00",Cash,C01075
T009523,27-08-2025,Laptop,Electronics,North,Online,1,"? 52,477.00","? 52,477.00",UPI,C02315
T009524,07-01-2025,Speaker,Accessories,North,Online,1,"? 6,458.00","? 6,458.00",Cash,C00850
T009525,29-09-2025,Keyboard,Accessories,South,Online,1,"? 3,576.00","? 3,576.00",UPI,C00492
T009526,06-02-2025,Speaker,Accessories,East,Offline,3,"? 1,542.00","? 4,626.00",Net Banking,C01833
T009527,30-07-2025,Speaker,Accessories,East,Online,4,"? 7,329.00","? 29,316.00",Credit Card,C00997
T009528,14-06-2025,Gaming Chair,Furniture,North,Online,5,"? 27,825.00","? 1,39,125.00",Credit Card,C02305
T009529,05-05-2025,Power Bank,Accessories,North,Online,4,"? 1,203.00","? 4,812.00",Cash,C02057
T009530,03-12-2025,Camera,Electronics,South,Online,4,"? 45,902.00","? 1,83,608.00",Credit Card,C00321
T009531,11-07-2025,Router,Networking,South,Online,2,"? 6,801.00","? 13,602.00",UPI,C00372
T009532,06-08-2025,Laptop,Electronics,North,Online,3,"? 93,176.00","? 2,79,528.00",UPI,C01809
T009533,02-08-2025,Smartphone,Electronics,South,Online,3,"? 37,730.00","? 1,13,190.00",Cash,C02371
T009534,03-03-2025,Tablet,Electronics,East,Offline,1,"? 49,617.00","? 49,617.00",Cash,C01367
T009535,24-11-2025,Printer,Electronics,West,Offline,4,"? 12,686.00","? 50,744.00",UPI,C01172
T009536,10-06-2025,Smartwatch,Accessories,North,Offline,5,"? 12,341.00","? 61,705.00",Credit Card,C02240
T009537,07-03-2025,Camera,Electronics,West,Online,2,"? 83,039.00","? 1,66,078.00",UPI,C00916
T009538,13-10-2025,Camera,Electronics,South,Offline,3,"? 79,737.00","? 2,39,211.00",Cash,C01148
T009539,27-08-2025,Power Bank,Accessories,West,Online,1,"? 3,450.00","? 3,450.00",UPI,C01228
T009540,20-01-2025,Smartphone,Electronics,North,Online,5,"? 44,113.00","? 2,20,565.00",UPI,C01361
T009541,07-07-2025,Camera,Electronics,South,Online,4,"? 70,029.00","? 2,80,116.00",UPI,C00085
T009542,23-03-2025,Smartwatch,Accessories,West,Online,5,"? 3,886.00","? 19,430.00",Credit Card,C00936
T009543,29-12-2025,Smartwatch,Accessories,East,Online,3,"? 3,303.00","? 9,909.00",UPI,C01496
T009544,21-07-2025,Laptop,Electronics,North,Online,2,"? 67,496.00","? 1,34,992.00",UPI,C02455
T009545,12-05-2025,Tablet,Electronics,North,Online,4,"? 32,424.00","? 1,29,696.00",UPI,C01559
T009546,06-02-2025,Smartwatch,Accessories,North,Online,2,"? 9,452.00","? 18,904.00",Credit Card,C01144
T009547,12-05-2025,Printer,Electronics,North,Online,5,"? 12,118.00","? 60,590.00",Credit Card,C01080
T009548,18-03-2025,Camera,Electronics,South,Offline,5,"? 34,426.00","? 1,72,130.00",UPI,C02449
T009549,30-03-2025,Laptop,Electronics,East,Online,1,"? 83,335.00","? 83,335.00",Cash,C00514
T009550,10-09-2025,Monitor,Electronics,East,Offline,4,"? 30,342.00","? 1,21,368.00",UPI,C00362
T009551,10-12-2025,Laptop,Electronics,West,Online,5,"? 59,380.00","? 2,96,900.00",UPI,C00033
T009552,13-07-2025,Printer,Electronics,North,Online,3,"? 7,353.00","? 22,059.00",UPI,C02041
T009553,25-06-2025,Keyboard,Accessories,North,Offline,3,"? 4,312.00","? 12,936.00",Credit Card,C01785
T009554,02-02-2025,Laptop,Electronics,West,Offline,2,"? 97,183.00","? 1,94,366.00",Cash,C00620
T009555,27-02-2025,Monitor,Electronics,South,Online,3,"? 29,413.00","? 88,239.00",Credit Card,C00271
T009556,20-07-2025,Smartwatch,Accessories,East,Online,5,"? 6,965.00","? 34,825.00",Cash,C01386
T009557,28-01-2025,Mouse,Accessories,North,Online,3,? 568.00,"? 1,704.00",Net Banking,C00444
T009558,04-02-2025,Mouse,Accessories,West,Offline,4,? 778.00,"? 3,112.00",Cash,C01807
T009559,05-05-2025,Webcam,Accessories,East,Online,2,"? 3,432.00","? 6,864.00",UPI,C00148
T009560,17-11-2025,Mouse,Accessories,West,Offline,4,"? 2,325.00","? 9,300.00",Credit Card,C00543
T009561,11-02-2025,Keyboard,Accessories,West,Offline,5,? 893.00,"? 4,465.00",Net Banking,C02306
T009562,26-03-2025,Speaker,Accessories,South,Online,5,"? 9,955.00","? 49,775.00",Cash,C00269
T009563,07-07-2025,Monitor,Electronics,East,Offline,3,"? 34,047.00","? 1,02,141.00",Cash,C02026
T009564,21-04-2025,Printer,Electronics,North,Offline,1,"? 16,207.00","? 16,207.00",UPI,C00352
T009565,28-09-2025,Power Bank,Accessories,East,Online,1,"? 2,100.00","? 2,100.00",Cash,C00369
T009566,21-11-2025,Webcam,Accessories,South,Online,5,"? 4,700.00","? 23,500.00",Cash,C02448
T009567,15-04-2025,Smartphone,Electronics,North,Offline,5,"? 18,373.00","? 91,865.00",Credit Card,C00783
T009568,16-11-2025,Mouse,Accessories,East,Online,2,? 973.00,"? 1,946.00",Credit Card,C02073
T009569,10-02-2025,Webcam,Accessories,South,Offline,5,"? 2,883.00","? 14,415.00",UPI,C00332
T009570,03-08-2025,Smartphone,Electronics,North,Online,5,"? 30,178.00","? 1,50,890.00",Net Banking,C02153
T009571,12-03-2025,Keyboard,Accessories,North,Online,2,"? 2,080.00","? 4,160.00",Credit Card,C00780
T009572,25-02-2025,Smartphone,Electronics,West,Offline,4,"? 67,689.00","? 2,70,756.00",UPI,C01484
T009573,24-08-2025,Camera,Electronics,West,Online,4,"? 84,683.00","? 3,38,732.00",Credit Card,C02486
T009574,08-10-2025,Keyboard,Accessories,South,Online,2,"? 3,859.00","? 7,718.00",Credit Card,C02192
T009575,15-04-2025,Smartphone,Electronics,North,Offline,2,"? 41,099.00","? 82,198.00",Cash,C00074
T009576,11-06-2025,Laptop,Electronics,East,Offline,4,"? 54,991.00","? 2,19,964.00",UPI,C01016
T009577,10-07-2025,Mouse,Accessories,North,Online,4,"? 1,506.00","? 6,024.00",Credit Card,C01930
T009578,09-01-2025,Tablet,Electronics,South,Offline,4,"? 30,316.00","? 1,21,264.00",UPI,C00962
T009579,01-03-2025,Gaming Chair,Furniture,East,Online,4,"? 11,622.00","? 46,488.00",Credit Card,C01076
T009580,01-11-2025,Power Bank,Accessories,North,Offline,3,"? 1,695.00","? 5,085.00",UPI,C00798
T009581,13-08-2025,Gaming Chair,Furniture,East,Online,2,"? 24,848.00","? 49,696.00",UPI,C01040
T009582,03-11-2025,Router,Networking,West,Online,1,"? 3,110.00","? 3,110.00",Cash,C02186
T009583,07-07-2025,Headphones,Accessories,East,Offline,3,"? 9,804.00","? 29,412.00",UPI,C00794
T009584,11-03-2025,Router,Networking,West,Offline,1,"? 4,712.00","? 4,712.00",Credit Card,C00189
T009585,20-10-2025,Keyboard,Accessories,East,Offline,1,"? 1,304.00","? 1,304.00",Credit Card,C01016
T009586,14-10-2025,Smartwatch,Accessories,West,Online,5,"? 2,620.00","? 13,100.00",Credit Card,C00527
T009587,18-06-2025,Headphones,Accessories,South,Offline,2,"? 3,602.00","? 7,204.00",Cash,C01670
T009588,03-03-2025,Printer,Electronics,East,Online,3,"? 28,857.00","? 86,571.00",Credit Card,C02177
T009589,15-12-2025,Keyboard,Accessories,North,Online,2,"? 4,500.00","? 9,000.00",Cash,C02162
T009590,14-01-2025,Keyboard,Accessories,South,Offline,4,? 855.00,"? 3,420.00",Credit Card,C01111
T009591,13-06-2025,Smartphone,Electronics,South,Online,2,"? 55,928.00","? 1,11,856.00",Credit Card,C02274
T009592,02-09-2025,Keyboard,Accessories,East,Online,1,"? 4,053.00","? 4,053.00",Net Banking,C02172
T009593,01-12-2025,Mouse,Accessories,South,Offline,4,"? 2,985.00","? 11,940.00",UPI,C01643
T009594,08-01-2025,Monitor,Electronics,West,Offline,2,"? 23,903.00","? 47,806.00",Credit Card,C02177
T009595,03-06-2025,Webcam,Accessories,West,Offline,2,"? 4,215.00","? 8,430.00",UPI,C02393
T009596,05-02-2025,Gaming Chair,Furniture,East,Online,1,"? 12,339.00","? 12,339.00",UPI,C00294
T009597,17-02-2025,Monitor,Electronics,South,Online,4,"? 16,070.00","? 64,280.00",Credit Card,C01577
T009598,26-03-2025,Printer,Electronics,North,Online,1,"? 29,074.00","? 29,074.00",Cash,C01472
T009599,28-01-2025,Camera,Electronics,East,Online,2,"? 53,217.00","? 1,06,434.00",Net Banking,C01162
T009600,15-07-2025,Speaker,Accessories,East,Online,3,"? 14,541.00","? 43,623.00",UPI,C00504
T009601,27-07-2025,Router,Networking,South,Online,3,"? 6,001.00","? 18,003.00",UPI,C00326
T009602,23-07-2025,Power Bank,Accessories,West,Online,5,"? 4,761.00","? 23,805.00",UPI,C01581
T009603,03-11-2025,Tablet,Electronics,South,Online,3,"? 25,106.00","? 75,318.00",UPI,C00792
T009604,14-04-2025,Camera,Electronics,North,Offline,4,"? 53,837.00","? 2,15,348.00",Cash,C02361
T009605,18-08-2025,Webcam,Accessories,North,Online,5,"? 5,517.00","? 27,585.00",UPI,C00552
T009606,11-04-2025,Mouse,Accessories,North,Offline,4,"? 1,148.00","? 4,592.00",UPI,C00293
T009607,29-01-2025,Mouse,Accessories,North,Online,3,"? 1,694.00","? 5,082.00",Credit Card,C01795
T009608,07-05-2025,Laptop,Electronics,East,Online,3,"? 63,867.00","? 1,91,601.00",UPI,C00964
T009609,04-12-2025,Monitor,Electronics,North,Online,2,"? 26,669.00","? 53,338.00",UPI,C01604
T009610,10-01-2025,Webcam,Accessories,North,Online,4,"? 2,899.00","? 11,596.00",Credit Card,C00377
T009611,16-04-2025,Headphones,Accessories,North,Online,1,"? 3,248.00","? 3,248.00",Cash,C00897
T009612,16-06-2025,Smartwatch,Accessories,South,Offline,2,"? 12,985.00","? 25,970.00",Net Banking,C01630
T009613,14-09-2025,Gaming Chair,Furniture,West,Online,4,"? 14,375.00","? 57,500.00",Net Banking,C00719
T009614,22-10-2025,Keyboard,Accessories,West,Offline,5,"? 1,423.00","? 7,115.00",UPI,C00301
T009615,04-10-2025,Tablet,Electronics,West,Offline,4,"? 48,041.00","? 1,92,164.00",Credit Card,C00293
T009616,06-03-2025,Smartwatch,Accessories,North,Online,5,"? 9,535.00","? 47,675.00",Cash,C00114
T009617,28-09-2025,Camera,Electronics,South,Online,5,"? 57,588.00","? 2,87,940.00",Credit Card,C01579
T009618,07-07-2025,Smartwatch,Accessories,East,Offline,3,"? 18,470.00","? 55,410.00",UPI,C02247
T009619,13-11-2025,Laptop,Electronics,South,Offline,1,"? 74,081.00","? 74,081.00",UPI,C00634
T009620,18-05-2025,Tablet,Electronics,East,Offline,4,"? 16,846.00","? 67,384.00",Net Banking,C00541
T009621,09-12-2025,Tablet,Electronics,South,Offline,1,"? 14,149.00","? 14,149.00",Net Banking,C01892
T009622,15-04-2025,Laptop,Electronics,West,Online,5,"? 87,929.00","? 4,39,645.00",Credit Card,C00874
T009623,03-02-2025,Router,Networking,West,Online,3,"? 4,920.00","? 14,760.00",Credit Card,C01522
T009624,20-04-2025,Mouse,Accessories,North,Offline,1,"? 1,653.00","? 1,653.00",Net Banking,C02337
T009625,02-02-2025,Laptop,Electronics,West,Online,2,"? 97,797.00","? 1,95,594.00",UPI,C01461
T009626,20-12-2025,Mouse,Accessories,West,Offline,5,"? 2,883.00","? 14,415.00",Cash,C01769
T009627,19-08-2025,Headphones,Accessories,West,Offline,2,"? 4,212.00","? 8,424.00",Cash,C01553
T009628,13-11-2025,Printer,Electronics,South,Online,1,"? 21,647.00","? 21,647.00",UPI,C01676
T009629,23-09-2025,Mouse,Accessories,West,Online,1,"? 2,272.00","? 2,272.00",UPI,C00513
T009630,01-07-2025,Smartwatch,Accessories,East,Offline,1,"? 16,929.00","? 16,929.00",Credit Card,C01208
T009631,06-12-2025,Mouse,Accessories,North,Online,4,"? 2,889.00","? 11,556.00",Cash,C00023
T009632,06-03-2025,Printer,Electronics,South,Offline,5,"? 28,694.00","? 1,43,470.00",UPI,C01543
T009633,29-11-2025,Camera,Electronics,East,Offline,5,"? 26,042.00","? 1,30,210.00",Credit Card,C01589
T009634,01-01-2025,Keyboard,Accessories,South,Online,5,"? 2,186.00","? 10,930.00",Net Banking,C01768
T009635,13-05-2025,Laptop,Electronics,West,Online,4,"? 74,648.00","? 2,98,592.00",Credit Card,C01634
T009636,21-03-2025,Keyboard,Accessories,South,Offline,1,"? 1,424.00","? 1,424.00",UPI,C01277
T009637,28-09-2025,Laptop,Electronics,South,Online,1,"? 53,754.00","? 53,754.00",UPI,C02257
T009638,29-08-2025,Router,Networking,North,Online,2,"? 4,495.00","? 8,990.00",Cash,C00074
T009639,28-01-2025,Power Bank,Accessories,South,Offline,4,"? 1,018.00","? 4,072.00",Credit Card,C02485
T009640,11-08-2025,Headphones,Accessories,South,Offline,3,"? 1,546.00","? 4,638.00",UPI,C01889
T009641,23-01-2025,Gaming Chair,Furniture,North,Offline,4,"? 11,729.00","? 46,916.00",Credit Card,C00357
T009642,19-04-2025,Monitor,Electronics,South,Online,2,"? 15,350.00","? 30,700.00",Cash,C00676
T009643,17-04-2025,Smartwatch,Accessories,South,Offline,2,"? 15,389.00","? 30,778.00",Credit Card,C01390
T009644,25-05-2025,Webcam,Accessories,East,Offline,2,"? 7,384.00","? 14,768.00",Credit Card,C00122
T009645,20-12-2025,Smartwatch,Accessories,East,Online,1,"? 17,687.00","? 17,687.00",Net Banking,C00651
T009646,19-05-2025,Router,Networking,South,Offline,3,"? 3,468.00","? 10,404.00",UPI,C00448
T009647,11-10-2025,Camera,Electronics,South,Online,2,"? 24,516.00","? 49,032.00",Credit Card,C02197
T009648,25-10-2025,Speaker,Accessories,West,Online,5,"? 2,759.00","? 13,795.00",Net Banking,C00388
T009649,09-04-2025,Monitor,Electronics,East,Online,1,"? 22,145.00","? 22,145.00",Credit Card,C01369
T009650,13-11-2025,Monitor,Electronics,West,Online,3,"? 31,376.00","? 94,128.00",Credit Card,C00803
T009651,03-05-2025,Laptop,Electronics,South,Offline,5,"? 74,140.00","? 3,70,700.00",Credit Card,C02083
T009652,16-11-2025,Router,Networking,West,Online,3,"? 4,433.00","? 13,299.00",UPI,C01191
T009653,14-10-2025,Router,Networking,West,Offline,3,"? 4,009.00","? 12,027.00",UPI,C01101
T009654,22-03-2025,Smartwatch,Accessories,North,Online,5,"? 14,200.00","? 71,000.00",Credit Card,C01401
T009655,10-01-2025,Power Bank,Accessories,North,Online,4,"? 4,872.00","? 19,488.00",Credit Card,C01768
T009656,08-01-2025,Smartwatch,Accessories,South,Online,3,"? 19,946.00","? 59,838.00",Cash,C02355
T009657,24-07-2025,Monitor,Electronics,East,Online,4,"? 18,277.00","? 73,108.00",UPI,C00294
T009658,11-11-2025,Laptop,Electronics,South,Online,3,"? 76,365.00","? 2,29,095.00",UPI,C01578
T009659,16-07-2025,Mouse,Accessories,East,Online,5,"? 2,873.00","? 14,365.00",Cash,C00173
T009660,17-07-2025,Mouse,Accessories,North,Offline,3,"? 2,292.00","? 6,876.00",UPI,C01187
T009661,30-01-2025,Router,Networking,East,Offline,2,"? 3,981.00","? 7,962.00",UPI,C01449
T009662,20-01-2025,Printer,Electronics,West,Offline,2,"? 17,622.00","? 35,244.00",UPI,C00304
T009663,17-02-2025,Smartphone,Electronics,West,Offline,3,"? 31,588.00","? 94,764.00",Cash,C01847
T009664,10-05-2025,Webcam,Accessories,North,Offline,5,"? 2,241.00","? 11,205.00",Credit Card,C00666
T009665,20-10-2025,Tablet,Electronics,South,Online,5,"? 40,759.00","? 2,03,795.00",UPI,C01762
T009666,12-05-2025,Headphones,Accessories,East,Offline,1,"? 8,049.00","? 8,049.00",UPI,C01661
T009667,22-12-2025,Laptop,Electronics,South,Online,5,"? 65,516.00","? 3,27,580.00",Credit Card,C01730
T009668,23-02-2025,Webcam,Accessories,East,Offline,4,"? 5,763.00","? 23,052.00",Cash,C01350
T009669,08-10-2025,Mouse,Accessories,North,Offline,3,"? 1,041.00","? 3,123.00",Cash,C01799
T009670,22-09-2025,Gaming Chair,Furniture,West,Online,2,"? 25,489.00","? 50,978.00",Credit Card,C01611
T009671,03-08-2025,Camera,Electronics,West,Offline,5,"? 30,015.00","? 1,50,075.00",Credit Card,C00123
T009672,17-10-2025,Tablet,Electronics,East,Online,2,"? 46,965.00","? 93,930.00",Credit Card,C01104
T009673,12-02-2025,Tablet,Electronics,South,Online,1,"? 25,095.00","? 25,095.00",Cash,C02469
T009674,15-03-2025,Tablet,Electronics,North,Online,3,"? 25,053.00","? 75,159.00",Cash,C01283
T009675,16-12-2025,Monitor,Electronics,North,Online,5,"? 24,472.00","? 1,22,360.00",UPI,C02165
T009676,05-10-2025,Printer,Electronics,South,Offline,2,"? 28,872.00","? 57,744.00",Credit Card,C00168
T009677,22-11-2025,Camera,Electronics,West,Online,5,"? 51,519.00","? 2,57,595.00",UPI,C00529
T009678,30-08-2025,Router,Networking,South,Offline,1,"? 7,542.00","? 7,542.00",Credit Card,C00382
T009679,10-05-2025,Gaming Chair,Furniture,West,Offline,2,"? 27,765.00","? 55,530.00",Credit Card,C01388
T009680,16-12-2025,Smartphone,Electronics,East,Online,2,"? 59,471.00","? 1,18,942.00",Cash,C00245
T009681,13-07-2025,Camera,Electronics,North,Online,3,"? 72,337.00","? 2,17,011.00",UPI,C01949
T009682,01-02-2025,Webcam,Accessories,East,Online,3,"? 8,179.00","? 24,537.00",UPI,C00070
T009683,16-04-2025,Camera,Electronics,South,Offline,2,"? 32,573.00","? 65,146.00",Credit Card,C01843
T009684,23-07-2025,Laptop,Electronics,South,Offline,3,"? 67,248.00","? 2,01,744.00",Cash,C01777
T009685,01-01-2025,Gaming Chair,Furniture,East,Online,2,"? 16,246.00","? 32,492.00",Cash,C01353
T009686,02-09-2025,Printer,Electronics,South,Online,4,"? 27,055.00","? 1,08,220.00",UPI,C01408
T009687,13-03-2025,Keyboard,Accessories,South,Online,5,"? 2,780.00","? 13,900.00",Credit Card,C01730
T009688,02-11-2025,Gaming Chair,Furniture,South,Online,4,"? 24,941.00","? 99,764.00",UPI,C00825
T009689,15-01-2025,Webcam,Accessories,North,Offline,4,"? 5,791.00","? 23,164.00",UPI,C00169
T009690,22-02-2025,Printer,Electronics,North,Offline,5,"? 22,124.00","? 1,10,620.00",UPI,C01256
T009691,08-01-2025,Keyboard,Accessories,West,Online,2,"? 1,147.00","? 2,294.00",Net Banking,C01118
T009692,26-11-2025,Smartphone,Electronics,North,Offline,2,"? 49,589.00","? 99,178.00",Net Banking,C01984
T009693,15-02-2025,Laptop,Electronics,East,Online,3,"? 53,819.00","? 1,61,457.00",UPI,C00459
T009694,21-11-2025,Gaming Chair,Furniture,East,Online,1,"? 19,164.00","? 19,164.00",Net Banking,C00519
T009695,24-04-2025,Monitor,Electronics,North,Offline,2,"? 24,475.00","? 48,950.00",Credit Card,C01618
T009696,27-05-2025,Tablet,Electronics,East,Online,5,"? 29,305.00","? 1,46,525.00",Credit Card,C00136
T009697,15-06-2025,Laptop,Electronics,South,Online,1,"? 61,498.00","? 61,498.00",Cash,C01886
T009698,19-05-2025,Webcam,Accessories,North,Online,5,"? 1,601.00","? 8,005.00",Net Banking,C01466
T009699,27-04-2025,Monitor,Electronics,West,Online,5,"? 11,835.00","? 59,175.00",UPI,C01134
T009700,26-10-2025,Power Bank,Accessories,West,Online,5,"? 2,478.00","? 12,390.00",Cash,C00763
T009701,03-10-2025,Laptop,Electronics,North,Offline,1,"? 62,015.00","? 62,015.00",UPI,C00194
T009702,04-10-2025,Monitor,Electronics,East,Online,4,"? 22,601.00","? 90,404.00",Credit Card,C00948
T009703,04-12-2025,Laptop,Electronics,North,Online,5,"? 57,509.00","? 2,87,545.00",Cash,C01250
T009704,09-11-2025,Printer,Electronics,North,Online,3,"? 12,716.00","? 38,148.00",Credit Card,C02371
T009705,27-06-2025,Gaming Chair,Furniture,West,Online,2,"? 24,918.00","? 49,836.00",Credit Card,C01284
T009706,26-11-2025,Printer,Electronics,South,Online,2,"? 29,050.00","? 58,100.00",Credit Card,C02117
T009707,20-12-2025,Power Bank,Accessories,South,Offline,2,? 815.00,"? 1,630.00",UPI,C01975
T009708,03-06-2025,Router,Networking,North,Offline,1,"? 2,060.00","? 2,060.00",UPI,C01875
T009709,20-07-2025,Printer,Electronics,West,Online,3,"? 8,925.00","? 26,775.00",Credit Card,C01407
T009710,25-04-2025,Tablet,Electronics,West,Offline,3,"? 36,959.00","? 1,10,877.00",Cash,C01583
T009711,08-06-2025,Headphones,Accessories,North,Online,3,"? 1,909.00","? 5,727.00",UPI,C01819
T009712,11-02-2025,Smartwatch,Accessories,North,Online,3,"? 11,605.00","? 34,815.00",Net Banking,C01682
T009713,04-09-2025,Keyboard,Accessories,North,Offline,3,? 818.00,"? 2,454.00",Net Banking,C00985
T009714,09-03-2025,Printer,Electronics,South,Offline,4,"? 9,113.00","? 36,452.00",Credit Card,C02492
T009715,22-11-2025,Router,Networking,North,Online,3,"? 4,560.00","? 13,680.00",Credit Card,C00579
T009716,30-11-2025,Speaker,Accessories,West,Online,3,"? 7,653.00","? 22,959.00",Credit Card,C01538
T009717,15-07-2025,Power Bank,Accessories,North,Online,1,"? 2,291.00","? 2,291.00",Cash,C00395
T009718,31-03-2025,Headphones,Accessories,West,Online,1,"? 3,096.00","? 3,096.00",UPI,C02030
T009719,21-04-2025,Gaming Chair,Furniture,West,Online,3,"? 15,944.00","? 47,832.00",Credit Card,C01125
T009720,25-12-2025,Gaming Chair,Furniture,East,Offline,4,"? 10,254.00","? 41,016.00",Net Banking,C00141
T009721,25-05-2025,Keyboard,Accessories,West,Online,3,"? 1,213.00","? 3,639.00",UPI,C01192
T009722,02-10-2025,Router,Networking,East,Online,3,"? 7,603.00","? 22,809.00",Cash,C00524
T009723,28-06-2025,Laptop,Electronics,North,Online,3,"? 51,233.00","? 1,53,699.00",UPI,C00072
T009724,29-08-2025,Smartphone,Electronics,East,Offline,5,"? 36,642.00","? 1,83,210.00",Cash,C00676
T009725,22-11-2025,Monitor,Electronics,South,Online,4,"? 34,055.00","? 1,36,220.00",UPI,C02080
T009726,15-11-2025,Headphones,Accessories,South,Online,2,"? 6,631.00","? 13,262.00",Net Banking,C02233
T009727,27-11-2025,Camera,Electronics,South,Online,3,"? 85,665.00","? 2,56,995.00",Credit Card,C01164
T009728,02-06-2025,Mouse,Accessories,North,Offline,2,"? 2,171.00","? 4,342.00",UPI,C01938
T009729,14-04-2025,Headphones,Accessories,West,Online,4,"? 5,454.00","? 21,816.00",Credit Card,C00680
T009730,16-03-2025,Gaming Chair,Furniture,South,Online,3,"? 19,267.00","? 57,801.00",Cash,C00942
T009731,08-05-2025,Printer,Electronics,East,Online,2,"? 29,634.00","? 59,268.00",UPI,C00423
T009732,18-07-2025,Printer,Electronics,North,Online,2,"? 11,273.00","? 22,546.00",Credit Card,C00575
T009733,03-06-2025,Headphones,Accessories,North,Online,4,"? 9,697.00","? 38,788.00",Credit Card,C01757
T009734,25-02-2025,Router,Networking,East,Online,3,"? 7,128.00","? 21,384.00",Credit Card,C00240
T009735,05-10-2025,Webcam,Accessories,East,Online,5,"? 6,413.00","? 32,065.00",Cash,C01335
T009736,11-12-2025,Monitor,Electronics,North,Offline,4,"? 21,081.00","? 84,324.00",UPI,C00808
T009737,19-01-2025,Keyboard,Accessories,North,Online,5,"? 1,538.00","? 7,690.00",Net Banking,C01949
T009738,08-06-2025,Laptop,Electronics,West,Offline,3,"? 94,831.00","? 2,84,493.00",Credit Card,C02401
T009739,26-01-2025,Webcam,Accessories,North,Online,2,"? 6,218.00","? 12,436.00",Credit Card,C00241
T009740,18-06-2025,Mouse,Accessories,East,Offline,4,? 496.00,"? 1,984.00",Cash,C00684
T009741,23-01-2025,Laptop,Electronics,North,Offline,4,"? 68,347.00","? 2,73,388.00",Credit Card,C02006
T009742,16-02-2025,Tablet,Electronics,North,Offline,4,"? 48,169.00","? 1,92,676.00",Credit Card,C00357
T009743,13-01-2025,Monitor,Electronics,East,Offline,1,"? 32,151.00","? 32,151.00",UPI,C02075
T009744,05-08-2025,Webcam,Accessories,West,Online,3,"? 2,098.00","? 6,294.00",Net Banking,C00294
T009745,18-11-2025,Printer,Electronics,North,Offline,1,"? 9,963.00","? 9,963.00",Net Banking,C00986
T009746,13-07-2025,Tablet,Electronics,South,Online,4,"? 35,004.00","? 1,40,016.00",Credit Card,C02402
T009747,24-05-2025,Laptop,Electronics,South,Offline,4,"? 96,622.00","? 3,86,488.00",Credit Card,C00076
T009748,14-03-2025,Laptop,Electronics,East,Online,5,"? 73,677.00","? 3,68,385.00",Cash,C00928
T009749,05-06-2025,Mouse,Accessories,East,Online,1,"? 1,724.00","? 1,724.00",Cash,C01255
T009750,18-03-2025,Smartwatch,Accessories,East,Offline,2,"? 12,606.00","? 25,212.00",UPI,C01726
T009751,18-06-2025,Router,Networking,South,Online,3,"? 7,448.00","? 22,344.00",Cash,C01404
T009752,14-10-2025,Gaming Chair,Furniture,East,Offline,2,"? 26,151.00","? 52,302.00",Credit Card,C02090
T009753,26-03-2025,Laptop,Electronics,South,Offline,2,"? 87,932.00","? 1,75,864.00",Credit Card,C00415
T009754,01-07-2025,Keyboard,Accessories,West,Online,3,"? 2,216.00","? 6,648.00",Net Banking,C02281
T009755,11-11-2025,Gaming Chair,Furniture,East,Online,4,"? 9,339.00","? 37,356.00",Cash,C00075
T009756,24-10-2025,Keyboard,Accessories,North,Online,5,"? 4,794.00","? 23,970.00",UPI,C00636
T009757,22-04-2025,Gaming Chair,Furniture,West,Offline,4,"? 19,595.00","? 78,380.00",Cash,C00894
T009758,18-08-2025,Headphones,Accessories,South,Offline,4,"? 11,738.00","? 46,952.00",UPI,C01274
T009759,06-04-2025,Mouse,Accessories,East,Offline,1,"? 1,376.00","? 1,376.00",Credit Card,C02452
T009760,17-06-2025,Mouse,Accessories,North,Offline,2,"? 1,741.00","? 3,482.00",UPI,C01555
T009761,05-06-2025,Power Bank,Accessories,South,Online,2,"? 2,414.00","? 4,828.00",UPI,C00637
T009762,15-04-2025,Printer,Electronics,West,Online,2,"? 11,463.00","? 22,926.00",Credit Card,C02438
T009763,12-07-2025,Power Bank,Accessories,North,Online,5,"? 4,861.00","? 24,305.00",Credit Card,C00824
T009764,26-11-2025,Laptop,Electronics,West,Online,5,"? 62,843.00","? 3,14,215.00",Cash,C00639
T009765,12-05-2025,Smartwatch,Accessories,East,Online,5,"? 19,654.00","? 98,270.00",UPI,C01490
T009766,21-12-2025,Webcam,Accessories,North,Online,3,"? 1,718.00","? 5,154.00",UPI,C00612
T009767,18-05-2025,Camera,Electronics,East,Offline,5,"? 53,301.00","? 2,66,505.00",UPI,C02346
T009768,27-11-2025,Tablet,Electronics,South,Online,1,"? 24,977.00","? 24,977.00",UPI,C01280
T009769,27-09-2025,Mouse,Accessories,South,Online,1,"? 2,966.00","? 2,966.00",Cash,C00056
T009770,07-02-2025,Headphones,Accessories,West,Online,4,"? 8,951.00","? 35,804.00",UPI,C00259
T009771,14-02-2025,Headphones,Accessories,East,Offline,4,"? 10,687.00","? 42,748.00",Credit Card,C00495
T009772,12-06-2025,Router,Networking,East,Online,4,"? 2,873.00","? 11,492.00",Credit Card,C02091
T009773,27-11-2025,Power Bank,Accessories,North,Online,4,"? 4,939.00","? 19,756.00",Cash,C00412
T009774,10-09-2025,Laptop,Electronics,South,Offline,1,"? 99,216.00","? 99,216.00",UPI,C01161
T009775,18-06-2025,Laptop,Electronics,East,Online,4,"? 87,109.00","? 3,48,436.00",UPI,C00340
T009776,12-10-2025,Camera,Electronics,East,Online,1,"? 57,850.00","? 57,850.00",UPI,C02322
T009777,01-10-2025,Smartphone,Electronics,East,Offline,5,"? 61,664.00","? 3,08,320.00",Cash,C01045
T009778,20-01-2025,Webcam,Accessories,South,Online,5,"? 4,485.00","? 22,425.00",Credit Card,C02202
T009779,27-08-2025,Smartphone,Electronics,South,Online,3,"? 53,362.00","? 1,60,086.00",Cash,C00906
T009780,27-09-2025,Laptop,Electronics,South,Online,4,"? 74,401.00","? 2,97,604.00",Credit Card,C00940
T009781,06-11-2025,Monitor,Electronics,West,Online,5,"? 19,846.00","? 99,230.00",UPI,C01805
T009782,31-01-2025,Keyboard,Accessories,South,Offline,5,"? 3,572.00","? 17,860.00",Credit Card,C00181
T009783,10-11-2025,Keyboard,Accessories,South,Online,2,"? 4,955.00","? 9,910.00",Credit Card,C01782
T009784,14-04-2025,Camera,Electronics,South,Offline,2,"? 84,305.00","? 1,68,610.00",UPI,C01720
T009785,19-06-2025,Camera,Electronics,North,Online,1,"? 38,506.00","? 38,506.00",Credit Card,C01531
T009786,05-07-2025,Printer,Electronics,North,Online,3,"? 18,766.00","? 56,298.00",UPI,C00484
T009787,08-05-2025,Smartwatch,Accessories,East,Online,2,"? 8,696.00","? 17,392.00",UPI,C00003
T009788,29-07-2025,Webcam,Accessories,North,Offline,3,"? 5,481.00","? 16,443.00",UPI,C00675
T009789,08-10-2025,Headphones,Accessories,West,Offline,5,"? 1,471.00","? 7,355.00",Credit Card,C00861
T009790,10-09-2025,Webcam,Accessories,West,Online,1,"? 4,905.00","? 4,905.00",Credit Card,C00158
T009791,19-01-2025,Speaker,Accessories,East,Offline,3,"? 1,808.00","? 5,424.00",UPI,C00886
T009792,19-07-2025,Keyboard,Accessories,East,Online,2,"? 3,634.00","? 7,268.00",Credit Card,C00465
T009793,08-08-2025,Monitor,Electronics,West,Online,5,"? 15,707.00","? 78,535.00",Net Banking,C02222
T009794,16-05-2025,Gaming Chair,Furniture,West,Online,4,"? 23,522.00","? 94,088.00",Credit Card,C01722
T009795,11-08-2025,Laptop,Electronics,West,Online,5,"? 85,815.00","? 4,29,075.00",UPI,C00498
T009796,03-01-2025,Mouse,Accessories,East,Online,2,"? 2,321.00","? 4,642.00",Credit Card,C01440
T009797,24-08-2025,Monitor,Electronics,West,Online,2,"? 19,191.00","? 38,382.00",Cash,C01649
T009798,08-12-2025,Printer,Electronics,East,Online,4,"? 8,017.00","? 32,068.00",Net Banking,C02288
T009799,16-08-2025,Speaker,Accessories,West,Online,5,"? 14,866.00","? 74,330.00",UPI,C01856
T009800,22-05-2025,Monitor,Electronics,West,Online,3,"? 12,881.00","? 38,643.00",UPI,C02250
T009801,09-01-2025,Mouse,Accessories,North,Offline,3,"? 1,878.00","? 5,634.00",Credit Card,C00740
T009802,09-07-2025,Tablet,Electronics,West,Offline,5,"? 36,928.00","? 1,84,640.00",Net Banking,C00322
T009803,16-12-2025,Smartphone,Electronics,East,Offline,3,"? 35,581.00","? 1,06,743.00",UPI,C02186
T009804,14-06-2025,Webcam,Accessories,West,Online,5,"? 9,221.00","? 46,105.00",Credit Card,C01128
T009805,19-05-2025,Tablet,Electronics,South,Online,5,"? 47,638.00","? 2,38,190.00",Credit Card,C02368
T009806,03-10-2025,Headphones,Accessories,North,Offline,2,"? 4,459.00","? 8,918.00",Credit Card,C00789
T009807,18-10-2025,Headphones,Accessories,West,Online,1,"? 10,423.00","? 10,423.00",Credit Card,C00649
T009808,22-02-2025,Keyboard,Accessories,West,Online,2,"? 3,820.00","? 7,640.00",Net Banking,C00402
T009809,24-06-2025,Power Bank,Accessories,South,Online,3,"? 1,371.00","? 4,113.00",Cash,C01144
T009810,20-04-2025,Mouse,Accessories,South,Offline,1,? 547.00,? 547.00,Credit Card,C02117
T009811,22-07-2025,Power Bank,Accessories,South,Offline,5,"? 4,243.00","? 21,215.00",Cash,C02110
T009812,16-05-2025,Headphones,Accessories,South,Offline,3,"? 1,596.00","? 4,788.00",Cash,C01680
T009813,04-01-2025,Camera,Electronics,South,Offline,4,"? 41,457.00","? 1,65,828.00",Credit Card,C02169
T009814,04-06-2025,Keyboard,Accessories,South,Offline,3,"? 1,770.00","? 5,310.00",Credit Card,C01125
T009815,21-06-2025,Printer,Electronics,West,Online,1,"? 20,834.00","? 20,834.00",Credit Card,C01256
T009816,24-12-2025,Gaming Chair,Furniture,East,Online,1,"? 12,250.00","? 12,250.00",UPI,C01742
T009817,16-02-2025,Keyboard,Accessories,West,Online,5,"? 4,071.00","? 20,355.00",Cash,C02380
T009818,04-04-2025,Gaming Chair,Furniture,West,Online,4,"? 8,157.00","? 32,628.00",Net Banking,C01272
T009819,17-02-2025,Tablet,Electronics,West,Online,5,"? 26,032.00","? 1,30,160.00",Cash,C01186
T009820,28-08-2025,Laptop,Electronics,North,Online,4,"? 53,318.00","? 2,13,272.00",Cash,C01796
T009821,13-12-2025,Speaker,Accessories,East,Online,4,"? 8,211.00","? 32,844.00",Net Banking,C02027
T009822,01-08-2025,Camera,Electronics,East,Offline,5,"? 79,690.00","? 3,98,450.00",Cash,C00746
T009823,06-12-2025,Camera,Electronics,North,Online,3,"? 88,148.00","? 2,64,444.00",Cash,C00416
T009824,20-11-2025,Router,Networking,East,Online,2,"? 6,062.00","? 12,124.00",Cash,C00570
T009825,19-05-2025,Smartwatch,Accessories,North,Online,4,"? 14,020.00","? 56,080.00",UPI,C00150
T009826,24-07-2025,Camera,Electronics,West,Offline,1,"? 50,247.00","? 50,247.00",Cash,C02067
T009827,14-03-2025,Camera,Electronics,East,Offline,5,"? 20,443.00","? 1,02,215.00",UPI,C00020
T009828,04-01-2025,Tablet,Electronics,West,Online,3,"? 48,741.00","? 1,46,223.00",Cash,C02404
T009829,17-03-2025,Monitor,Electronics,South,Offline,4,"? 25,288.00","? 1,01,152.00",Cash,C01970
T009830,25-11-2025,Camera,Electronics,West,Online,3,"? 22,910.00","? 68,730.00",UPI,C00788
T009831,18-03-2025,Webcam,Accessories,East,Offline,5,"? 3,301.00","? 16,505.00",Cash,C02349
T009832,31-10-2025,Laptop,Electronics,West,Online,1,"? 67,309.00","? 67,309.00",Credit Card,C01880
T009833,13-09-2025,Speaker,Accessories,West,Online,4,"? 13,413.00","? 53,652.00",UPI,C01263
T009834,12-04-2025,Smartphone,Electronics,North,Online,4,"? 29,265.00","? 1,17,060.00",Net Banking,C00031
T009835,16-04-2025,Tablet,Electronics,East,Online,3,"? 38,963.00","? 1,16,889.00",UPI,C01582
T009836,29-11-2025,Tablet,Electronics,West,Offline,5,"? 39,905.00","? 1,99,525.00",Cash,C00903
T009837,08-02-2025,Power Bank,Accessories,North,Offline,2,"? 1,551.00","? 3,102.00",Net Banking,C00817
T009838,10-11-2025,Monitor,Electronics,East,Online,4,"? 17,426.00","? 69,704.00",Cash,C00407
T009839,02-10-2025,Smartwatch,Accessories,South,Online,1,"? 4,922.00","? 4,922.00",Net Banking,C00989
T009840,29-03-2025,Monitor,Electronics,West,Online,4,"? 33,238.00","? 1,32,952.00",Credit Card,C02143
T009841,30-07-2025,Speaker,Accessories,West,Online,4,"? 9,055.00","? 36,220.00",Net Banking,C01133
T009842,18-03-2025,Gaming Chair,Furniture,West,Offline,2,"? 17,776.00","? 35,552.00",Credit Card,C00159
T009843,18-03-2025,Webcam,Accessories,West,Online,2,"? 2,419.00","? 4,838.00",UPI,C02095
T009844,28-01-2025,Webcam,Accessories,West,Online,5,"? 6,504.00","? 32,520.00",UPI,C02404
T009845,02-09-2025,Speaker,Accessories,South,Offline,4,"? 5,719.00","? 22,876.00",UPI,C01554
T009846,07-03-2025,Keyboard,Accessories,South,Online,4,? 767.00,"? 3,068.00",UPI,C00202
T009847,23-09-2025,Webcam,Accessories,East,Online,3,"? 6,070.00","? 18,210.00",Cash,C01287
T009848,24-07-2025,Power Bank,Accessories,East,Online,3,"? 2,566.00","? 7,698.00",Credit Card,C01042
T009849,27-02-2025,Smartphone,Electronics,North,Online,1,"? 20,575.00","? 20,575.00",Cash,C01033
T009850,20-07-2025,Speaker,Accessories,North,Online,1,"? 3,453.00","? 3,453.00",UPI,C00875
T009851,13-08-2025,Headphones,Accessories,North,Online,3,"? 3,568.00","? 10,704.00",UPI,C01342
T009852,22-05-2025,Printer,Electronics,South,Offline,1,"? 13,945.00","? 13,945.00",Credit Card,C01920
T009853,25-03-2025,Headphones,Accessories,East,Offline,4,"? 4,708.00","? 18,832.00",Credit Card,C00040
T009854,23-05-2025,Smartwatch,Accessories,East,Offline,2,"? 16,194.00","? 32,388.00",Cash,C01497
T009855,18-12-2025,Smartwatch,Accessories,South,Offline,4,"? 12,863.00","? 51,452.00",UPI,C00613
T009856,02-02-2025,Camera,Electronics,East,Online,3,"? 52,309.00","? 1,56,927.00",Net Banking,C00058
T009857,01-06-2025,Monitor,Electronics,West,Online,5,"? 30,954.00","? 1,54,770.00",Credit Card,C01733
T009858,07-06-2025,Keyboard,Accessories,East,Offline,5,"? 1,142.00","? 5,710.00",Net Banking,C02398
T009859,21-05-2025,Camera,Electronics,East,Online,3,"? 53,368.00","? 1,60,104.00",Net Banking,C01299
T009860,08-09-2025,Mouse,Accessories,West,Online,4,"? 1,874.00","? 7,496.00",Credit Card,C01742
T009861,30-10-2025,Keyboard,Accessories,North,Online,1,"? 4,088.00","? 4,088.00",Cash,C02334
T009862,22-04-2025,Gaming Chair,Furniture,North,Offline,1,"? 28,966.00","? 28,966.00",UPI,C02093
T009863,24-05-2025,Gaming Chair,Furniture,North,Online,5,"? 24,037.00","? 1,20,185.00",UPI,C00974
T009864,28-07-2025,Gaming Chair,Furniture,South,Online,3,"? 10,786.00","? 32,358.00",UPI,C02463
T009865,12-08-2025,Smartwatch,Accessories,West,Online,3,"? 17,231.00","? 51,693.00",Cash,C02084
T009866,12-02-2025,Webcam,Accessories,West,Offline,2,"? 3,552.00","? 7,104.00",Credit Card,C00935
T009867,21-09-2025,Smartwatch,Accessories,South,Online,5,"? 2,631.00","? 13,155.00",Credit Card,C01330
T009868,01-09-2025,Tablet,Electronics,West,Online,3,"? 13,442.00","? 40,326.00",Credit Card,C01886
T009869,03-01-2025,Mouse,Accessories,East,Offline,2,"? 2,154.00","? 4,308.00",UPI,C02086
T009870,05-05-2025,Router,Networking,North,Offline,1,"? 4,533.00","? 4,533.00",Credit Card,C02287
T009871,25-09-2025,Camera,Electronics,West,Online,5,"? 85,525.00","? 4,27,625.00",UPI,C01873
T009872,25-03-2025,Smartwatch,Accessories,West,Online,5,"? 2,025.00","? 10,125.00",Cash,C01610
T009873,16-01-2025,Mouse,Accessories,North,Offline,3,"? 2,609.00","? 7,827.00",Cash,C00784
T009874,30-11-2025,Webcam,Accessories,South,Offline,3,"? 8,797.00","? 26,391.00",Net Banking,C01483
T009875,28-02-2025,Smartphone,Electronics,North,Online,4,"? 62,636.00","? 2,50,544.00",Credit Card,C02215
T009876,26-06-2025,Printer,Electronics,South,Online,1,"? 12,553.00","? 12,553.00",Credit Card,C01237
T009877,04-03-2025,Monitor,Electronics,South,Online,1,"? 13,759.00","? 13,759.00",Net Banking,C00732
T009878,18-02-2025,Webcam,Accessories,East,Offline,2,"? 9,255.00","? 18,510.00",Cash,C01016
T009879,03-11-2025,Smartwatch,Accessories,North,Offline,2,"? 15,384.00","? 30,768.00",Credit Card,C01687
T009880,03-09-2025,Smartphone,Electronics,West,Online,4,"? 44,928.00","? 1,79,712.00",Credit Card,C02369
T009881,16-10-2025,Keyboard,Accessories,South,Online,1,"? 3,602.00","? 3,602.00",Net Banking,C00957
T009882,13-10-2025,Monitor,Electronics,East,Offline,2,"? 9,129.00","? 18,258.00",UPI,C01206
T009883,28-11-2025,Mouse,Accessories,North,Offline,1,"? 1,300.00","? 1,300.00",Credit Card,C01677
T009884,15-01-2025,Monitor,Electronics,South,Offline,1,"? 20,296.00","? 20,296.00",Net Banking,C00968
T009885,04-12-2025,Headphones,Accessories,East,Offline,2,"? 5,145.00","? 10,290.00",Cash,C01107
T009886,12-09-2025,Gaming Chair,Furniture,West,Online,3,"? 13,641.00","? 40,923.00",Net Banking,C00664
T009887,02-04-2025,Tablet,Electronics,South,Online,3,"? 42,368.00","? 1,27,104.00",Credit Card,C02152
T009888,06-10-2025,Mouse,Accessories,South,Offline,2,? 841.00,"? 1,682.00",Cash,C01659
T009889,25-07-2025,Smartphone,Electronics,West,Online,4,"? 61,669.00","? 2,46,676.00",Credit Card,C01753
T009890,04-04-2025,Gaming Chair,Furniture,West,Online,5,"? 22,371.00","? 1,11,855.00",Cash,C00875
T009891,13-08-2025,Smartwatch,Accessories,West,Online,1,"? 9,369.00","? 9,369.00",Credit Card,C00282
T009892,28-10-2025,Router,Networking,South,Offline,5,"? 5,395.00","? 26,975.00",Cash,C01962
T009893,14-11-2025,Mouse,Accessories,East,Online,2,"? 2,565.00","? 5,130.00",Credit Card,C02493
T009894,18-07-2025,Laptop,Electronics,East,Online,1,"? 54,797.00","? 54,797.00",Credit Card,C00067
T009895,28-09-2025,Headphones,Accessories,West,Offline,5,"? 2,828.00","? 14,140.00",Net Banking,C01678
T009896,22-08-2025,Webcam,Accessories,East,Offline,3,"? 2,059.00","? 6,177.00",Credit Card,C00448
T009897,15-02-2025,Smartphone,Electronics,West,Offline,4,"? 57,838.00","? 2,31,352.00",Cash,C02336
T009898,05-03-2025,Keyboard,Accessories,West,Online,5,"? 2,955.00","? 14,775.00",UPI,C01212
T009899,18-08-2025,Power Bank,Accessories,North,Online,4,"? 1,884.00","? 7,536.00",UPI,C00613
T009900,06-09-2025,Laptop,Electronics,East,Online,3,"? 74,814.00","? 2,24,442.00",UPI,C02453
T009901,03-09-2025,Mouse,Accessories,South,Offline,5,"? 2,495.00","? 12,475.00",UPI,C02410
T009902,16-03-2025,Tablet,Electronics,North,Online,2,"? 19,663.00","? 39,326.00",Net Banking,C00579
T009903,06-06-2025,Power Bank,Accessories,West,Offline,1,"? 2,845.00","? 2,845.00",UPI,C00724
T009904,11-08-2025,Laptop,Electronics,North,Online,3,"? 65,784.00","? 1,97,352.00",UPI,C02050
T009905,09-07-2025,Webcam,Accessories,West,Online,4,"? 6,112.00","? 24,448.00",Cash,C01153
T009906,21-02-2025,Monitor,Electronics,West,Online,4,"? 11,683.00","? 46,732.00",UPI,C01943
T009907,29-03-2025,Mouse,Accessories,West,Offline,3,? 604.00,"? 1,812.00",Cash,C02224
T009908,09-11-2025,Smartphone,Electronics,East,Offline,2,"? 22,347.00","? 44,694.00",Credit Card,C01817
T009909,05-12-2025,Mouse,Accessories,West,Offline,2,"? 2,537.00","? 5,074.00",Cash,C00090
T009910,07-03-2025,Tablet,Electronics,West,Online,4,"? 33,027.00","? 1,32,108.00",Cash,C01913
T009911,30-05-2025,Webcam,Accessories,East,Offline,3,"? 2,713.00","? 8,139.00",Cash,C01859
T009912,20-01-2025,Router,Networking,East,Offline,3,"? 7,380.00","? 22,140.00",Cash,C01119
T009913,02-02-2025,Printer,Electronics,West,Online,1,"? 18,026.00","? 18,026.00",Credit Card,C01627
T009914,24-11-2025,Monitor,Electronics,East,Offline,4,"? 11,091.00","? 44,364.00",Cash,C00943
T009915,08-10-2025,Smartwatch,Accessories,South,Online,2,"? 19,766.00","? 39,532.00",Net Banking,C01399
T009916,15-02-2025,Mouse,Accessories,South,Offline,5,"? 2,157.00","? 10,785.00",Cash,C01083
T009917,14-03-2025,Tablet,Electronics,West,Offline,2,"? 41,041.00","? 82,082.00",Credit Card,C01967
T009918,20-12-2025,Laptop,Electronics,North,Online,2,"? 80,987.00","? 1,61,974.00",Cash,C00742
T009919,09-11-2025,Laptop,Electronics,East,Online,5,"? 53,498.00","? 2,67,490.00",Net Banking,C02102
T009920,09-12-2025,Webcam,Accessories,North,Online,4,"? 9,987.00","? 39,948.00",Net Banking,C01583
T009921,13-05-2025,Speaker,Accessories,South,Online,1,"? 7,006.00","? 7,006.00",Net Banking,C02257
T009922,24-02-2025,Smartphone,Electronics,West,Online,2,"? 39,839.00","? 79,678.00",Credit Card,C02166
T009923,02-03-2025,Monitor,Electronics,South,Offline,2,"? 10,137.00","? 20,274.00",Cash,C00217
T009924,11-12-2025,Laptop,Electronics,East,Online,4,"? 65,946.00","? 2,63,784.00",Net Banking,C01178
T009925,08-01-2025,Speaker,Accessories,East,Online,4,"? 9,624.00","? 38,496.00",Cash,C01329
T009926,29-09-2025,Power Bank,Accessories,West,Offline,3,"? 4,665.00","? 13,995.00",Credit Card,C00878
T009927,03-09-2025,Smartwatch,Accessories,East,Online,4,"? 7,460.00","? 29,840.00",Credit Card,C01927
T009928,25-06-2025,Printer,Electronics,East,Offline,4,"? 27,832.00","? 1,11,328.00",Net Banking,C01182
T009929,26-04-2025,Power Bank,Accessories,East,Online,2,"? 3,346.00","? 6,692.00",Cash,C01633
T009930,13-11-2025,Printer,Electronics,North,Offline,1,"? 10,929.00","? 10,929.00",Net Banking,C02201
T009931,28-09-2025,Smartphone,Electronics,West,Online,2,"? 27,722.00","? 55,444.00",Credit Card,C00793
T009932,12-07-2025,Mouse,Accessories,West,Offline,4,? 518.00,"? 2,072.00",UPI,C00923
T009933,30-05-2025,Speaker,Accessories,West,Offline,3,"? 8,714.00","? 26,142.00",Credit Card,C00035
T009934,11-05-2025,Laptop,Electronics,East,Offline,1,"? 81,911.00","? 81,911.00",Credit Card,C02155
T009935,12-04-2025,Tablet,Electronics,East,Online,3,"? 23,310.00","? 69,930.00",UPI,C01362
T009936,06-11-2025,Keyboard,Accessories,East,Online,5,"? 3,095.00","? 15,475.00",Cash,C02318
T009937,27-09-2025,Printer,Electronics,West,Offline,3,"? 20,874.00","? 62,622.00",UPI,C01699
T009938,19-10-2025,Camera,Electronics,North,Online,3,"? 47,943.00","? 1,43,829.00",Net Banking,C01570
T009939,29-07-2025,Smartphone,Electronics,South,Online,4,"? 46,917.00","? 1,87,668.00",Credit Card,C02472
T009940,27-12-2025,Mouse,Accessories,West,Online,4,"? 1,818.00","? 7,272.00",Credit Card,C02236
T009941,04-12-2025,Webcam,Accessories,West,Online,4,"? 3,202.00","? 12,808.00",UPI,C00269
T009942,08-03-2025,Headphones,Accessories,North,Online,4,"? 9,721.00","? 38,884.00",Net Banking,C02308
T009943,10-01-2025,Smartphone,Electronics,South,Online,4,"? 35,058.00","? 1,40,232.00",UPI,C01933
T009944,18-02-2025,Tablet,Electronics,South,Online,3,"? 24,537.00","? 73,611.00",Cash,C01072
T009945,21-04-2025,Keyboard,Accessories,East,Online,5,"? 4,767.00","? 23,835.00",UPI,C00108
T009946,17-11-2025,Camera,Electronics,South,Online,4,"? 40,635.00","? 1,62,540.00",Credit Card,C01373
T009947,07-08-2025,Printer,Electronics,East,Offline,5,"? 6,013.00","? 30,065.00",Credit Card,C00579
T009948,26-02-2025,Monitor,Electronics,West,Offline,5,"? 31,571.00","? 1,57,855.00",UPI,C00515
T009949,10-10-2025,Camera,Electronics,North,Online,2,"? 71,955.00","? 1,43,910.00",UPI,C00908
T009950,23-04-2025,Gaming Chair,Furniture,West,Offline,2,"? 25,272.00","? 50,544.00",Cash,C02172
T009951,13-05-2025,Speaker,Accessories,South,Offline,1,"? 13,220.00","? 13,220.00",UPI,C01220
T009952,12-03-2025,Printer,Electronics,West,Offline,2,"? 15,388.00","? 30,776.00",Cash,C01056
T009953,24-03-2025,Headphones,Accessories,North,Offline,4,"? 5,540.00","? 22,160.00",Cash,C01609
T009954,26-02-2025,Power Bank,Accessories,North,Online,5,"? 2,969.00","? 14,845.00",Net Banking,C02325
T009955,15-12-2025,Headphones,Accessories,East,Offline,1,"? 11,423.00","? 11,423.00",Cash,C01283
T009956,28-09-2025,Webcam,Accessories,West,Offline,2,"? 5,151.00","? 10,302.00",Credit Card,C01255
T009957,21-04-2025,Printer,Electronics,North,Online,3,"? 14,017.00","? 42,051.00",UPI,C00293
T009958,23-12-2025,Monitor,Electronics,North,Offline,1,"? 18,910.00","? 18,910.00",UPI,C02284
T009959,17-03-2025,Power Bank,Accessories,North,Online,4,? 848.00,"? 3,392.00",UPI,C00545
T009960,07-06-2025,Webcam,Accessories,North,Online,5,"? 1,680.00","? 8,400.00",Net Banking,C01712
T009961,20-01-2025,Smartphone,Electronics,South,Online,4,"? 68,030.00","? 2,72,120.00",Credit Card,C00645
T009962,11-05-2025,Monitor,Electronics,West,Offline,4,"? 33,993.00","? 1,35,972.00",Cash,C01228
T009963,25-11-2025,Laptop,Electronics,West,Offline,3,"? 86,232.00","? 2,58,696.00",UPI,C01552
T009964,02-05-2025,Printer,Electronics,West,Online,3,"? 17,611.00","? 52,833.00",Cash,C00859
T009965,10-02-2025,Printer,Electronics,South,Online,5,"? 22,913.00","? 1,14,565.00",UPI,C00585
T009966,16-06-2025,Router,Networking,South,Online,2,"? 7,271.00","? 14,542.00",UPI,C02043
T009967,10-05-2025,Webcam,Accessories,North,Online,4,"? 6,179.00","? 24,716.00",UPI,C02233
T009968,23-01-2025,Monitor,Electronics,South,Offline,2,"? 22,806.00","? 45,612.00",UPI,C01593
T009969,06-10-2025,Speaker,Accessories,East,Offline,5,"? 9,440.00","? 47,200.00",Credit Card,C01387
T009970,08-09-2025,Smartwatch,Accessories,South,Offline,4,"? 3,286.00","? 13,144.00",UPI,C02134
T009971,09-01-2025,Smartwatch,Accessories,North,Offline,2,"? 4,190.00","? 8,380.00",UPI,C00833
T009972,13-01-2025,Router,Networking,West,Offline,4,"? 2,206.00","? 8,824.00",UPI,C00195
T009973,03-11-2025,Tablet,Electronics,South,Online,3,"? 34,869.00","? 1,04,607.00",Cash,C02053
T009974,16-11-2025,Smartwatch,Accessories,West,Online,3,"? 19,945.00","? 59,835.00",Cash,C00406
T009975,21-02-2025,Headphones,Accessories,West,Online,1,"? 6,628.00","? 6,628.00",Credit Card,C00175
T009976,28-07-2025,Laptop,Electronics,East,Online,5,"? 79,093.00","? 3,95,465.00",Net Banking,C01969
T009977,07-02-2025,Printer,Electronics,East,Offline,2,"? 19,882.00","? 39,764.00",Cash,C01156
T009978,10-04-2025,Webcam,Accessories,South,Online,4,"? 4,111.00","? 16,444.00",UPI,C01942
T009979,12-07-2025,Camera,Electronics,West,Offline,1,"? 86,196.00","? 86,196.00",Credit Card,C00600
T009980,10-07-2025,Gaming Chair,Furniture,North,Online,5,"? 23,248.00","? 1,16,240.00",UPI,C00110
T009981,20-02-2025,Headphones,Accessories,West,Offline,5,"? 4,178.00","? 20,890.00",Credit Card,C01477
T009982,21-05-2025,Tablet,Electronics,West,Online,5,"? 13,389.00","? 66,945.00",Net Banking,C00228
T009983,17-06-2025,Keyboard,Accessories,East,Online,2,"? 2,806.00","? 5,612.00",Net Banking,C00744
T009984,07-11-2025,Laptop,Electronics,East,Offline,3,"? 85,831.00","? 2,57,493.00",Credit Card,C00747
T009985,19-04-2025,Smartwatch,Accessories,East,Offline,1,"? 4,840.00","? 4,840.00",UPI,C01292
T009986,26-07-2025,Webcam,Accessories,East,Offline,2,"? 7,809.00","? 15,618.00",UPI,C00659
T009987,27-10-2025,Mouse,Accessories,South,Offline,4,"? 2,358.00","? 9,432.00",UPI,C01365
T009988,20-04-2025,Smartphone,Electronics,South,Online,2,"? 41,627.00","? 83,254.00",UPI,C02353
T009989,15-07-2025,Camera,Electronics,West,Online,4,"? 26,146.00","? 1,04,584.00",Net Banking,C00368
T009990,01-06-2025,Printer,Electronics,South,Offline,4,"? 28,945.00","? 1,15,780.00",Cash,C00572
T009991,31-08-2025,Power Bank,Accessories,North,Online,5,"? 3,209.00","? 16,045.00",Credit Card,C00775
T009992,08-05-2025,Webcam,Accessories,West,Offline,2,"? 2,038.00","? 4,076.00",UPI,C00810
T009993,15-04-2025,Keyboard,Accessories,West,Online,3,"? 3,627.00","? 10,881.00",UPI,C02233
T009994,10-01-2025,Smartphone,Electronics,North,Online,4,"? 66,545.00","? 2,66,180.00",Credit Card,C00784
T009995,22-12-2025,Monitor,Electronics,West,Online,5,"? 33,306.00","? 1,66,530.00",Credit Card,C01651
T009996,28-05-2025,Monitor,Electronics,North,Offline,3,"? 25,280.00","? 75,840.00",UPI,C01446
T009997,31-12-2025,Laptop,Electronics,East,Offline,2,"? 73,251.00","? 1,46,502.00",UPI,C00300
T009998,30-12-2025,Power Bank,Accessories,East,Offline,3,"? 3,168.00","? 9,504.00",Credit Card,C01280
T009999,20-05-2025,Laptop,Electronics,East,Online,2,"? 63,322.00","? 1,26,644.00",Net Banking,C02282
T010000,09-07-2025,Laptop,Electronics,North,Online,4,"? 57,747.00","? 2,30,988.00",Credit Card,C02291
